symbol,date,open,high,low,close,volume,adjclose,dividends,splits
FSFG,2017-01-03,15.786666870117188,15.786666870117188,14.930000305175781,15.166666984558105,3900,13.92349624633789,0.0,0.0
FSFG,2017-01-04,15.173333168029785,15.173333168029785,15.083333015441895,15.116666793823242,17400,13.877596855163574,0.0,0.0
FSFG,2017-01-05,15.333333015441895,15.333333015441895,14.833333015441895,14.833333015441895,2400,13.617486000061035,0.0,0.0
FSFG,2017-01-06,14.833333015441895,14.833333015441895,14.833333015441895,14.833333015441895,0,13.617486000061035,0.0,0.0
FSFG,2017-01-09,14.883333206176758,14.883333206176758,14.859999656677246,14.876667022705078,3900,13.657267570495605,0.0,0.0
FSFG,2017-01-10,14.866666793823242,14.91333293914795,14.816666603088379,14.816666603088379,6300,13.60218620300293,0.0,0.0
FSFG,2017-01-11,14.8100004196167,14.8100004196167,14.716667175292969,14.729999542236328,5700,13.522623062133789,0.0,0.0
FSFG,2017-01-12,14.716667175292969,14.716667175292969,14.699999809265137,14.699999809265137,14400,13.495084762573242,0.0,0.0
FSFG,2017-01-13,14.816666603088379,15.020000457763672,14.703332901000977,15.020000457763672,11100,13.788853645324707,0.0,0.0
FSFG,2017-01-17,15.15999984741211,15.15999984741211,15.073332786560059,15.073332786560059,900,13.837812423706055,0.0,0.0
FSFG,2017-01-18,15.073332786560059,15.073332786560059,15.073332786560059,15.073332786560059,0,13.837812423706055,0.0,0.0
FSFG,2017-01-19,15.073332786560059,15.073332786560059,15.073332786560059,15.073332786560059,0,13.837812423706055,0.0,0.0
FSFG,2017-01-20,15.053333282470703,15.053333282470703,15.053333282470703,15.053333282470703,900,13.819453239440918,0.0,0.0
FSFG,2017-01-23,15.050000190734863,15.050000190734863,15.050000190734863,15.050000190734863,600,13.81639289855957,0.0,0.0
FSFG,2017-01-24,15.050000190734863,15.050000190734863,15.050000190734863,15.050000190734863,0,13.81639289855957,0.0,0.0
FSFG,2017-01-25,14.903332710266113,14.903332710266113,14.883333206176758,14.883333206176758,1500,13.663387298583984,0.0,0.0
FSFG,2017-01-26,14.699999809265137,14.866666793823242,14.699999809265137,14.816666603088379,7200,13.60218620300293,0.0,0.0
FSFG,2017-01-27,14.736666679382324,14.736666679382324,14.699999809265137,14.736666679382324,9600,13.528743743896484,0.0,0.0
FSFG,2017-01-30,14.800000190734863,14.800000190734863,14.699999809265137,14.710000038146973,21000,13.504261016845703,0.0,0.0
FSFG,2017-01-31,14.766667366027832,14.766667366027832,14.723333358764648,14.723333358764648,5400,13.516502380371094,0.0,0.0
FSFG,2017-02-01,14.716667175292969,14.819999694824219,14.716667175292969,14.75,8100,13.540983200073242,0.0,0.0
FSFG,2017-02-02,14.829999923706055,14.829999923706055,14.829999923706055,14.829999923706055,900,13.614425659179688,0.0,0.0
FSFG,2017-02-03,14.75,14.866666793823242,14.75,14.863332748413086,4500,13.645028114318848,0.0,0.0
FSFG,2017-02-06,14.903332710266113,15.029999732971191,14.899999618530273,15.029999732971191,3300,13.798032760620117,0.0,0.0
FSFG,2017-02-07,15.0,15.16333293914795,15.0,15.15999984741211,4200,13.917376518249512,0.0,0.0
FSFG,2017-02-08,15.303333282470703,15.329999923706055,15.24666690826416,15.25,2700,14.000000953674316,0.0,0.0
FSFG,2017-02-09,15.25,15.25,15.25,15.25,900,14.000000953674316,0.0,0.0
FSFG,2017-02-10,15.333333015441895,15.65999984741211,15.333333015441895,15.65999984741211,1200,14.37639331817627,0.0,0.0
FSFG,2017-02-13,15.646666526794434,15.899999618530273,15.646666526794434,15.899999618530273,5100,14.596720695495605,0.0,0.0
FSFG,2017-02-14,15.949999809265137,15.963333129882812,15.816666603088379,15.933333396911621,23700,14.6273193359375,0.0,0.0
FSFG,2017-02-15,15.903332710266113,16.079999923706055,15.903332710266113,16.079999923706055,15900,14.761966705322266,0.0,0.0
FSFG,2017-02-16,16.03333282470703,16.113332748413086,16.03333282470703,16.113332748413086,3000,14.79256820678711,0.0,0.0
FSFG,2017-02-17,16.116666793823242,16.666667938232422,16.100000381469727,16.28333282470703,14400,14.94863510131836,0.0,0.0
FSFG,2017-02-21,16.100000381469727,16.333332061767578,16.100000381469727,16.166667938232422,5700,14.841531753540039,0.0,0.0
FSFG,2017-02-22,16.149999618530273,16.666667938232422,16.149999618530273,16.200000762939453,5700,14.87213134765625,0.0,0.0
FSFG,2017-02-23,16.203332901000977,16.293333053588867,16.166667938232422,16.200000762939453,7800,14.87213134765625,0.0,0.0
FSFG,2017-02-24,16.200000762939453,16.200000762939453,16.200000762939453,16.200000762939453,0,14.87213134765625,0.0,0.0
FSFG,2017-02-27,16.196666717529297,16.200000762939453,16.196666717529297,16.200000762939453,1200,14.87213134765625,0.0,0.0
FSFG,2017-02-28,16.200000762939453,16.200000762939453,16.200000762939453,16.200000762939453,0,14.87213134765625,0.0,0.0
FSFG,2017-03-01,16.329999923706055,16.329999923706055,16.200000762939453,16.200000762939453,2700,14.915099143981934,0.046667,0.0
FSFG,2017-03-02,16.200000762939453,16.200000762939453,16.200000762939453,16.200000762939453,0,14.915099143981934,0.0,0.0
FSFG,2017-03-03,16.666667938232422,16.666667938232422,16.059999465942383,16.059999465942383,600,14.786198616027832,0.0,0.0
FSFG,2017-03-06,16.053333282470703,16.053333282470703,16.053333282470703,16.053333282470703,2100,14.78006362915039,0.0,0.0
FSFG,2017-03-07,16.100000381469727,16.100000381469727,16.093332290649414,16.100000381469727,4800,14.823028564453125,0.0,0.0
FSFG,2017-03-08,16.25,16.25,16.053333282470703,16.07666778564453,5100,14.801547050476074,0.0,0.0
FSFG,2017-03-09,16.07666778564453,16.07666778564453,16.07666778564453,16.07666778564453,0,14.801547050476074,0.0,0.0
FSFG,2017-03-10,16.06333351135254,16.166667938232422,16.053333282470703,16.166667938232422,3000,14.884411811828613,0.0,0.0
FSFG,2017-03-13,16.166667938232422,16.166667938232422,16.166667938232422,16.166667938232422,0,14.884411811828613,0.0,0.0
FSFG,2017-03-14,16.100000381469727,16.100000381469727,15.993332862854004,16.0,10800,14.73095989227295,0.0,0.0
FSFG,2017-03-15,15.903332710266113,15.960000038146973,15.833333015441895,15.960000038146973,13200,14.694132804870605,0.0,0.0
FSFG,2017-03-16,16.036666870117188,16.036666870117188,16.036666870117188,16.036666870117188,10800,14.76471996307373,0.0,0.0
FSFG,2017-03-17,15.90666675567627,16.22333335876465,15.90666675567627,16.22333335876465,12300,14.936582565307617,0.0,0.0
FSFG,2017-03-20,16.093332290649414,16.623332977294922,16.093332290649414,16.566667556762695,12900,15.252686500549316,0.0,0.0
FSFG,2017-03-21,16.066667556762695,16.666667938232422,16.0,16.666667938232422,6000,15.344751358032227,0.0,0.0
FSFG,2017-03-22,16.666667938232422,16.90999984741211,16.666667938232422,16.666667938232422,6000,15.344751358032227,0.0,0.0
FSFG,2017-03-23,16.053333282470703,16.053333282470703,16.053333282470703,16.053333282470703,600,14.78006362915039,0.0,0.0
FSFG,2017-03-24,16.133333206176758,16.46666717529297,16.133333206176758,16.383333206176758,10500,15.08388900756836,0.0,0.0
FSFG,2017-03-27,16.3799991607666,16.3799991607666,16.226667404174805,16.233333587646484,3000,14.94578742980957,0.0,0.0
FSFG,2017-03-28,16.24333381652832,16.24333381652832,16.24333381652832,16.24333381652832,900,14.954991340637207,0.0,0.0
FSFG,2017-03-29,16.246667861938477,16.246667861938477,16.07666778564453,16.07666778564453,1200,14.801547050476074,0.0,0.0
FSFG,2017-03-30,16.59666633605957,16.59666633605957,16.09000015258789,16.350000381469727,2100,15.053201675415039,0.0,0.0
FSFG,2017-03-31,16.239999771118164,16.239999771118164,16.239999771118164,16.239999771118164,600,14.951923370361328,0.0,0.0
FSFG,2017-04-03,16.600000381469727,16.600000381469727,16.06999969482422,16.123332977294922,3000,14.844511985778809,0.0,0.0
FSFG,2017-04-04,16.100000381469727,16.113332748413086,16.09666633605957,16.09666633605957,8100,14.819958686828613,0.0,0.0
FSFG,2017-04-05,16.09666633605957,16.09666633605957,16.09666633605957,16.09666633605957,0,14.819958686828613,0.0,0.0
FSFG,2017-04-06,16.09666633605957,16.09666633605957,16.09666633605957,16.09666633605957,0,14.819958686828613,0.0,0.0
FSFG,2017-04-07,16.09666633605957,16.09666633605957,16.09666633605957,16.09666633605957,0,14.819958686828613,0.0,0.0
FSFG,2017-04-10,16.46666717529297,16.46666717529297,16.446666717529297,16.456666946411133,5100,15.151405334472656,0.0,0.0
FSFG,2017-04-11,16.456666946411133,16.456666946411133,16.456666946411133,16.456666946411133,0,15.151405334472656,0.0,0.0
FSFG,2017-04-12,16.456666946411133,16.456666946411133,16.456666946411133,16.456666946411133,0,15.151405334472656,0.0,0.0
FSFG,2017-04-13,16.5,16.5,16.053333282470703,16.053333282470703,1800,14.78006362915039,0.0,0.0
FSFG,2017-04-17,16.5,16.5,16.149999618530273,16.450000762939453,3000,15.145267486572266,0.0,0.0
FSFG,2017-04-18,16.450000762939453,16.450000762939453,16.450000762939453,16.450000762939453,600,15.145267486572266,0.0,0.0
FSFG,2017-04-19,16.450000762939453,16.450000762939453,16.450000762939453,16.450000762939453,900,15.145267486572266,0.0,0.0
FSFG,2017-04-20,16.496667861938477,16.496667861938477,16.469999313354492,16.47333335876465,12000,15.166753768920898,0.0,0.0
FSFG,2017-04-21,16.450000762939453,16.450000762939453,16.450000762939453,16.450000762939453,2700,15.145267486572266,0.0,0.0
FSFG,2017-04-24,16.48666763305664,16.48666763305664,16.48666763305664,16.48666763305664,600,15.179030418395996,0.0,0.0
FSFG,2017-04-25,16.496667861938477,16.65333366394043,16.49333381652832,16.65333366394043,11400,15.332474708557129,0.0,0.0
FSFG,2017-04-26,16.65333366394043,16.65333366394043,16.65333366394043,16.65333366394043,0,15.332474708557129,0.0,0.0
FSFG,2017-04-27,16.666667938232422,16.666667938232422,16.489999771118164,16.489999771118164,3300,15.182098388671875,0.0,0.0
FSFG,2017-04-28,16.450000762939453,16.450000762939453,16.450000762939453,16.450000762939453,600,15.145267486572266,0.0,0.0
FSFG,2017-05-01,16.47333335876465,16.47333335876465,16.450000762939453,16.450000762939453,2400,15.145267486572266,0.0,0.0
FSFG,2017-05-02,16.666667938232422,16.666667938232422,16.666667938232422,16.666667938232422,1800,15.344751358032227,0.0,0.0
FSFG,2017-05-03,16.666667938232422,16.666667938232422,16.666667938232422,16.666667938232422,0,15.344751358032227,0.0,0.0
FSFG,2017-05-04,16.666667938232422,16.666667938232422,16.666667938232422,16.666667938232422,0,15.344751358032227,0.0,0.0
FSFG,2017-05-05,16.64666748046875,16.64666748046875,16.64666748046875,16.64666748046875,300,15.326334953308105,0.0,0.0
FSFG,2017-05-08,16.64666748046875,16.64666748046875,16.64666748046875,16.64666748046875,0,15.326334953308105,0.0,0.0
FSFG,2017-05-09,16.469999313354492,16.520000457763672,16.469999313354492,16.5,3600,15.191305160522461,0.0,0.0
FSFG,2017-05-10,16.456666946411133,16.46666717529297,16.453332901000977,16.453332901000977,5400,15.148332595825195,0.0,0.0
FSFG,2017-05-11,16.453332901000977,16.453332901000977,16.453332901000977,16.453332901000977,600,15.148332595825195,0.0,0.0
FSFG,2017-05-12,16.453332901000977,16.453332901000977,16.453332901000977,16.453332901000977,0,15.148332595825195,0.0,0.0
FSFG,2017-05-15,16.453332901000977,16.453332901000977,16.453332901000977,16.453332901000977,0,15.148332595825195,0.0,0.0
FSFG,2017-05-16,16.666667938232422,16.666667938232422,16.666667938232422,16.666667938232422,1200,15.344751358032227,0.0,0.0
FSFG,2017-05-17,16.666667938232422,16.666667938232422,16.666667938232422,16.666667938232422,0,15.344751358032227,0.0,0.0
FSFG,2017-05-18,16.666667938232422,16.666667938232422,16.666667938232422,16.666667938232422,600,15.344751358032227,0.0,0.0
FSFG,2017-05-19,16.666667938232422,16.666667938232422,16.666667938232422,16.666667938232422,0,15.344751358032227,0.0,0.0
FSFG,2017-05-22,16.666667938232422,16.666667938232422,16.666667938232422,16.666667938232422,0,15.344751358032227,0.0,0.0
FSFG,2017-05-23,16.666667938232422,16.666667938232422,16.666667938232422,16.666667938232422,0,15.344751358032227,0.0,0.0
FSFG,2017-05-24,16.666667938232422,16.666667938232422,16.666667938232422,16.666667938232422,0,15.344751358032227,0.0,0.0
FSFG,2017-05-25,16.663333892822266,16.663333892822266,16.663333892822266,16.663333892822266,2400,15.341680526733398,0.0,0.0
FSFG,2017-05-26,16.47333335876465,16.47333335876465,16.47333335876465,16.47333335876465,1200,15.166753768920898,0.0,0.0
FSFG,2017-05-30,16.47333335876465,16.663333892822266,16.47333335876465,16.663333892822266,2700,15.341680526733398,0.0,0.0
FSFG,2017-05-31,16.690000534057617,16.690000534057617,16.690000534057617,16.690000534057617,600,15.40938663482666,0.046667,0.0
FSFG,2017-06-01,16.690000534057617,16.690000534057617,16.690000534057617,16.690000534057617,0,15.40938663482666,0.0,0.0
FSFG,2017-06-02,16.729999542236328,16.729999542236328,16.729999542236328,16.729999542236328,900,15.446316719055176,0.0,0.0
FSFG,2017-06-05,16.729999542236328,16.729999542236328,16.729999542236328,16.729999542236328,0,15.446316719055176,0.0,0.0
FSFG,2017-06-06,16.43666648864746,16.666667938232422,16.43666648864746,16.666667938232422,12000,15.387843132019043,0.0,0.0
FSFG,2017-06-07,16.656667709350586,16.75,16.656667709350586,16.65999984741211,39600,15.381688117980957,0.0,0.0
FSFG,2017-06-08,16.666667938232422,16.709999084472656,16.573333740234375,16.709999084472656,22500,15.427850723266602,0.0,0.0
FSFG,2017-06-09,16.753332138061523,16.753332138061523,16.753332138061523,16.753332138061523,600,15.467862129211426,0.0,0.0
FSFG,2017-06-12,16.860000610351562,17.01333236694336,16.833332061767578,16.833332061767578,6900,15.541725158691406,0.0,0.0
FSFG,2017-06-13,17.07666778564453,17.30666732788086,16.833332061767578,17.30666732788086,15300,15.978744506835938,0.0,0.0
FSFG,2017-06-14,16.833332061767578,17.110000610351562,16.833332061767578,17.110000610351562,3000,15.797163009643555,0.0,0.0
FSFG,2017-06-15,17.0,17.110000610351562,17.0,17.110000610351562,2400,15.797163009643555,0.0,0.0
FSFG,2017-06-16,17.100000381469727,17.333332061767578,17.100000381469727,17.333332061767578,13200,16.003355026245117,0.0,0.0
FSFG,2017-06-19,17.25,17.40999984741211,17.166667938232422,17.406667709350586,6000,16.07106590270996,0.0,0.0
FSFG,2017-06-20,17.40999984741211,17.40999984741211,17.296667098999023,17.329999923706055,12600,16.000282287597656,0.0,0.0
FSFG,2017-06-21,17.333332061767578,17.333332061767578,17.07666778564453,17.32666778564453,9600,15.99720573425293,0.0,0.0
FSFG,2017-06-22,17.333332061767578,17.333332061767578,17.23666763305664,17.23666763305664,4800,15.91411304473877,0.0,0.0
FSFG,2017-06-23,17.166667938232422,17.333332061767578,17.0,17.0,8700,15.695599555969238,0.0,0.0
FSFG,2017-06-26,17.333332061767578,17.333332061767578,17.053333282470703,17.333332061767578,10200,16.003355026245117,0.0,0.0
FSFG,2017-06-27,17.510000228881836,17.510000228881836,17.3700008392334,17.386667251586914,5700,16.052602767944336,0.0,0.0
FSFG,2017-06-28,17.593332290649414,18.0,17.383333206176758,17.866666793823242,12600,16.495763778686523,0.0,0.0
FSFG,2017-06-29,18.0,19.656667709350586,17.920000076293945,18.166667938232422,7800,16.772754669189453,0.0,0.0
FSFG,2017-06-30,18.583332061767578,18.583332061767578,17.333332061767578,17.593332290649414,7500,16.243408203125,0.0,0.0
FSFG,2017-07-03,17.823333740234375,18.040000915527344,17.09000015258789,17.100000381469727,3000,15.787932395935059,0.0,0.0
FSFG,2017-07-05,17.18666648864746,17.18666648864746,17.18666648864746,17.18666648864746,900,15.867947578430176,0.0,0.0
FSFG,2017-07-06,18.5,18.5,17.389999389648438,17.996667861938477,2100,16.61579704284668,0.0,0.0
FSFG,2017-07-07,17.666667938232422,18.0,17.48666763305664,17.666667938232422,7800,16.311115264892578,0.0,0.0
FSFG,2017-07-10,17.666667938232422,17.799999237060547,17.633333206176758,17.633333206176758,4500,16.280338287353516,0.0,0.0
FSFG,2017-07-11,17.553333282470703,17.553333282470703,17.549999237060547,17.549999237060547,2100,16.203401565551758,0.0,0.0
FSFG,2017-07-12,17.96666717529297,18.0,17.543333053588867,17.543333053588867,7800,16.197240829467773,0.0,0.0
FSFG,2017-07-13,17.920000076293945,17.979999542236328,17.583332061767578,17.626667022705078,5400,16.274185180664062,0.0,0.0
FSFG,2017-07-14,17.663333892822266,17.663333892822266,17.663333892822266,17.663333892822266,300,16.308042526245117,0.0,0.0
FSFG,2017-07-17,17.583332061767578,17.583332061767578,17.583332061767578,17.583332061767578,300,16.234174728393555,0.0,0.0
FSFG,2017-07-18,17.633333206176758,17.633333206176758,17.626667022705078,17.626667022705078,900,16.274185180664062,0.0,0.0
FSFG,2017-07-19,17.643333435058594,17.643333435058594,17.583332061767578,17.643333435058594,3600,16.289581298828125,0.0,0.0
FSFG,2017-07-20,17.643333435058594,17.643333435058594,17.643333435058594,17.643333435058594,0,16.289581298828125,0.0,0.0
FSFG,2017-07-21,17.67333221435547,17.67333221435547,17.67333221435547,17.67333221435547,4800,16.31726837158203,0.0,0.0
FSFG,2017-07-24,17.690000534057617,17.8799991607666,17.690000534057617,17.8799991607666,7800,16.50807762145996,0.0,0.0
FSFG,2017-07-25,17.700000762939453,17.833332061767578,17.700000762939453,17.833332061767578,5100,16.464994430541992,0.0,0.0
FSFG,2017-07-26,17.833332061767578,17.85333251953125,17.833332061767578,17.85333251953125,2400,16.483461380004883,0.0,0.0
FSFG,2017-07-27,17.90999984741211,17.90999984741211,17.90999984741211,17.90999984741211,1500,16.53577995300293,0.0,0.0
FSFG,2017-07-28,17.833332061767578,17.84666633605957,17.766666412353516,17.766666412353516,2100,16.403446197509766,0.0,0.0
FSFG,2017-07-31,17.809999465942383,17.809999465942383,17.719999313354492,17.729999542236328,1500,16.36958885192871,0.0,0.0
FSFG,2017-08-01,17.75,17.856666564941406,17.75,17.856666564941406,6000,16.486536026000977,0.0,0.0
FSFG,2017-08-02,17.766666412353516,18.0,17.766666412353516,17.836666107177734,13200,16.46807289123535,0.0,0.0
FSFG,2017-08-03,17.833332061767578,17.850000381469727,17.773332595825195,17.773332595825195,2400,16.40959358215332,0.0,0.0
FSFG,2017-08-04,17.790000915527344,17.790000915527344,17.766666412353516,17.766666412353516,13500,16.403446197509766,0.0,0.0
FSFG,2017-08-07,17.739999771118164,17.739999771118164,17.739999771118164,17.739999771118164,2100,16.378820419311523,0.0,0.0
FSFG,2017-08-08,17.770000457763672,17.833332061767578,17.766666412353516,17.78333282470703,7800,16.41883087158203,0.0,0.0
FSFG,2017-08-09,17.600000381469727,17.600000381469727,17.600000381469727,17.600000381469727,2100,16.249568939208984,0.0,0.0
FSFG,2017-08-10,17.666667938232422,17.703332901000977,17.516666412353516,17.52666664123535,18900,16.181852340698242,0.0,0.0
FSFG,2017-08-11,17.649999618530273,17.75666618347168,17.649999618530273,17.75666618347168,900,16.394208908081055,0.0,0.0
FSFG,2017-08-14,17.69333267211914,17.69333267211914,17.616666793823242,17.666667938232422,11100,16.311115264892578,0.0,0.0
FSFG,2017-08-15,17.600000381469727,17.626667022705078,17.600000381469727,17.616666793823242,5400,16.264951705932617,0.0,0.0
FSFG,2017-08-16,17.663333892822266,17.663333892822266,17.600000381469727,17.600000381469727,6600,16.249568939208984,0.0,0.0
FSFG,2017-08-17,17.600000381469727,17.606666564941406,17.543333053588867,17.549999237060547,6900,16.203401565551758,0.0,0.0
FSFG,2017-08-18,17.536666870117188,17.549999237060547,17.53333282470703,17.549999237060547,5100,16.203401565551758,0.0,0.0
FSFG,2017-08-21,17.549999237060547,17.549999237060547,17.549999237060547,17.549999237060547,0,16.203401565551758,0.0,0.0
FSFG,2017-08-22,17.5,17.5,17.43666648864746,17.46666717529297,2700,16.126461029052734,0.0,0.0
FSFG,2017-08-23,17.463333129882812,17.51333236694336,17.463333129882812,17.51333236694336,3300,16.16954803466797,0.0,0.0
FSFG,2017-08-24,17.543333053588867,17.633333206176758,17.516666412353516,17.633333206176758,4200,16.280338287353516,0.0,0.0
FSFG,2017-08-25,17.633333206176758,17.633333206176758,17.633333206176758,17.633333206176758,2100,16.280338287353516,0.0,0.0
FSFG,2017-08-28,17.566667556762695,17.649999618530273,17.566667556762695,17.600000381469727,3000,16.249568939208984,0.0,0.0
FSFG,2017-08-29,17.616666793823242,17.643333435058594,17.616666793823242,17.633333206176758,4800,16.280338287353516,0.0,0.0
FSFG,2017-08-30,17.633333206176758,17.633333206176758,17.633333206176758,17.633333206176758,0,16.323535919189453,0.046667,0.0
FSFG,2017-08-31,17.600000381469727,17.633333206176758,17.53333282470703,17.53333282470703,3600,16.230966567993164,0.0,0.0
FSFG,2017-09-01,17.666667938232422,17.666667938232422,17.540000915527344,17.540000915527344,1800,16.23714256286621,0.0,0.0
FSFG,2017-09-05,17.53333282470703,17.583332061767578,17.510000228881836,17.583332061767578,5100,16.277252197265625,0.0,0.0
FSFG,2017-09-06,17.503332138061523,17.503332138061523,17.5,17.5,1800,16.20011329650879,0.0,0.0
FSFG,2017-09-07,17.450000762939453,17.489999771118164,17.450000762939453,17.489999771118164,1800,16.190855026245117,0.0,0.0
FSFG,2017-09-08,18.0,18.0,18.0,18.0,2700,16.6629695892334,0.0,0.0
FSFG,2017-09-11,17.663333892822266,17.666667938232422,17.386667251586914,17.549999237060547,3600,16.24639892578125,0.0,0.0
FSFG,2017-09-12,17.50666618347168,17.666667938232422,17.50666618347168,17.666667938232422,1200,16.354398727416992,0.0,0.0
FSFG,2017-09-13,17.566667556762695,17.623332977294922,17.566667556762695,17.623332977294922,3300,16.314287185668945,0.0,0.0
FSFG,2017-09-14,17.56333351135254,17.626667022705078,17.56333351135254,17.626667022705078,1800,16.31736946105957,0.0,0.0
FSFG,2017-09-15,18.373332977294922,18.373332977294922,18.373332977294922,18.373332977294922,1200,17.00857162475586,0.0,0.0
FSFG,2017-09-18,17.92333221435547,18.143333435058594,17.773332595825195,17.833332061767578,30600,16.508686065673828,0.0,0.0
FSFG,2017-09-19,18.023332595825195,18.166667938232422,17.683332443237305,17.96666717529297,11100,16.632112503051758,0.0,0.0
FSFG,2017-09-20,17.916667938232422,18.25,17.916667938232422,18.083332061767578,6000,16.7401180267334,0.0,0.0
FSFG,2017-09-21,18.0,18.083332061767578,18.0,18.079999923706055,3300,16.737030029296875,0.0,0.0
FSFG,2017-09-22,17.979999542236328,18.0,17.850000381469727,17.950000762939453,13500,16.616682052612305,0.0,0.0
FSFG,2017-09-25,17.950000762939453,17.950000762939453,17.950000762939453,17.950000762939453,0,16.616682052612305,0.0,0.0
FSFG,2017-09-26,17.850000381469727,17.850000381469727,17.850000381469727,17.850000381469727,6300,16.52411651611328,0.0,0.0
FSFG,2017-09-27,17.799999237060547,17.799999237060547,17.77666664123535,17.77666664123535,6300,16.456226348876953,0.0,0.0
FSFG,2017-09-28,17.94333267211914,17.946666717529297,17.799999237060547,17.799999237060547,9000,16.477827072143555,0.0,0.0
FSFG,2017-09-29,17.84000015258789,17.899999618530273,17.799999237060547,17.799999237060547,7200,16.477827072143555,0.0,0.0
FSFG,2017-10-02,17.799999237060547,18.083332061767578,17.799999237060547,18.083332061767578,9300,16.7401180267334,0.0,0.0
FSFG,2017-10-03,17.933332443237305,17.933332443237305,17.933332443237305,17.933332443237305,900,16.601255416870117,0.0,0.0
FSFG,2017-10-04,18.260000228881836,18.260000228881836,18.260000228881836,18.260000228881836,1500,16.903656005859375,0.0,0.0
FSFG,2017-10-05,17.950000762939453,17.953332901000977,17.950000762939453,17.953332901000977,1800,16.619768142700195,0.0,0.0
FSFG,2017-10-06,18.066667556762695,18.31999969482422,18.003332138061523,18.156667709350586,5700,16.808002471923828,0.0,0.0
FSFG,2017-10-09,18.066667556762695,18.06999969482422,18.0,18.0,3600,16.6629695892334,0.0,0.0
FSFG,2017-10-10,18.036666870117188,18.163333892822266,18.036666870117188,18.163333892822266,1200,16.814170837402344,0.0,0.0
FSFG,2017-10-11,18.163333892822266,18.163333892822266,18.163333892822266,18.163333892822266,0,16.814170837402344,0.0,0.0
FSFG,2017-10-12,18.329999923706055,18.329999923706055,18.329999923706055,18.329999923706055,1500,16.968460083007812,0.0,0.0
FSFG,2017-10-13,18.233333587646484,18.233333587646484,18.116666793823242,18.1200008392334,6300,16.774059295654297,0.0,0.0
FSFG,2017-10-16,18.1200008392334,18.1200008392334,18.1200008392334,18.1200008392334,0,16.774059295654297,0.0,0.0
FSFG,2017-10-17,18.133333206176758,18.133333206176758,18.133333206176758,18.133333206176758,3900,16.786401748657227,0.0,0.0
FSFG,2017-10-18,18.133333206176758,18.329999923706055,18.133333206176758,18.329999923706055,2700,16.968460083007812,0.0,0.0
FSFG,2017-10-19,18.329999923706055,18.329999923706055,18.329999923706055,18.329999923706055,0,16.968460083007812,0.0,0.0
FSFG,2017-10-20,18.200000762939453,18.329999923706055,18.200000762939453,18.329999923706055,1200,16.968460083007812,0.0,0.0
FSFG,2017-10-23,18.190000534057617,18.190000534057617,18.190000534057617,18.190000534057617,600,16.83885955810547,0.0,0.0
FSFG,2017-10-24,18.21666717529297,18.5,18.21666717529297,18.5,13200,17.12583351135254,0.0,0.0
FSFG,2017-10-25,18.386667251586914,18.386667251586914,18.25666618347168,18.25666618347168,2400,16.90057373046875,0.0,0.0
FSFG,2017-10-26,18.27666664123535,18.299999237060547,18.27666664123535,18.299999237060547,1500,16.940685272216797,0.0,0.0
FSFG,2017-10-27,18.266666412353516,18.266666412353516,18.266666412353516,18.266666412353516,900,16.90983009338379,0.0,0.0
FSFG,2017-10-30,18.373332977294922,18.386667251586914,18.373332977294922,18.386667251586914,1500,17.020915985107422,0.0,0.0
FSFG,2017-10-31,18.3700008392334,18.386667251586914,18.333332061767578,18.383333206176758,8700,17.017831802368164,0.0,0.0
FSFG,2017-11-01,18.386667251586914,19.333332061767578,18.333332061767578,19.333332061767578,3300,17.897268295288086,0.0,0.0
FSFG,2017-11-02,18.57666778564453,18.67333221435547,18.57666778564453,18.60333251953125,2400,17.22148323059082,0.0,0.0
FSFG,2017-11-03,18.6299991607666,18.6299991607666,18.6299991607666,18.6299991607666,3000,17.246171951293945,0.0,0.0
FSFG,2017-11-06,19.32666778564453,19.32666778564453,19.100000381469727,19.100000381469727,600,17.681264877319336,0.0,0.0
FSFG,2017-11-07,19.100000381469727,19.100000381469727,19.100000381469727,19.100000381469727,0,17.681264877319336,0.0,0.0
FSFG,2017-11-08,19.100000381469727,19.100000381469727,19.100000381469727,19.100000381469727,0,17.681264877319336,0.0,0.0
FSFG,2017-11-09,18.700000762939453,18.96666717529297,18.700000762939453,18.96666717529297,5700,17.557836532592773,0.0,0.0
FSFG,2017-11-10,18.913333892822266,18.913333892822266,18.913333892822266,18.913333892822266,900,17.508464813232422,0.0,0.0
FSFG,2017-11-13,18.933332443237305,18.933332443237305,18.926666259765625,18.926666259765625,1500,17.520809173583984,0.0,0.0
FSFG,2017-11-14,18.926666259765625,18.926666259765625,18.926666259765625,18.926666259765625,0,17.520809173583984,0.0,0.0
FSFG,2017-11-15,18.926666259765625,18.926666259765625,18.926666259765625,18.926666259765625,0,17.520809173583984,0.0,0.0
FSFG,2017-11-16,18.92333221435547,18.92333221435547,18.92333221435547,18.92333221435547,900,17.517723083496094,0.0,0.0
FSFG,2017-11-17,18.92333221435547,18.92333221435547,18.92333221435547,18.92333221435547,0,17.517723083496094,0.0,0.0
FSFG,2017-11-20,18.823333740234375,18.946666717529297,18.823333740234375,18.85333251953125,3000,17.452919006347656,0.0,0.0
FSFG,2017-11-21,18.85333251953125,18.85333251953125,18.85333251953125,18.85333251953125,0,17.452919006347656,0.0,0.0
FSFG,2017-11-22,18.899999618530273,18.899999618530273,18.899999618530273,18.899999618530273,6300,17.496116638183594,0.0,0.0
FSFG,2017-11-24,18.899999618530273,18.899999618530273,18.899999618530273,18.899999618530273,0,17.496116638183594,0.0,0.0
FSFG,2017-11-27,18.916667938232422,18.933332443237305,18.916667938232422,18.933332443237305,5400,17.526981353759766,0.0,0.0
FSFG,2017-11-28,19.333332061767578,19.333332061767578,19.07666778564453,19.07666778564453,3900,17.659666061401367,0.0,0.0
FSFG,2017-11-29,18.78333282470703,18.78333282470703,18.78333282470703,18.78333282470703,900,17.388124465942383,0.0,0.0
FSFG,2017-11-30,18.803333282470703,18.81333351135254,18.799999237060547,18.81333351135254,5400,17.45926856994629,0.046667,0.0
FSFG,2017-12-01,18.793333053588867,18.793333053588867,18.793333053588867,18.793333053588867,900,17.440706253051758,0.0,0.0
FSFG,2017-12-04,19.329999923706055,19.329999923706055,18.816667556762695,18.816667556762695,900,17.462364196777344,0.0,0.0
FSFG,2017-12-05,19.0,19.0,18.850000381469727,18.8700008392334,3000,17.51186180114746,0.0,0.0
FSFG,2017-12-06,18.8700008392334,18.8700008392334,18.8700008392334,18.8700008392334,0,17.51186180114746,0.0,0.0
FSFG,2017-12-07,18.920000076293945,19.02666664123535,18.883333206176758,18.94333267211914,8100,17.579912185668945,0.0,0.0
FSFG,2017-12-08,18.85333251953125,18.916667938232422,18.833332061767578,18.8700008392334,8100,17.51186180114746,0.0,0.0
FSFG,2017-12-11,18.883333206176758,18.883333206176758,18.883333206176758,18.883333206176758,4500,17.524227142333984,0.0,0.0
FSFG,2017-12-12,18.90333366394043,18.959999084472656,18.90333366394043,18.913333892822266,10800,17.55207061767578,0.0,0.0
FSFG,2017-12-13,18.913333892822266,18.913333892822266,18.913333892822266,18.913333892822266,0,17.55207061767578,0.0,0.0
FSFG,2017-12-14,18.933332443237305,19.166667938232422,18.916667938232422,18.933332443237305,9000,17.570636749267578,0.0,0.0
FSFG,2017-12-15,18.90333366394043,18.90333366394043,18.90333366394043,18.90333366394043,1500,17.54279136657715,0.0,0.0
FSFG,2017-12-18,18.916667938232422,19.329999923706055,18.916667938232422,19.329999923706055,2700,17.938749313354492,0.0,0.0
FSFG,2017-12-19,19.15333366394043,19.15333366394043,19.15333366394043,19.15333366394043,600,17.774799346923828,0.0,0.0
FSFG,2017-12-20,19.023332595825195,19.023332595825195,19.023332595825195,19.023332595825195,3900,17.654151916503906,0.0,0.0
FSFG,2017-12-21,19.023332595825195,19.023332595825195,19.023332595825195,19.023332595825195,0,17.654151916503906,0.0,0.0
FSFG,2017-12-22,19.030000686645508,19.030000686645508,19.030000686645508,19.030000686645508,600,17.660343170166016,0.0,0.0
FSFG,2017-12-26,19.1299991607666,19.149999618530273,18.933332443237305,19.1299991607666,15900,17.753141403198242,0.0,0.0
FSFG,2017-12-27,19.036666870117188,19.036666870117188,19.036666870117188,19.036666870117188,2700,17.666526794433594,0.0,0.0
FSFG,2017-12-28,19.32666778564453,19.32666778564453,19.25,19.25,900,17.8645076751709,0.0,0.0
FSFG,2017-12-29,19.00666618347168,19.00666618347168,19.00666618347168,19.00666618347168,3000,17.638687133789062,0.0,0.0
FSFG,2018-01-02,19.016666412353516,19.06333351135254,19.00666618347168,19.03333282470703,24600,17.663433074951172,0.0,0.0
FSFG,2018-01-03,19.0,19.163333892822266,19.0,19.163333892822266,9300,17.784080505371094,0.0,0.0
FSFG,2018-01-04,19.083332061767578,19.083332061767578,19.0,19.083332061767578,4800,17.7098331451416,0.0,0.0
FSFG,2018-01-05,19.00666618347168,19.00666618347168,19.0,19.00666618347168,3000,17.638687133789062,0.0,0.0
FSFG,2018-01-08,19.00666618347168,19.00666618347168,19.00666618347168,19.00666618347168,0,17.638687133789062,0.0,0.0
FSFG,2018-01-09,19.00666618347168,19.00666618347168,19.00666618347168,19.00666618347168,0,17.638687133789062,0.0,0.0
FSFG,2018-01-10,19.1299991607666,19.209999084472656,19.09000015258789,19.209999084472656,9000,17.8273868560791,0.0,0.0
FSFG,2018-01-11,19.209999084472656,19.209999084472656,19.209999084472656,19.209999084472656,0,17.8273868560791,0.0,0.0
FSFG,2018-01-12,19.333332061767578,19.333332061767578,19.25,19.25,6300,17.8645076751709,0.0,0.0
FSFG,2018-01-16,19.266666412353516,19.266666412353516,19.266666412353516,19.266666412353516,1200,17.879972457885742,0.0,0.0
FSFG,2018-01-17,19.290000915527344,19.290000915527344,19.290000915527344,19.290000915527344,1800,17.901630401611328,0.0,0.0
FSFG,2018-01-18,19.290000915527344,19.293333053588867,19.290000915527344,19.290000915527344,5400,17.901630401611328,0.0,0.0
FSFG,2018-01-19,19.329999923706055,19.333332061767578,19.30666732788086,19.333332061767578,7200,17.94184112548828,0.0,0.0
FSFG,2018-01-22,19.333332061767578,19.333332061767578,19.333332061767578,19.333332061767578,0,17.94184112548828,0.0,0.0
FSFG,2018-01-23,19.31999969482422,19.333332061767578,19.31999969482422,19.333332061767578,2400,17.94184112548828,0.0,0.0
FSFG,2018-01-24,19.333332061767578,19.333332061767578,19.333332061767578,19.333332061767578,0,17.94184112548828,0.0,0.0
FSFG,2018-01-25,19.333332061767578,19.333332061767578,19.333332061767578,19.333332061767578,0,17.94184112548828,0.0,0.0
FSFG,2018-01-26,19.360000610351562,19.360000610351562,19.343332290649414,19.356666564941406,2700,17.963497161865234,0.0,0.0
FSFG,2018-01-29,19.663333892822266,20.0,19.56999969482422,19.94333267211914,13500,18.507936477661133,0.0,0.0
FSFG,2018-01-30,19.94333267211914,19.94333267211914,19.94333267211914,19.94333267211914,0,18.507936477661133,0.0,0.0
FSFG,2018-01-31,19.956666946411133,22.07666778564453,19.933332443237305,21.166667938232422,18300,19.64322280883789,0.0,0.0
FSFG,2018-02-01,21.623332977294922,21.623332977294922,21.483333587646484,21.483333587646484,2400,19.93709945678711,0.0,0.0
FSFG,2018-02-02,21.666667938232422,22.0,21.666667938232422,22.0,9900,20.416580200195312,0.0,0.0
FSFG,2018-02-05,22.209999084472656,22.209999084472656,22.083332061767578,22.083332061767578,2700,20.493911743164062,0.0,0.0
FSFG,2018-02-06,21.99333381652832,21.99333381652832,21.606666564941406,21.666667938232422,16800,20.107234954833984,0.0,0.0
FSFG,2018-02-07,21.666667938232422,22.183332443237305,21.666667938232422,22.166667938232422,19200,20.571252822875977,0.0,0.0
FSFG,2018-02-08,22.166667938232422,22.166667938232422,22.166667938232422,22.166667938232422,0,20.571252822875977,0.0,0.0
FSFG,2018-02-09,22.166667938232422,22.166667938232422,22.149999618530273,22.166667938232422,2700,20.571252822875977,0.0,0.0
FSFG,2018-02-12,21.726667404174805,21.90999984741211,21.726667404174805,21.90999984741211,900,20.333057403564453,0.0,0.0
FSFG,2018-02-13,21.709999084472656,21.770000457763672,21.666667938232422,21.770000457763672,13800,20.20313835144043,0.0,0.0
FSFG,2018-02-14,21.893333435058594,21.983333587646484,21.893333435058594,21.976667404174805,6300,20.394927978515625,0.0,0.0
FSFG,2018-02-15,21.796667098999023,21.96666717529297,21.796667098999023,21.92333221435547,2700,20.345434188842773,0.0,0.0
FSFG,2018-02-16,21.979999542236328,21.979999542236328,21.856666564941406,21.856666564941406,1500,20.283559799194336,0.0,0.0
FSFG,2018-02-20,21.876667022705078,21.979999542236328,21.833332061767578,21.906667709350586,3900,20.329965591430664,0.0,0.0
FSFG,2018-02-21,21.906667709350586,22.43000030517578,21.906667709350586,22.24333381652832,1800,20.64240074157715,0.0,0.0
FSFG,2018-02-22,22.166667938232422,22.166667938232422,22.126667022705078,22.166667938232422,4500,20.571252822875977,0.0,0.0
FSFG,2018-02-23,22.32666778564453,22.399999618530273,21.833332061767578,21.833332061767578,9000,20.261905670166016,0.0,0.0
FSFG,2018-02-26,21.833332061767578,21.833332061767578,21.833332061767578,21.833332061767578,0,20.261905670166016,0.0,0.0
FSFG,2018-02-27,21.833332061767578,21.833332061767578,21.833332061767578,21.833332061767578,0,20.261905670166016,0.0,0.0
FSFG,2018-02-28,21.84000015258789,22.566667556762695,21.833332061767578,22.333332061767578,3300,20.725921630859375,0.0,0.0
FSFG,2018-03-01,22.023332595825195,22.329999923706055,22.023332595825195,22.299999237060547,4500,20.741418838500977,0.05,0.0
FSFG,2018-03-02,26.670000076293945,26.670000076293945,21.860000610351562,22.583332061767578,5100,21.004955291748047,0.0,0.0
FSFG,2018-03-05,21.940000534057617,23.100000381469727,21.940000534057617,22.333332061767578,7800,20.77242660522461,0.0,0.0
FSFG,2018-03-06,22.333332061767578,22.333332061767578,22.0,22.0,10800,20.46238899230957,0.0,0.0
FSFG,2018-03-07,22.0,22.0,21.709999084472656,21.709999084472656,6600,20.192659378051758,0.0,0.0
FSFG,2018-03-08,22.323333740234375,22.323333740234375,22.323333740234375,22.323333740234375,1200,20.76312255859375,0.0,0.0
FSFG,2018-03-09,22.520000457763672,22.520000457763672,22.0,22.166667938232422,12000,20.617412567138672,0.0,0.0
FSFG,2018-03-12,22.323333740234375,22.333332061767578,21.889999389648438,21.889999389648438,1500,20.360076904296875,0.0,0.0
FSFG,2018-03-13,21.889999389648438,22.333332061767578,21.889999389648438,22.333332061767578,3900,20.77242660522461,0.0,0.0
FSFG,2018-03-14,22.57666778564453,22.57666778564453,22.0,22.010000228881836,31200,20.471691131591797,0.0,0.0
FSFG,2018-03-15,22.05666732788086,22.649999618530273,21.893333435058594,22.003332138061523,27300,20.465490341186523,0.0,0.0
FSFG,2018-03-16,22.53333282470703,24.833332061767578,22.03333282470703,24.833332061767578,7500,23.097694396972656,0.0,0.0
FSFG,2018-03-19,22.450000762939453,24.166667938232422,22.450000762939453,23.5,12000,21.85755157470703,0.0,0.0
FSFG,2018-03-20,23.17333221435547,23.463333129882812,23.17333221435547,23.433332443237305,3600,21.79554557800293,0.0,0.0
FSFG,2018-03-21,23.549999237060547,23.666667938232422,23.5,23.60333251953125,18900,21.953670501708984,0.0,0.0
FSFG,2018-03-22,23.53333282470703,23.700000762939453,23.53333282470703,23.700000762939453,9900,22.0435733795166,0.0,0.0
FSFG,2018-03-23,23.166667938232422,24.003332138061523,23.166667938232422,23.299999237060547,3000,21.671533584594727,0.0,0.0
FSFG,2018-03-26,23.889999389648438,24.0,23.889999389648438,24.0,7500,22.32260513305664,0.0,0.0
FSFG,2018-03-27,23.280000686645508,24.0,23.166667938232422,24.0,3600,22.32260513305664,0.0,0.0
FSFG,2018-03-28,23.833332061767578,23.833332061767578,22.81999969482422,23.633333206176758,19800,21.981569290161133,0.0,0.0
FSFG,2018-03-29,23.316667556762695,23.316667556762695,22.649999618530273,23.166667938232422,9000,21.547517776489258,0.0,0.0
FSFG,2018-04-02,23.30666732788086,23.31333351135254,23.30666732788086,23.31333351135254,1800,21.68393325805664,0.0,0.0
FSFG,2018-04-03,23.316667556762695,23.316667556762695,22.543333053588867,22.543333053588867,15000,20.967748641967773,0.0,0.0
FSFG,2018-04-04,22.53333282470703,22.75666618347168,22.5,22.75666618347168,7800,21.166173934936523,0.0,0.0
FSFG,2018-04-05,22.366666793823242,22.829999923706055,22.366666793823242,22.829999923706055,2100,21.234376907348633,0.0,0.0
FSFG,2018-04-06,22.829999923706055,22.829999923706055,22.829999923706055,22.829999923706055,0,21.234376907348633,0.0,0.0
FSFG,2018-04-09,23.06333351135254,23.06333351135254,22.666667938232422,22.666667938232422,2700,21.08246421813965,0.0,0.0
FSFG,2018-04-10,22.666667938232422,22.713333129882812,22.666667938232422,22.713333129882812,2400,21.125865936279297,0.0,0.0
FSFG,2018-04-11,23.0,23.31999969482422,23.0,23.316667556762695,8100,21.687030792236328,0.0,0.0
FSFG,2018-04-12,23.066667556762695,23.579999923706055,23.066667556762695,23.579999923706055,2700,21.931961059570312,0.0,0.0
FSFG,2018-04-13,23.75,23.75,23.579999923706055,23.613332748413086,3300,21.96296501159668,0.0,0.0
FSFG,2018-04-16,23.833332061767578,23.833332061767578,23.333332061767578,23.333332061767578,6000,21.702533721923828,0.0,0.0
FSFG,2018-04-17,23.333332061767578,23.40333366394043,23.333332061767578,23.40333366394043,3600,21.767642974853516,0.0,0.0
FSFG,2018-04-18,23.166667938232422,23.166667938232422,23.166667938232422,23.166667938232422,1500,21.547517776489258,0.0,0.0
FSFG,2018-04-19,23.0,23.683332443237305,23.0,23.333332061767578,1800,21.702533721923828,0.0,0.0
FSFG,2018-04-20,23.299999237060547,23.333332061767578,23.299999237060547,23.333332061767578,1800,21.702533721923828,0.0,0.0
FSFG,2018-04-23,23.0,23.0,23.0,23.0,900,21.392498016357422,0.0,0.0
FSFG,2018-04-24,22.916667938232422,23.829999923706055,22.916667938232422,23.639999389648438,5700,21.987768173217773,0.0,0.0
FSFG,2018-04-25,23.34000015258789,23.833332061767578,23.290000915527344,23.833332061767578,43200,22.167585372924805,0.0,0.0
FSFG,2018-04-26,23.18666648864746,23.833332061767578,22.950000762939453,23.833332061767578,2100,22.167585372924805,0.0,0.0
FSFG,2018-04-27,23.503332138061523,24.0,23.503332138061523,24.0,2700,22.32260513305664,0.0,0.0
FSFG,2018-04-30,24.0,24.343332290649414,23.899999618530273,23.899999618530273,8100,22.229595184326172,0.0,0.0
FSFG,2018-05-01,24.166667938232422,24.170000076293945,23.516666412353516,23.75666618347168,7800,22.096282958984375,0.0,0.0
FSFG,2018-05-02,23.893333435058594,23.893333435058594,23.253332138061523,23.766666412353516,3900,22.1055850982666,0.0,0.0
FSFG,2018-05-03,22.34666633605957,24.166667938232422,22.34666633605957,24.166667938232422,4500,22.477622985839844,0.0,0.0
FSFG,2018-05-04,24.163333892822266,24.163333892822266,24.0,24.149999618530273,5100,22.46211814880371,0.0,0.0
FSFG,2018-05-07,23.983333587646484,23.983333587646484,23.583332061767578,23.583332061767578,5400,21.935060501098633,0.0,0.0
FSFG,2018-05-08,23.649999618530273,23.666667938232422,23.649999618530273,23.666667938232422,1200,22.0125732421875,0.0,0.0
FSFG,2018-05-09,24.149999618530273,24.149999618530273,23.176666259765625,23.450000762939453,18300,21.811046600341797,0.0,0.0
FSFG,2018-05-10,23.656667709350586,23.676666259765625,23.1299991607666,23.1299991607666,3900,21.513412475585938,0.0,0.0
FSFG,2018-05-11,23.09000015258789,24.09000015258789,23.09000015258789,24.09000015258789,32100,22.406320571899414,0.0,0.0
FSFG,2018-05-14,23.25,23.59666633605957,23.19333267211914,23.59666633605957,2400,21.947463989257812,0.0,0.0
FSFG,2018-05-15,23.59666633605957,23.59666633605957,23.59666633605957,23.59666633605957,0,21.947463989257812,0.0,0.0
FSFG,2018-05-16,23.336666107177734,23.336666107177734,23.196666717529297,23.196666717529297,3000,21.575420379638672,0.0,0.0
FSFG,2018-05-17,23.156667709350586,23.209999084472656,23.106666564941406,23.106666564941406,6600,21.49171257019043,0.0,0.0
FSFG,2018-05-18,23.51333236694336,23.51333236694336,23.023332595825195,23.023332595825195,9900,21.414203643798828,0.0,0.0
FSFG,2018-05-21,23.066667556762695,23.200000762939453,23.066667556762695,23.200000762939453,1500,21.578519821166992,0.0,0.0
FSFG,2018-05-22,23.01333236694336,23.196666717529297,23.010000228881836,23.196666717529297,3900,21.575420379638672,0.0,0.0
FSFG,2018-05-23,23.0,23.166667938232422,23.0,23.03333282470703,1800,21.423505783081055,0.0,0.0
FSFG,2018-05-24,23.0,23.053333282470703,23.0,23.0,2400,21.392498016357422,0.0,0.0
FSFG,2018-05-25,23.0,23.0,23.0,23.0,0,21.392498016357422,0.0,0.0
FSFG,2018-05-29,22.77666664123535,23.0,22.773332595825195,22.773332595825195,3000,21.18167495727539,0.0,0.0
FSFG,2018-05-30,23.083332061767578,23.083332061767578,22.833332061767578,22.833332061767578,1800,21.23748016357422,0.0,0.0
FSFG,2018-05-31,23.28333282470703,23.28333282470703,22.833332061767578,23.25,3300,21.6724853515625,0.05,0.0
FSFG,2018-06-01,23.333332061767578,23.579999923706055,22.893333435058594,23.579999923706055,9900,21.980093002319336,0.0,0.0
FSFG,2018-06-04,23.333332061767578,23.333332061767578,23.0,23.333332061767578,3600,21.75016212463379,0.0,0.0
FSFG,2018-06-05,23.05666732788086,23.333332061767578,23.05666732788086,23.333332061767578,4500,21.75016212463379,0.0,0.0
FSFG,2018-06-06,23.333332061767578,23.333332061767578,23.0,23.02666664123535,4200,21.46430778503418,0.0,0.0
FSFG,2018-06-07,23.1200008392334,23.1200008392334,23.1200008392334,23.1200008392334,3900,21.551301956176758,0.0,0.0
FSFG,2018-06-08,23.233333587646484,23.333332061767578,23.149999618530273,23.329999923706055,10200,21.747053146362305,0.0,0.0
FSFG,2018-06-11,23.143333435058594,24.0,23.143333435058594,23.983333587646484,20700,22.35606575012207,0.0,0.0
FSFG,2018-06-12,23.336666107177734,23.666667938232422,23.25,23.453332901000977,21300,21.862018585205078,0.0,0.0
FSFG,2018-06-13,23.639999389648438,24.0,23.239999771118164,24.0,20700,22.371593475341797,0.0,0.0
FSFG,2018-06-14,23.666667938232422,23.983333587646484,23.170000076293945,23.68666648864746,26100,22.079524993896484,0.0,0.0
FSFG,2018-06-15,23.946666717529297,24.133333206176758,23.479999542236328,23.886667251586914,22500,22.265954971313477,0.0,0.0
FSFG,2018-06-18,24.133333206176758,24.166667938232422,23.67333221435547,24.166667938232422,21300,22.52695083618164,0.0,0.0
FSFG,2018-06-19,24.30666732788086,24.75,24.183332443237305,24.536666870117188,22200,22.871850967407227,0.0,0.0
FSFG,2018-06-20,24.549999237060547,24.549999237060547,24.106666564941406,24.23666763305664,26100,22.59220314025879,0.0,0.0
FSFG,2018-06-21,24.47333335876465,24.47333335876465,23.77666664123535,24.376667022705078,33000,22.722705841064453,0.0,0.0
FSFG,2018-06-22,24.363332748413086,24.46666717529297,23.56333351135254,24.296667098999023,549900,22.648134231567383,0.0,0.0
FSFG,2018-06-25,24.083332061767578,24.43000030517578,23.866666793823242,24.299999237060547,17100,22.651241302490234,0.0,0.0
FSFG,2018-06-26,23.799999237060547,24.28333282470703,23.42333221435547,24.18000030517578,8700,22.539377212524414,0.0,0.0
FSFG,2018-06-27,24.163333892822266,24.329999923706055,24.10333251953125,24.329999923706055,13800,22.67920684814453,0.0,0.0
FSFG,2018-06-28,24.333332061767578,24.333332061767578,24.26333236694336,24.26333236694336,7500,22.617063522338867,0.0,0.0
FSFG,2018-06-29,24.433332443237305,24.5,24.34666633605957,24.496667861938477,26100,22.83456039428711,0.0,0.0
FSFG,2018-07-02,24.09666633605957,24.290000915527344,23.983333587646484,24.233333587646484,4200,22.589101791381836,0.0,0.0
FSFG,2018-07-03,24.22333335876465,24.22333335876465,24.0,24.073333740234375,7800,22.439956665039062,0.0,0.0
FSFG,2018-07-05,23.933332443237305,24.5,23.933332443237305,24.5,2700,22.83767318725586,0.0,0.0
FSFG,2018-07-06,24.540000915527344,24.623332977294922,24.10333251953125,24.53333282470703,6600,22.868743896484375,0.0,0.0
FSFG,2018-07-09,24.46666717529297,24.666667938232422,24.383333206176758,24.559999465942383,21900,22.893600463867188,0.0,0.0
FSFG,2018-07-10,24.229999542236328,24.229999542236328,24.229999542236328,24.229999542236328,2100,22.58599281311035,0.0,0.0
FSFG,2018-07-11,23.833332061767578,24.639999389648438,23.833332061767578,24.639999389648438,3600,22.96817398071289,0.0,0.0
FSFG,2018-07-12,24.479999542236328,24.479999542236328,24.293333053588867,24.329999923706055,7500,22.67920684814453,0.0,0.0
FSFG,2018-07-13,24.116666793823242,24.280000686645508,23.863332748413086,23.863332748413086,3900,22.244203567504883,0.0,0.0
FSFG,2018-07-16,24.663333892822266,24.663333892822266,24.203332901000977,24.613332748413086,9300,22.94331169128418,0.0,0.0
FSFG,2018-07-17,24.44333267211914,24.766666412353516,24.156667709350586,24.666667938232422,21300,22.993024826049805,0.0,0.0
FSFG,2018-07-18,24.616666793823242,24.75,24.5,24.5,9300,22.83767318725586,0.0,0.0
FSFG,2018-07-19,24.316667556762695,24.316667556762695,24.316667556762695,24.316667556762695,1200,22.666780471801758,0.0,0.0
FSFG,2018-07-20,24.323333740234375,24.323333740234375,24.299999237060547,24.299999237060547,1800,22.651241302490234,0.0,0.0
FSFG,2018-07-23,24.496667861938477,24.496667861938477,24.049999237060547,24.389999389648438,4500,22.735132217407227,0.0,0.0
FSFG,2018-07-24,24.32666778564453,24.333332061767578,24.166667938232422,24.309999465942383,8700,22.660564422607422,0.0,0.0
FSFG,2018-07-25,24.333332061767578,24.333332061767578,23.8799991607666,24.333332061767578,3300,22.68231201171875,0.0,0.0
FSFG,2018-07-26,24.23666763305664,24.299999237060547,23.739999771118164,23.989999771118164,13800,22.362276077270508,0.0,0.0
FSFG,2018-07-27,23.989999771118164,23.989999771118164,23.06999969482422,23.06999969482422,9900,21.504695892333984,0.0,0.0
FSFG,2018-07-30,23.18666648864746,23.450000762939453,22.92333221435547,22.92333221435547,18900,21.367979049682617,0.0,0.0
FSFG,2018-07-31,23.166667938232422,23.166667938232422,22.78333282470703,23.083332061767578,11100,21.517126083374023,0.0,0.0
FSFG,2018-08-01,23.246667861938477,23.246667861938477,22.333332061767578,22.626667022705078,19800,21.091442108154297,0.0,0.0
FSFG,2018-08-02,22.760000228881836,22.760000228881836,22.6200008392334,22.6200008392334,10800,21.085227966308594,0.0,0.0
FSFG,2018-08-03,22.566667556762695,22.65999984741211,22.329999923706055,22.65999984741211,10500,21.122512817382812,0.0,0.0
FSFG,2018-08-06,22.663333892822266,22.666667938232422,22.65333366394043,22.663333892822266,15600,21.1256160736084,0.0,0.0
FSFG,2018-08-07,22.663333892822266,22.663333892822266,22.53333282470703,22.53333282470703,12000,21.00444221496582,0.0,0.0
FSFG,2018-08-08,22.34000015258789,22.549999237060547,22.34000015258789,22.34000015258789,2100,20.82422637939453,0.0,0.0
FSFG,2018-08-09,22.219999313354492,22.75,22.219999313354492,22.64666748046875,13200,21.11008644104004,0.0,0.0
FSFG,2018-08-10,22.366666793823242,22.913333892822266,22.350000381469727,22.350000381469727,5700,20.83354949951172,0.0,0.0
FSFG,2018-08-13,22.43666648864746,22.43666648864746,22.406667709350586,22.406667709350586,1500,20.886371612548828,0.0,0.0
FSFG,2018-08-14,22.639999389648438,22.639999389648438,22.639999389648438,22.639999389648438,1200,21.10387420654297,0.0,0.0
FSFG,2018-08-15,22.666667938232422,22.666667938232422,22.360000610351562,22.43000030517578,5700,20.908119201660156,0.0,0.0
FSFG,2018-08-16,22.516666412353516,22.516666412353516,22.516666412353516,22.516666412353516,1800,20.988906860351562,0.0,0.0
FSFG,2018-08-17,22.456666946411133,22.456666946411133,22.226667404174805,22.286666870117188,15900,20.774513244628906,0.0,0.0
FSFG,2018-08-20,22.226667404174805,22.239999771118164,22.226667404174805,22.239999771118164,2400,20.731006622314453,0.0,0.0
FSFG,2018-08-21,22.233333587646484,22.293333053588867,22.18666648864746,22.209999084472656,20100,20.703046798706055,0.0,0.0
FSFG,2018-08-22,22.233333587646484,22.479999542236328,22.233333587646484,22.479999542236328,2400,20.95472526550293,0.0,0.0
FSFG,2018-08-23,22.57666778564453,22.57666778564453,22.57666778564453,22.57666778564453,1200,21.044837951660156,0.0,0.0
FSFG,2018-08-24,22.336666107177734,22.566667556762695,22.336666107177734,22.566667556762695,2400,21.03551483154297,0.0,0.0
FSFG,2018-08-27,22.933332443237305,23.290000915527344,22.933332443237305,23.156667709350586,15300,21.58548927307129,0.0,0.0
FSFG,2018-08-28,23.156667709350586,23.156667709350586,23.156667709350586,23.156667709350586,1800,21.58548927307129,0.0,0.0
FSFG,2018-08-29,23.773332595825195,23.773332595825195,23.773332595825195,23.773332595825195,2100,22.160308837890625,0.0,0.0
FSFG,2018-08-30,23.65333366394043,23.666667938232422,23.65333366394043,23.666667938232422,2400,22.107376098632812,0.05,0.0
FSFG,2018-08-31,23.713333129882812,24.083332061767578,23.366666793823242,23.690000534057617,6300,22.129175186157227,0.0,0.0
FSFG,2018-09-04,22.90333366394043,23.226667404174805,22.90333366394043,22.950000762939453,19500,21.43792724609375,0.0,0.0
FSFG,2018-09-05,22.950000762939453,22.950000762939453,22.950000762939453,22.950000762939453,1500,21.43792724609375,0.0,0.0
FSFG,2018-09-06,22.996667861938477,22.996667861938477,22.996667861938477,22.996667861938477,1200,21.48151969909668,0.0,0.0
FSFG,2018-09-07,22.996667861938477,23.093332290649414,22.893333435058594,22.99333381652832,10800,21.478404998779297,0.0,0.0
FSFG,2018-09-10,22.99333381652832,22.996667861938477,22.99333381652832,22.996667861938477,3600,21.48151969909668,0.0,0.0
FSFG,2018-09-11,22.996667861938477,23.053333282470703,22.77666664123535,22.996667861938477,4500,21.48151969909668,0.0,0.0
FSFG,2018-09-12,22.8700008392334,22.8700008392334,22.8700008392334,22.8700008392334,2100,21.363197326660156,0.0,0.0
FSFG,2018-09-13,22.77666664123535,23.329999923706055,22.77666664123535,23.329999923706055,3000,21.79288673400879,0.0,0.0
FSFG,2018-09-14,23.073333740234375,23.073333740234375,23.073333740234375,23.073333740234375,1800,21.553136825561523,0.0,0.0
FSFG,2018-09-17,23.15999984741211,23.15999984741211,23.15999984741211,23.15999984741211,1800,21.634092330932617,0.0,0.0
FSFG,2018-09-18,22.98666763305664,22.98666763305664,22.98666763305664,22.98666763305664,2100,21.47218132019043,0.0,0.0
FSFG,2018-09-19,22.953332901000977,22.953332901000977,22.953332901000977,22.953332901000977,1500,21.441043853759766,0.0,0.0
FSFG,2018-09-20,23.083332061767578,23.083332061767578,23.043333053588867,23.043333053588867,2400,21.525108337402344,0.0,0.0
FSFG,2018-09-21,23.083332061767578,23.083332061767578,22.889999389648438,22.889999389648438,19200,21.381877899169922,0.0,0.0
FSFG,2018-09-24,22.889999389648438,22.93000030517578,22.889999389648438,22.93000030517578,4200,21.41925048828125,0.0,0.0
FSFG,2018-09-25,22.790000915527344,23.0,22.790000915527344,23.0,3600,21.484636306762695,0.0,0.0
FSFG,2018-09-26,23.0,23.0,22.926666259765625,22.926666259765625,1800,21.41613006591797,0.0,0.0
FSFG,2018-09-27,22.77666664123535,23.0,22.746667861938477,22.746667861938477,5400,21.24799156188965,0.0,0.0
FSFG,2018-09-28,22.676666259765625,22.766666412353516,22.676666259765625,22.760000228881836,2700,21.260448455810547,0.0,0.0
FSFG,2018-10-01,22.610000610351562,22.666667938232422,22.610000610351562,22.666667938232422,2700,21.173267364501953,0.0,0.0
FSFG,2018-10-02,22.666667938232422,22.666667938232422,22.520000457763672,22.520000457763672,11400,21.036258697509766,0.0,0.0
FSFG,2018-10-03,22.600000381469727,22.600000381469727,22.399999618530273,22.399999618530273,2700,20.924161911010742,0.0,0.0
FSFG,2018-10-04,22.34666633605957,22.47333335876465,22.34666633605957,22.366666793823242,4800,20.893030166625977,0.0,0.0
FSFG,2018-10-05,22.600000381469727,22.600000381469727,22.219999313354492,22.219999313354492,2400,20.756023406982422,0.0,0.0
FSFG,2018-10-08,22.233333587646484,22.399999618530273,22.233333587646484,22.399999618530273,3300,20.924161911010742,0.0,0.0
FSFG,2018-10-09,22.459999084472656,22.48666763305664,22.333332061767578,22.350000381469727,4800,20.877460479736328,0.0,0.0
FSFG,2018-10-10,22.333332061767578,22.333332061767578,22.333332061767578,22.333332061767578,2700,20.86189079284668,0.0,0.0
FSFG,2018-10-11,22.116666793823242,22.26333236694336,22.116666793823242,22.26333236694336,3600,20.7965030670166,0.0,0.0
FSFG,2018-10-12,22.350000381469727,22.350000381469727,21.843332290649414,22.10333251953125,12000,20.647043228149414,0.0,0.0
FSFG,2018-10-15,22.293333053588867,22.293333053588867,22.293333053588867,22.293333053588867,1500,20.82452964782715,0.0,0.0
FSFG,2018-10-16,22.32666778564453,22.32666778564453,22.023332595825195,22.239999771118164,6600,20.774702072143555,0.0,0.0
FSFG,2018-10-17,22.049999237060547,22.17333221435547,22.023332595825195,22.023332595825195,12300,20.57231330871582,0.0,0.0
FSFG,2018-10-18,22.106666564941406,22.106666564941406,21.856666564941406,21.983333587646484,13800,20.534948348999023,0.0,0.0
FSFG,2018-10-19,21.773332595825195,21.773332595825195,21.773332595825195,21.773332595825195,2700,20.338788986206055,0.0,0.0
FSFG,2018-10-22,22.496667861938477,22.496667861938477,22.496667861938477,22.496667861938477,1800,21.01446533203125,0.0,0.0
FSFG,2018-10-23,22.496667861938477,22.496667861938477,22.496667861938477,22.496667861938477,0,21.01446533203125,0.0,0.0
FSFG,2018-10-24,21.833332061767578,21.833332061767578,21.293333053588867,21.293333053588867,3000,19.890411376953125,0.0,0.0
FSFG,2018-10-25,21.76333236694336,21.76333236694336,21.496667861938477,21.5,4200,20.083463668823242,0.0,0.0
FSFG,2018-10-26,20.836666107177734,20.836666107177734,20.836666107177734,20.836666107177734,1800,19.463829040527344,0.0,0.0
FSFG,2018-10-29,21.666667938232422,21.666667938232422,21.666667938232422,21.666667938232422,2100,20.239151000976562,0.0,0.0
FSFG,2018-10-30,21.666667938232422,21.666667938232422,21.00666618347168,21.633333206176758,6600,20.208011627197266,0.0,0.0
FSFG,2018-10-31,21.663333892822266,21.663333892822266,21.46666717529297,21.540000915527344,5100,20.12082862854004,0.0,0.0
FSFG,2018-11-01,21.6299991607666,21.6299991607666,21.6299991607666,21.6299991607666,3000,20.20489501953125,0.0,0.0
FSFG,2018-11-02,21.5,21.666667938232422,21.5,21.666667938232422,2400,20.239151000976562,0.0,0.0
FSFG,2018-11-05,21.666667938232422,21.666667938232422,21.42333221435547,21.42333221435547,4800,20.0118408203125,0.0,0.0
FSFG,2018-11-06,21.399999618530273,21.666667938232422,21.399999618530273,21.5,2400,20.083463668823242,0.0,0.0
FSFG,2018-11-07,21.46666717529297,21.46666717529297,21.46666717529297,21.46666717529297,3000,20.052326202392578,0.0,0.0
FSFG,2018-11-08,21.3799991607666,21.57666778564453,21.3799991607666,21.57666778564453,2400,20.155075073242188,0.0,0.0
FSFG,2018-11-09,21.559999465942383,21.559999465942383,21.206666946411133,21.206666946411133,2700,19.80945587158203,0.0,0.0
FSFG,2018-11-12,21.666667938232422,21.666667938232422,21.18666648864746,21.18666648864746,2700,19.790773391723633,0.0,0.0
FSFG,2018-11-13,21.143333435058594,21.143333435058594,20.593332290649414,20.959999084472656,6600,19.579038619995117,0.0,0.0
FSFG,2018-11-14,20.69333267211914,20.69333267211914,20.106666564941406,20.106666564941406,4800,18.78192710876465,0.0,0.0
FSFG,2018-11-15,20.663333892822266,20.663333892822266,20.043333053588867,20.043333053588867,5700,18.722766876220703,0.0,0.0
FSFG,2018-11-16,20.003332138061523,20.666667938232422,19.75666618347168,19.75666618347168,10800,18.45499038696289,0.0,0.0
FSFG,2018-11-19,19.760000228881836,19.996667861938477,19.59000015258789,19.996667861938477,9000,18.679180145263672,0.0,0.0
FSFG,2018-11-20,19.81333351135254,19.81333351135254,19.59000015258789,19.59000015258789,1800,18.299306869506836,0.0,0.0
FSFG,2018-11-21,19.549999237060547,19.74333381652832,19.549999237060547,19.74333381652832,2400,18.442533493041992,0.0,0.0
FSFG,2018-11-23,19.47333335876465,20.043333053588867,19.47333335876465,20.043333053588867,1800,18.722766876220703,0.0,0.0
FSFG,2018-11-26,19.713333129882812,19.713333129882812,19.42333221435547,19.42333221435547,6000,18.14361572265625,0.0,0.0
FSFG,2018-11-27,19.100000381469727,19.299999237060547,19.100000381469727,19.299999237060547,4800,18.02840805053711,0.0,0.0
FSFG,2018-11-28,19.336666107177734,19.336666107177734,19.18000030517578,19.18000030517578,6900,17.916316986083984,0.0,0.0
FSFG,2018-11-29,19.116666793823242,19.343332290649414,19.116666793823242,19.333332061767578,5700,18.059545516967773,0.0,0.0
FSFG,2018-11-30,19.106666564941406,19.416667938232422,19.106666564941406,19.106666564941406,4800,17.847816467285156,0.0,0.0
FSFG,2018-12-03,19.010000228881836,19.163333892822266,18.94333267211914,19.163333892822266,6300,17.9007511138916,0.0,0.0
FSFG,2018-12-04,18.940000534057617,19.316667556762695,18.873332977294922,18.873332977294922,7800,17.629852294921875,0.0,0.0
FSFG,2018-12-06,18.883333206176758,19.066667556762695,18.883333206176758,19.066667556762695,1800,17.857757568359375,0.05,0.0
FSFG,2018-12-07,18.866666793823242,19.030000686645508,18.73666763305664,19.030000686645508,3900,17.823415756225586,0.0,0.0
FSFG,2018-12-10,19.0,19.0,19.0,19.0,1500,17.795318603515625,0.0,0.0
FSFG,2018-12-11,19.003332138061523,19.03333282470703,18.713333129882812,19.03333282470703,4500,17.826539993286133,0.0,0.0
FSFG,2018-12-12,18.766666412353516,18.766666412353516,16.983333587646484,18.383333206176758,17100,17.21775245666504,0.0,0.0
FSFG,2018-12-13,18.106666564941406,18.14666748046875,18.040000915527344,18.123332977294922,7200,16.9742374420166,0.0,0.0
FSFG,2018-12-14,18.123332977294922,18.123332977294922,16.833332061767578,17.290000915527344,9300,16.193742752075195,0.0,0.0
FSFG,2018-12-17,17.42333221435547,17.46666717529297,17.136667251586914,17.136667251586914,9600,16.05013084411621,0.0,0.0
FSFG,2018-12-18,17.233333587646484,17.233333587646484,16.833332061767578,16.833332061767578,3300,15.76602840423584,0.0,0.0
FSFG,2018-12-19,16.93000030517578,17.149999618530273,15.119999885559082,15.119999885559082,21600,14.161327362060547,0.0,0.0
FSFG,2018-12-20,15.420000076293945,15.833333015441895,15.333333015441895,15.686667442321777,22200,14.692065238952637,0.0,0.0
FSFG,2018-12-21,15.666666984558105,16.233333587646484,15.666666984558105,16.233333587646484,16200,15.204071044921875,0.0,0.0
FSFG,2018-12-24,15.883333206176758,16.303333282470703,15.606666564941406,15.606666564941406,2100,14.61713695526123,0.0,0.0
FSFG,2018-12-26,15.949999809265137,16.450000762939453,15.203332901000977,16.450000762939453,8100,15.407001495361328,0.0,0.0
FSFG,2018-12-27,16.316667556762695,17.53333282470703,16.316667556762695,16.926666259765625,5100,15.853446960449219,0.0,0.0
FSFG,2018-12-28,17.24333381652832,17.53333282470703,16.803333282470703,17.149999618530273,4800,16.062618255615234,0.0,0.0
FSFG,2018-12-31,17.53333282470703,17.53333282470703,17.31333351135254,17.31333351135254,15000,16.215593338012695,0.0,0.0
FSFG,2019-01-02,17.510000228881836,17.510000228881836,16.503332138061523,16.996667861938477,2700,15.919008255004883,0.0,0.0
FSFG,2019-01-03,16.389999389648438,16.389999389648438,16.389999389648438,16.389999389648438,1500,15.35080337524414,0.0,0.0
FSFG,2019-01-04,17.073333740234375,17.073333740234375,16.68666648864746,16.933332443237305,7200,15.859688758850098,0.0,0.0
FSFG,2019-01-07,16.889999389648438,17.333332061767578,16.889999389648438,17.333332061767578,3900,16.234325408935547,0.0,0.0
FSFG,2019-01-08,17.233333587646484,17.5,17.226667404174805,17.43000030517578,5100,16.324871063232422,0.0,0.0
FSFG,2019-01-09,17.5,17.5,16.98666763305664,16.98666763305664,3000,15.909640312194824,0.0,0.0
FSFG,2019-01-10,17.44333267211914,17.44333267211914,17.14666748046875,17.14666748046875,3000,16.059494018554688,0.0,0.0
FSFG,2019-01-11,17.0,17.0,16.670000076293945,16.670000076293945,3900,15.613052368164062,0.0,0.0
FSFG,2019-01-14,17.5,17.5,16.666667938232422,16.71666717529297,3600,15.65676212310791,0.0,0.0
FSFG,2019-01-15,16.78333282470703,16.90999984741211,16.78333282470703,16.90999984741211,3900,15.837833404541016,0.0,0.0
FSFG,2019-01-16,16.833332061767578,17.40333366394043,16.540000915527344,17.40333366394043,11400,16.299884796142578,0.0,0.0
FSFG,2019-01-17,16.916667938232422,17.0,16.916667938232422,16.916667938232422,6600,15.84407901763916,0.0,0.0
FSFG,2019-01-18,16.976667404174805,17.32666778564453,16.953332901000977,16.953332901000977,5400,15.87841796875,0.0,0.0
FSFG,2019-01-22,17.143333435058594,17.323333740234375,17.053333282470703,17.053333282470703,3600,15.972079277038574,0.0,0.0
FSFG,2019-01-23,17.0,17.333332061767578,17.0,17.333332061767578,6000,16.234325408935547,0.0,0.0
FSFG,2019-01-24,17.333332061767578,17.333332061767578,17.123332977294922,17.316667556762695,2700,16.218719482421875,0.0,0.0
FSFG,2019-01-25,17.200000762939453,17.316667556762695,17.09000015258789,17.316667556762695,2400,16.218719482421875,0.0,0.0
FSFG,2019-01-28,17.17333221435547,17.17333221435547,17.040000915527344,17.040000915527344,9300,15.95959186553955,0.0,0.0
FSFG,2019-01-29,16.873332977294922,17.126667022705078,16.690000534057617,16.690000534057617,18000,15.63178825378418,0.0,0.0
FSFG,2019-01-30,16.690000534057617,17.010000228881836,16.690000534057617,16.916667938232422,6900,15.84407901763916,0.0,0.0
FSFG,2019-01-31,16.709999084472656,16.709999084472656,16.709999084472656,16.709999084472656,2100,15.650514602661133,0.0,0.0
FSFG,2019-02-01,16.709999084472656,16.979999542236328,16.649999618530273,16.979999542236328,6900,15.90339183807373,0.0,0.0
FSFG,2019-02-04,16.916667938232422,16.996667861938477,16.916667938232422,16.996667861938477,2400,15.919008255004883,0.0,0.0
FSFG,2019-02-05,16.963333129882812,16.963333129882812,16.916667938232422,16.916667938232422,4800,15.84407901763916,0.0,0.0
FSFG,2019-02-06,16.926666259765625,17.25666618347168,16.916667938232422,17.25666618347168,2400,16.162513732910156,0.0,0.0
FSFG,2019-02-07,16.886667251586914,16.92333221435547,16.886667251586914,16.92333221435547,2100,15.850322723388672,0.0,0.0
FSFG,2019-02-08,16.84000015258789,17.323333740234375,16.84000015258789,17.073333740234375,85200,15.990812301635742,0.0,0.0
FSFG,2019-02-11,17.09666633605957,17.106666564941406,17.09666633605957,17.106666564941406,3300,16.022031784057617,0.0,0.0
FSFG,2019-02-12,17.149999618530273,17.43000030517578,17.066667556762695,17.239999771118164,8100,16.146913528442383,0.0,0.0
FSFG,2019-02-13,17.333332061767578,17.333332061767578,17.149999618530273,17.200000762939453,4500,16.10944938659668,0.0,0.0
FSFG,2019-02-14,17.420000076293945,17.56333351135254,17.329999923706055,17.329999923706055,5400,16.231204986572266,0.0,0.0
FSFG,2019-02-15,17.17333221435547,17.219999313354492,17.05666732788086,17.09000015258789,21000,16.00642204284668,0.0,0.0
FSFG,2019-02-19,17.156667709350586,17.156667709350586,17.003332138061523,17.133333206176758,7200,16.047006607055664,0.0,0.0
FSFG,2019-02-20,17.049999237060547,17.163333892822266,17.003332138061523,17.043333053588867,8100,15.962711334228516,0.0,0.0
FSFG,2019-02-21,17.0,17.21666717529297,17.0,17.21666717529297,5700,16.12506103515625,0.0,0.0
FSFG,2019-02-22,17.329999923706055,17.733333587646484,17.25,17.68666648864746,10800,16.565261840820312,0.0,0.0
FSFG,2019-02-25,17.399999618530273,17.68000030517578,17.399999618530273,17.43666648864746,3900,16.33110809326172,0.0,0.0
FSFG,2019-02-26,17.350000381469727,17.663333892822266,17.350000381469727,17.663333892822266,14400,16.54340362548828,0.0,0.0
FSFG,2019-02-27,17.613332748413086,17.65999984741211,17.46666717529297,17.65999984741211,10800,16.5402774810791,0.0,0.0
FSFG,2019-02-28,17.433332443237305,17.666667938232422,17.433332443237305,17.440000534057617,5400,16.334230422973633,0.0,0.0
FSFG,2019-03-01,17.530000686645508,17.74333381652832,17.520000457763672,17.520000457763672,12600,16.40915870666504,0.0,0.0
FSFG,2019-03-04,17.719999313354492,17.719999313354492,17.719999313354492,17.719999313354492,1500,16.59647560119629,0.0,0.0
FSFG,2019-03-05,17.73666763305664,17.75,17.59666633605957,17.59666633605957,5700,16.480966567993164,0.0,0.0
FSFG,2019-03-06,17.56333351135254,17.56333351135254,17.5,17.5,4500,16.390426635742188,0.0,0.0
FSFG,2019-03-07,17.726667404174805,17.726667404174805,17.516666412353516,17.566667556762695,3300,16.503158569335938,0.053333,0.0
FSFG,2019-03-08,17.416667938232422,17.416667938232422,17.416667938232422,17.416667938232422,2400,16.362241744995117,0.0,0.0
FSFG,2019-03-11,17.700000762939453,17.8799991607666,17.700000762939453,17.8799991607666,3600,16.797523498535156,0.0,0.0
FSFG,2019-03-12,17.76333236694336,17.76333236694336,17.76333236694336,17.76333236694336,1800,16.68791961669922,0.0,0.0
FSFG,2019-03-13,17.796667098999023,17.796667098999023,17.666667938232422,17.666667938232422,11700,16.59710693359375,0.0,0.0
FSFG,2019-03-14,17.666667938232422,17.666667938232422,17.663333892822266,17.663333892822266,1800,16.593976974487305,0.0,0.0
FSFG,2019-03-15,17.713333129882812,17.766666412353516,17.690000534057617,17.766666412353516,28500,16.69105339050293,0.0,0.0
FSFG,2019-03-18,18.233333587646484,18.233333587646484,17.946666717529297,17.946666717529297,2400,16.860153198242188,0.0,0.0
FSFG,2019-03-19,17.76333236694336,17.950000762939453,17.75,17.796667098999023,15600,16.7192325592041,0.0,0.0
FSFG,2019-03-20,17.969999313354492,18.06333351135254,17.78333282470703,17.78333282470703,2400,16.706708908081055,0.0,0.0
FSFG,2019-03-21,18.0,18.0,17.833332061767578,17.833332061767578,3900,16.753679275512695,0.0,0.0
FSFG,2019-03-22,17.666667938232422,17.75666618347168,17.666667938232422,17.75666618347168,3900,16.681655883789062,0.0,0.0
FSFG,2019-03-25,17.983333587646484,17.983333587646484,17.729999542236328,17.729999542236328,1500,16.65660285949707,0.0,0.0
FSFG,2019-03-26,17.833332061767578,17.959999084472656,17.666667938232422,17.959999084472656,16500,16.872678756713867,0.0,0.0
FSFG,2019-03-27,17.833332061767578,18.0,17.793333053588867,17.876667022705078,10200,16.794391632080078,0.0,0.0
FSFG,2019-03-28,18.0,18.226667404174805,18.0,18.0,6900,16.910259246826172,0.0,0.0
FSFG,2019-03-29,18.280000686645508,18.333332061767578,18.016666412353516,18.016666412353516,4500,16.925912857055664,0.0,0.0
FSFG,2019-04-01,18.333332061767578,18.333332061767578,18.036666870117188,18.07666778564453,3600,16.982284545898438,0.0,0.0
FSFG,2019-04-02,17.93000030517578,18.166667938232422,17.93000030517578,18.166667938232422,1800,17.066835403442383,0.0,0.0
FSFG,2019-04-03,18.083332061767578,18.163333892822266,17.956666946411133,17.969999313354492,16200,16.88207244873047,0.0,0.0
FSFG,2019-04-04,17.926666259765625,17.926666259765625,17.926666259765625,17.926666259765625,1500,16.84136390686035,0.0,0.0
FSFG,2019-04-05,18.100000381469727,18.166667938232422,17.90333366394043,18.166667938232422,6600,17.066835403442383,0.0,0.0
FSFG,2019-04-08,18.166667938232422,18.166667938232422,17.916667938232422,17.916667938232422,4200,16.831974029541016,0.0,0.0
FSFG,2019-04-09,18.0,18.0,17.866666793823242,17.866666793823242,5700,16.784997940063477,0.0,0.0
FSFG,2019-04-10,17.866666793823242,18.19333267211914,17.866666793823242,18.066667556762695,2400,16.97289276123047,0.0,0.0
FSFG,2019-04-11,17.90333366394043,17.90333366394043,17.90333366394043,17.90333366394043,1500,16.81945037841797,0.0,0.0
FSFG,2019-04-12,18.07666778564453,18.07666778564453,17.883333206176758,18.03333282470703,4500,16.94157600402832,0.0,0.0
FSFG,2019-04-15,17.889999389648438,18.113332748413086,17.889999389648438,18.113332748413086,7200,17.016733169555664,0.0,0.0
FSFG,2019-04-16,18.043333053588867,18.113332748413086,17.96666717529297,17.96666717529297,11700,16.878944396972656,0.0,0.0
FSFG,2019-04-17,17.96666717529297,18.14666748046875,17.96666717529297,17.96666717529297,8400,16.878944396972656,0.0,0.0
FSFG,2019-04-18,18.02666664123535,18.333332061767578,17.969999313354492,18.213333129882812,4500,17.110673904418945,0.0,0.0
FSFG,2019-04-22,18.323333740234375,18.323333740234375,18.323333740234375,18.323333740234375,1500,17.214019775390625,0.0,0.0
FSFG,2019-04-23,18.086666107177734,18.323333740234375,18.083332061767578,18.323333740234375,8700,17.214019775390625,0.0,0.0
FSFG,2019-04-24,18.15333366394043,18.25,18.106666564941406,18.106666564941406,3600,17.01047134399414,0.0,0.0
FSFG,2019-04-25,18.106666564941406,18.110000610351562,18.106666564941406,18.110000610351562,4200,17.013601303100586,0.0,0.0
FSFG,2019-04-26,18.316667556762695,18.739999771118164,18.316667556762695,18.739999771118164,4800,17.605457305908203,0.0,0.0
FSFG,2019-04-29,18.75,18.75,18.75,18.75,2100,17.61485481262207,0.0,0.0
FSFG,2019-04-30,19.30666732788086,19.366666793823242,18.876667022705078,19.366666793823242,16500,18.19418716430664,0.0,0.0
FSFG,2019-05-01,19.416667938232422,19.416667938232422,19.100000381469727,19.266666412353516,15600,18.10024070739746,0.0,0.0
FSFG,2019-05-02,19.416667938232422,19.416667938232422,19.266666412353516,19.416667938232422,16800,18.241159439086914,0.0,0.0
FSFG,2019-05-03,19.31333351135254,19.416667938232422,19.299999237060547,19.416667938232422,18300,18.241159439086914,0.0,0.0
FSFG,2019-05-06,19.416667938232422,19.416667938232422,19.1299991607666,19.1299991607666,3300,17.971847534179688,0.0,0.0
FSFG,2019-05-07,19.416667938232422,19.416667938232422,19.139999389648438,19.139999389648438,7500,17.98124122619629,0.0,0.0
FSFG,2019-05-08,19.166667938232422,19.329999923706055,19.05666732788086,19.110000610351562,17400,17.95305824279785,0.0,0.0
FSFG,2019-05-09,19.123332977294922,19.32666778564453,18.96666717529297,18.96666717529297,8700,17.818403244018555,0.0,0.0
FSFG,2019-05-10,19.626667022705078,19.626667022705078,19.606666564941406,19.606666564941406,2700,18.419654846191406,0.0,0.0
FSFG,2019-05-13,19.246667861938477,19.246667861938477,19.246667861938477,19.246667861938477,3900,18.081453323364258,0.0,0.0
FSFG,2019-05-14,19.34666633605957,19.52666664123535,19.040000915527344,19.52666664123535,6000,18.344501495361328,0.0,0.0
FSFG,2019-05-15,19.329999923706055,19.329999923706055,19.329999923706055,19.329999923706055,2400,18.159740447998047,0.0,0.0
FSFG,2019-05-16,19.299999237060547,19.78333282470703,19.299999237060547,19.78333282470703,5100,18.585628509521484,0.0,0.0
FSFG,2019-05-17,19.876667022705078,19.876667022705078,18.713333129882812,19.413333892822266,8400,18.23802947998047,0.0,0.0
FSFG,2019-05-20,19.469999313354492,19.469999313354492,19.420000076293945,19.420000076293945,4200,18.244291305541992,0.0,0.0
FSFG,2019-05-21,19.386667251586914,19.48666763305664,19.286666870117188,19.48666763305664,7200,18.306922912597656,0.0,0.0
FSFG,2019-05-22,19.483333587646484,21.639999389648438,19.483333587646484,21.023332595825195,22200,19.750551223754883,0.0,0.0
FSFG,2019-05-23,20.666667938232422,20.666667938232422,19.950000762939453,19.950000762939453,4200,18.742202758789062,0.0,0.0
FSFG,2019-05-24,20.25,20.666667938232422,20.15333366394043,20.15333366394043,8400,18.9332275390625,0.0,0.0
FSFG,2019-05-28,20.15333366394043,20.15333366394043,20.15333366394043,20.15333366394043,900,18.9332275390625,0.0,0.0
FSFG,2019-05-29,19.8700008392334,20.489999771118164,19.450000762939453,19.450000762939453,3900,18.272476196289062,0.0,0.0
FSFG,2019-05-30,19.53333282470703,20.0,19.273332595825195,19.53333282470703,13500,18.35076332092285,0.0,0.0
FSFG,2019-05-31,19.333332061767578,19.333332061767578,19.040000915527344,19.083332061767578,12900,17.928007125854492,0.0,0.0
FSFG,2019-06-03,18.873332977294922,19.049999237060547,18.773332595825195,19.0,10800,17.84971809387207,0.0,0.0
FSFG,2019-06-04,19.47333335876465,19.47333335876465,18.84000015258789,19.15999984741211,5100,18.000032424926758,0.0,0.0
FSFG,2019-06-05,18.850000381469727,19.246667861938477,18.80666732788086,19.016666412353516,16500,17.865375518798828,0.0,0.0
FSFG,2019-06-06,18.706666946411133,19.0,18.706666946411133,18.706666946411133,7500,17.574142456054688,0.0,0.0
FSFG,2019-06-07,18.833332061767578,18.97333335876465,18.666667938232422,18.97333335876465,33900,17.824663162231445,0.0,0.0
FSFG,2019-06-10,19.26333236694336,19.333332061767578,19.166667938232422,19.333332061767578,16200,18.162870407104492,0.0,0.0
FSFG,2019-06-11,19.333332061767578,19.633333206176758,19.309999465942383,19.49333381652832,15000,18.31318473815918,0.0,0.0
FSFG,2019-06-12,19.53333282470703,20.0,19.5,19.833332061767578,17100,18.63260269165039,0.0,0.0
FSFG,2019-06-13,19.766666412353516,20.0,19.5,19.74333381652832,41400,18.598064422607422,0.053333,0.0
FSFG,2019-06-14,19.93000030517578,20.226667404174805,19.5,19.706666946411133,9600,18.563522338867188,0.0,0.0
FSFG,2019-06-17,19.600000381469727,19.90999984741211,19.416667938232422,19.56999969482422,24300,18.434783935546875,0.0,0.0
FSFG,2019-06-18,19.74333381652832,19.863332748413086,19.5,19.613332748413086,17400,18.475601196289062,0.0,0.0
FSFG,2019-06-19,19.656667709350586,19.656667709350586,19.373332977294922,19.3799991607666,30600,18.255802154541016,0.0,0.0
FSFG,2019-06-20,19.59000015258789,20.183332443237305,19.206666946411133,19.23666763305664,12600,18.120784759521484,0.0,0.0
FSFG,2019-06-21,19.126667022705078,20.0,19.126667022705078,20.0,27900,18.8398380279541,0.0,0.0
FSFG,2019-06-24,19.80666732788086,19.94333267211914,19.25,19.25,27300,18.133346557617188,0.0,0.0
FSFG,2019-06-25,19.233333587646484,19.469999313354492,19.233333587646484,19.28333282470703,20100,18.164743423461914,0.0,0.0
FSFG,2019-06-26,19.399999618530273,19.56999969482422,19.333332061767578,19.333332061767578,20100,18.211843490600586,0.0,0.0
FSFG,2019-06-27,19.666667938232422,19.983333587646484,19.666667938232422,19.866666793823242,46500,18.714235305786133,0.0,0.0
FSFG,2019-06-28,19.996667861938477,20.30666732788086,19.690000534057617,20.0,594900,18.8398380279541,0.0,0.0
FSFG,2019-07-01,20.15999984741211,20.636667251586914,19.833332061767578,19.833332061767578,18300,18.682842254638672,0.0,0.0
FSFG,2019-07-02,20.00666618347168,20.55666732788086,19.833332061767578,19.833332061767578,13800,18.682842254638672,0.0,0.0
FSFG,2019-07-03,19.833332061767578,19.950000762939453,19.833332061767578,19.833332061767578,14700,18.682842254638672,0.0,0.0
FSFG,2019-07-05,19.833332061767578,20.299999237060547,19.833332061767578,20.299999237060547,5100,19.1224365234375,0.0,0.0
FSFG,2019-07-08,20.213333129882812,20.213333129882812,19.816667556762695,20.149999618530273,17700,18.981136322021484,0.0,0.0
FSFG,2019-07-09,20.03333282470703,20.03333282470703,19.916667938232422,19.916667938232422,3300,18.761337280273438,0.0,0.0
FSFG,2019-07-10,20.010000228881836,20.010000228881836,19.916667938232422,19.983333587646484,15600,18.82413673400879,0.0,0.0
FSFG,2019-07-11,19.950000762939453,19.96666717529297,19.950000762939453,19.96666717529297,3600,18.808441162109375,0.0,0.0
FSFG,2019-07-12,19.983333587646484,19.989999771118164,19.843332290649414,19.843332290649414,19800,18.6922607421875,0.0,0.0
FSFG,2019-07-15,19.89666748046875,20.0,19.856666564941406,20.0,6000,18.8398380279541,0.0,0.0
FSFG,2019-07-16,19.96666717529297,20.110000610351562,19.856666564941406,19.856666564941406,43800,18.704818725585938,0.0,0.0
FSFG,2019-07-17,19.940000534057617,19.940000534057617,19.940000534057617,19.940000534057617,300,18.78331756591797,0.0,0.0
FSFG,2019-07-18,19.996667861938477,19.996667861938477,19.860000610351562,19.883333206176758,16200,18.72994041442871,0.0,0.0
FSFG,2019-07-19,19.850000381469727,19.959999084472656,19.850000381469727,19.893333435058594,13500,18.73935890197754,0.0,0.0
FSFG,2019-07-22,19.893333435058594,19.893333435058594,19.893333435058594,19.893333435058594,900,18.73935890197754,0.0,0.0
FSFG,2019-07-23,19.976667404174805,20.0,19.883333206176758,19.883333206176758,9300,18.72994041442871,0.0,0.0
FSFG,2019-07-24,19.883333206176758,20.0,19.883333206176758,20.0,8100,18.8398380279541,0.0,0.0
FSFG,2019-07-25,20.0,20.0,20.0,20.0,300,18.8398380279541,0.0,0.0
FSFG,2019-07-26,20.0,20.0,19.933332443237305,19.933332443237305,3900,18.77703857421875,0.0,0.0
FSFG,2019-07-29,20.049999237060547,20.049999237060547,20.043333053588867,20.043333053588867,3000,18.880657196044922,0.0,0.0
FSFG,2019-07-30,20.00666618347168,20.309999465942383,20.00666618347168,20.27666664123535,10800,19.1004581451416,0.0,0.0
FSFG,2019-07-31,20.18000030517578,20.316667556762695,20.18000030517578,20.183332443237305,6600,19.012537002563477,0.0,0.0
FSFG,2019-08-01,20.206666946411133,20.59666633605957,20.206666946411133,20.366666793823242,3000,19.18523406982422,0.0,0.0
FSFG,2019-08-02,20.373332977294922,20.373332977294922,20.266666412353516,20.28333282470703,5400,19.106735229492188,0.0,0.0
FSFG,2019-08-05,20.233333587646484,20.450000762939453,20.233333587646484,20.270000457763672,2700,19.094179153442383,0.0,0.0
FSFG,2019-08-06,20.416667938232422,20.600000381469727,20.266666412353516,20.333332061767578,7500,19.153837203979492,0.0,0.0
FSFG,2019-08-07,20.219999313354492,20.290000915527344,20.183332443237305,20.183332443237305,8700,19.012537002563477,0.0,0.0
FSFG,2019-08-08,20.190000534057617,20.333332061767578,20.190000534057617,20.200000762939453,6600,19.028240203857422,0.0,0.0
FSFG,2019-08-09,20.356666564941406,20.356666564941406,20.25,20.25,4200,19.075336456298828,0.0,0.0
FSFG,2019-08-12,20.21666717529297,20.34666633605957,20.21666717529297,20.34666633605957,3600,19.166397094726562,0.0,0.0
FSFG,2019-08-13,20.366666793823242,20.366666793823242,20.366666793823242,20.366666793823242,2400,19.18523406982422,0.0,0.0
FSFG,2019-08-14,20.53333282470703,20.53333282470703,20.53333282470703,20.53333282470703,300,19.342233657836914,0.0,0.0
FSFG,2019-08-15,20.416667938232422,20.416667938232422,20.366666793823242,20.416667938232422,11400,19.232337951660156,0.0,0.0
FSFG,2019-08-16,20.433332443237305,20.433332443237305,20.43000030517578,20.43000030517578,2400,19.24489974975586,0.0,0.0
FSFG,2019-08-19,20.366666793823242,20.459999084472656,20.25666618347168,20.293333053588867,12600,19.11615562438965,0.0,0.0
FSFG,2019-08-20,20.293333053588867,20.293333053588867,20.293333053588867,20.293333053588867,0,19.11615562438965,0.0,0.0
FSFG,2019-08-21,20.25666618347168,20.25666618347168,20.25666618347168,20.25666618347168,4200,19.08161735534668,0.0,0.0
FSFG,2019-08-22,20.31333351135254,20.31333351135254,20.17333221435547,20.239999771118164,11100,19.06591796875,0.0,0.0
FSFG,2019-08-23,20.17333221435547,20.17333221435547,20.17333221435547,20.17333221435547,1800,19.003114700317383,0.0,0.0
FSFG,2019-08-26,20.053333282470703,20.086666107177734,20.040000915527344,20.086666107177734,3300,18.92147445678711,0.0,0.0
FSFG,2019-08-27,20.190000534057617,20.190000534057617,19.413333892822266,19.413333892822266,10800,18.287202835083008,0.0,0.0
FSFG,2019-08-28,19.50666618347168,19.520000457763672,19.50666618347168,19.520000457763672,1500,18.38768196105957,0.0,0.0
FSFG,2019-08-29,19.523332595825195,19.850000381469727,19.523332595825195,19.540000915527344,2100,18.406522750854492,0.0,0.0
FSFG,2019-08-30,19.67333221435547,19.80666732788086,19.52666664123535,19.52666664123535,2100,18.393962860107422,0.0,0.0
FSFG,2019-09-03,19.583332061767578,19.78333282470703,19.583332061767578,19.78333282470703,2400,18.635740280151367,0.0,0.0
FSFG,2019-09-04,20.239999771118164,20.239999771118164,20.239999771118164,20.239999771118164,1200,19.06591796875,0.0,0.0
FSFG,2019-09-05,19.766666412353516,19.766666412353516,19.766666412353516,19.766666412353516,1800,18.620044708251953,0.0,0.0
FSFG,2019-09-06,19.766666412353516,19.766666412353516,19.766666412353516,19.766666412353516,0,18.620044708251953,0.0,0.0
FSFG,2019-09-09,19.649999618530273,19.746667861938477,19.649999618530273,19.746667861938477,5400,18.601198196411133,0.0,0.0
FSFG,2019-09-10,19.67333221435547,19.683332443237305,19.67333221435547,19.683332443237305,900,18.541540145874023,0.0,0.0
FSFG,2019-09-11,19.690000534057617,19.75,19.690000534057617,19.75,4200,18.604339599609375,0.0,0.0
FSFG,2019-09-12,19.886667251586914,19.886667251586914,19.75,19.883333206176758,21600,18.78065299987793,0.053333,0.0
FSFG,2019-09-13,19.773332595825195,20.15333366394043,19.773332595825195,20.1299991607666,7200,19.01364517211914,0.0,0.0
FSFG,2019-09-16,19.926666259765625,20.286666870117188,19.926666259765625,20.286666870117188,7500,19.16162109375,0.0,0.0
FSFG,2019-09-17,20.600000381469727,20.73666763305664,20.083332061767578,20.083332061767578,4200,18.969560623168945,0.0,0.0
FSFG,2019-09-18,20.166667938232422,21.15333366394043,20.166667938232422,20.549999237060547,24600,19.41034698486328,0.0,0.0
FSFG,2019-09-19,20.260000228881836,20.600000381469727,20.260000228881836,20.48666763305664,9900,19.350526809692383,0.0,0.0
FSFG,2019-09-20,20.273332595825195,20.753332138061523,20.21666717529297,20.67333221435547,14700,19.52684211730957,0.0,0.0
FSFG,2019-09-23,20.616666793823242,20.666667938232422,20.583332061767578,20.666667938232422,5700,19.520545959472656,0.0,0.0
FSFG,2019-09-24,20.989999771118164,21.40333366394043,20.836666107177734,21.149999618530273,17700,19.977073669433594,0.0,0.0
FSFG,2019-09-25,21.073333740234375,21.166667938232422,20.963333129882812,21.166667938232422,3000,19.992820739746094,0.0,0.0
FSFG,2019-09-26,21.18666648864746,21.266666412353516,21.0,21.260000228881836,9900,20.080974578857422,0.0,0.0
FSFG,2019-09-27,21.156667709350586,21.156667709350586,20.10333251953125,20.523332595825195,10200,19.385160446166992,0.0,0.0
FSFG,2019-09-30,20.50666618347168,21.09666633605957,20.50666618347168,21.073333740234375,9900,19.9046630859375,0.0,0.0
FSFG,2019-10-01,21.09666633605957,21.09666633605957,20.72333335876465,20.729999542236328,6300,19.58036231994629,0.0,0.0
FSFG,2019-10-02,20.583332061767578,20.583332061767578,20.43666648864746,20.56999969482422,6600,19.429241180419922,0.0,0.0
FSFG,2019-10-03,20.166667938232422,20.636667251586914,20.166667938232422,20.46666717529297,6000,19.331636428833008,0.0,0.0
FSFG,2019-10-04,20.559999465942383,21.1299991607666,20.559999465942383,20.979999542236328,14400,19.816505432128906,0.0,0.0
FSFG,2019-10-07,21.079999923706055,21.079999923706055,20.866666793823242,20.866666793823242,3000,19.709455490112305,0.0,0.0
FSFG,2019-10-08,20.866666793823242,21.049999237060547,20.850000381469727,21.0,2700,19.83539581298828,0.0,0.0
FSFG,2019-10-09,21.0,21.0,21.0,21.0,900,19.83539581298828,0.0,0.0
FSFG,2019-10-10,21.083332061767578,21.083332061767578,20.989999771118164,20.989999771118164,1800,19.825950622558594,0.0,0.0
FSFG,2019-10-11,21.079999923706055,21.079999923706055,20.90333366394043,20.90333366394043,2400,19.74408721923828,0.0,0.0
FSFG,2019-10-14,20.583332061767578,20.583332061767578,20.583332061767578,20.583332061767578,300,19.441831588745117,0.0,0.0
FSFG,2019-10-15,20.559999465942383,20.559999465942383,20.559999465942383,20.559999465942383,600,19.41979217529297,0.0,0.0
FSFG,2019-10-16,20.883333206176758,20.883333206176758,20.883333206176758,20.883333206176758,1500,19.725196838378906,0.0,0.0
FSFG,2019-10-17,20.829999923706055,20.829999923706055,20.829999923706055,20.829999923706055,2100,19.674821853637695,0.0,0.0
FSFG,2019-10-18,20.829999923706055,20.829999923706055,20.829999923706055,20.829999923706055,600,19.674821853637695,0.0,0.0
FSFG,2019-10-21,20.816667556762695,21.046667098999023,20.59666633605957,20.823333740234375,10800,19.668527603149414,0.0,0.0
FSFG,2019-10-22,20.81999969482422,20.833332061767578,20.6200008392334,20.6200008392334,3300,19.476469039916992,0.0,0.0
FSFG,2019-10-23,20.916667938232422,20.916667938232422,20.623332977294922,20.623332977294922,1200,19.4796142578125,0.0,0.0
FSFG,2019-10-24,21.083332061767578,21.083332061767578,20.753332138061523,20.753332138061523,1800,19.602405548095703,0.0,0.0
FSFG,2019-10-25,21.083332061767578,21.083332061767578,20.6299991607666,20.6299991607666,3600,19.48590850830078,0.0,0.0
FSFG,2019-10-28,20.639999389648438,20.809999465942383,20.623332977294922,20.623332977294922,3000,19.4796142578125,0.0,0.0
FSFG,2019-10-29,20.426666259765625,20.57666778564453,20.426666259765625,20.43666648864746,5700,19.30330467224121,0.0,0.0
FSFG,2019-10-30,20.496667861938477,20.53333282470703,20.383333206176758,20.383333206176758,6600,19.2529239654541,0.0,0.0
FSFG,2019-10-31,20.573333740234375,20.593332290649414,20.573333740234375,20.593332290649414,900,19.45128059387207,0.0,0.0
FSFG,2019-11-01,20.593332290649414,20.593332290649414,20.593332290649414,20.593332290649414,0,19.45128059387207,0.0,0.0
FSFG,2019-11-04,20.85333251953125,20.883333206176758,20.670000076293945,20.670000076293945,4800,19.523693084716797,0.0,0.0
FSFG,2019-11-05,20.616666793823242,20.656667709350586,20.616666793823242,20.656667709350586,4200,19.511106491088867,0.0,0.0
FSFG,2019-11-06,21.0,21.0,20.916667938232422,20.916667938232422,2400,19.756681442260742,0.0,0.0
FSFG,2019-11-07,20.883333206176758,21.0,20.883333206176758,21.0,10200,19.83539581298828,0.0,0.0
FSFG,2019-11-08,21.0,21.0,21.0,21.0,300,19.83539581298828,0.0,0.0
FSFG,2019-11-11,21.0,21.0,20.809999465942383,20.953332901000977,3000,19.791316986083984,0.0,0.0
FSFG,2019-11-12,20.959999084472656,21.083332061767578,20.73666763305664,21.00666618347168,31500,19.841690063476562,0.0,0.0
FSFG,2019-11-13,21.00666618347168,21.00666618347168,21.00666618347168,21.00666618347168,300,19.841690063476562,0.0,0.0
FSFG,2019-11-14,21.00666618347168,21.00666618347168,21.00666618347168,21.00666618347168,300,19.841690063476562,0.0,0.0
FSFG,2019-11-15,22.003332138061523,22.003332138061523,21.746667861938477,22.0,9000,20.779935836791992,0.0,0.0
FSFG,2019-11-18,22.1299991607666,22.92333221435547,21.6200008392334,21.983333587646484,21600,20.764190673828125,0.0,0.0
FSFG,2019-11-19,22.74333381652832,22.74333381652832,22.049999237060547,22.53333282470703,12000,21.283689498901367,0.0,0.0
FSFG,2019-11-20,22.5,22.5,22.1200008392334,22.133333206176758,7500,20.9058780670166,0.0,0.0
FSFG,2019-11-21,22.24333381652832,22.450000762939453,21.843332290649414,22.116666793823242,15000,20.890134811401367,0.0,0.0
FSFG,2019-11-22,22.456666946411133,22.833332061767578,22.040000915527344,22.21666717529297,11700,20.984588623046875,0.0,0.0
FSFG,2019-11-25,22.383333206176758,22.46666717529297,22.049999237060547,22.46666717529297,5700,21.220722198486328,0.0,0.0
FSFG,2019-11-26,22.666667938232422,22.666667938232422,22.610000610351562,22.64666748046875,5400,21.3907413482666,0.0,0.0
FSFG,2019-11-27,22.316667556762695,22.316667556762695,22.0,22.0,5700,20.779935836791992,0.0,0.0
FSFG,2019-11-29,22.0,22.0,22.0,22.0,0,20.779935836791992,0.0,0.0
FSFG,2019-12-02,22.239999771118164,22.633333206176758,22.23666763305664,22.333332061767578,12900,21.09478187561035,0.0,0.0
FSFG,2019-12-03,22.59666633605957,22.59666633605957,22.0,22.016666412353516,7200,20.795679092407227,0.0,0.0
FSFG,2019-12-04,22.549999237060547,22.549999237060547,22.266666412353516,22.34000015258789,4200,21.1010799407959,0.0,0.0
FSFG,2019-12-05,22.366666793823242,22.523332595825195,22.366666793823242,22.3700008392334,57300,21.12941551208496,0.0,0.0
FSFG,2019-12-06,22.593332290649414,22.59666633605957,22.366666793823242,22.416667938232422,5100,21.173494338989258,0.0,0.0
FSFG,2019-12-09,22.209999084472656,22.48666763305664,22.209999084472656,22.47333335876465,6000,21.227020263671875,0.0,0.0
FSFG,2019-12-10,22.286666870117188,22.64666748046875,22.286666870117188,22.64666748046875,10200,21.3907413482666,0.0,0.0
FSFG,2019-12-11,22.649999618530273,22.649999618530273,22.393333435058594,22.43666648864746,9000,21.192386627197266,0.0,0.0
FSFG,2019-12-12,22.363332748413086,22.649999618530273,22.363332748413086,22.510000228881836,5700,21.31230926513672,0.053333,0.0
FSFG,2019-12-13,22.579999923706055,22.649999618530273,22.43666648864746,22.46666717529297,22200,21.271286010742188,0.0,0.0
FSFG,2019-12-16,22.57666778564453,22.57666778564453,22.573333740234375,22.573333740234375,5400,21.372278213500977,0.0,0.0
FSFG,2019-12-17,22.573333740234375,22.573333740234375,22.53333282470703,22.573333740234375,9300,21.372278213500977,0.0,0.0
FSFG,2019-12-18,22.5,22.5,22.26333236694336,22.299999237060547,4800,21.113481521606445,0.0,0.0
FSFG,2019-12-19,22.336666107177734,22.5,22.286666870117188,22.39666748046875,4500,21.20500946044922,0.0,0.0
FSFG,2019-12-20,22.333332061767578,22.47333335876465,22.086666107177734,22.25,36900,21.06614875793457,0.0,0.0
FSFG,2019-12-23,22.266666412353516,22.5,22.14666748046875,22.30666732788086,10500,21.11979866027832,0.0,0.0
FSFG,2019-12-24,22.15999984741211,22.459999084472656,22.15999984741211,22.280000686645508,3600,21.09454917907715,0.0,0.0
FSFG,2019-12-26,22.299999237060547,22.299999237060547,22.139999389648438,22.200000762939453,4500,21.01880645751953,0.0,0.0
FSFG,2019-12-27,22.03333282470703,22.329999923706055,21.983333587646484,22.329999923706055,10200,21.141889572143555,0.0,0.0
FSFG,2019-12-30,22.116666793823242,22.416667938232422,22.0,22.296667098999023,15000,21.11033058166504,0.0,0.0
FSFG,2019-12-31,22.25,22.40333366394043,22.166667938232422,22.366666793823242,37800,21.17660903930664,0.0,0.0
FSFG,2020-01-02,22.316667556762695,22.316667556762695,22.020000457763672,22.200000762939453,4800,21.01880645751953,0.0,0.0
FSFG,2020-01-03,22.053333282470703,22.233333587646484,21.829999923706055,22.053333282470703,22800,20.879941940307617,0.0,0.0
FSFG,2020-01-06,22.176666259765625,22.219999313354492,22.083332061767578,22.086666107177734,18000,20.9115047454834,0.0,0.0
FSFG,2020-01-07,22.053333282470703,22.053333282470703,22.020000457763672,22.03333282470703,4800,20.861007690429688,0.0,0.0
FSFG,2020-01-08,22.0,22.0,21.74333381652832,21.77666664123535,4800,20.617998123168945,0.0,0.0
FSFG,2020-01-09,21.5,21.82666778564453,21.356666564941406,21.71666717529297,27000,20.561189651489258,0.0,0.0
FSFG,2020-01-10,21.883333206176758,21.906667709350586,21.883333206176758,21.906667709350586,2100,20.7410831451416,0.0,0.0
FSFG,2020-01-13,21.916667938232422,21.933332443237305,21.843332290649414,21.92333221435547,8700,20.75686264038086,0.0,0.0
FSFG,2020-01-14,21.683332443237305,21.850000381469727,21.683332443237305,21.850000381469727,9900,20.687429428100586,0.0,0.0
FSFG,2020-01-15,21.84666633605957,21.84666633605957,21.84666633605957,21.84666633605957,1200,20.68427276611328,0.0,0.0
FSFG,2020-01-16,21.68666648864746,21.739999771118164,21.68666648864746,21.739999771118164,1800,20.583284378051758,0.0,0.0
FSFG,2020-01-17,21.59000015258789,21.666667938232422,21.59000015258789,21.636667251586914,7200,20.485445022583008,0.0,0.0
FSFG,2020-01-21,21.52666664123535,21.703332901000977,21.52666664123535,21.553333282470703,2100,20.406545639038086,0.0,0.0
FSFG,2020-01-22,21.57666778564453,21.71666717529297,21.57666778564453,21.71666717529297,22800,20.561189651489258,0.0,0.0
FSFG,2020-01-23,21.703332901000977,21.713333129882812,21.463333129882812,21.463333129882812,33600,20.321334838867188,0.0,0.0
FSFG,2020-01-24,21.483333587646484,21.483333587646484,21.3700008392334,21.416667938232422,14400,20.27715301513672,0.0,0.0
FSFG,2020-01-27,21.303333282470703,21.46666717529297,21.303333282470703,21.35333251953125,10800,20.217185974121094,0.0,0.0
FSFG,2020-01-28,21.333332061767578,21.453332901000977,21.18000030517578,21.399999618530273,27300,20.261371612548828,0.0,0.0
FSFG,2020-01-29,21.266666412353516,21.333332061767578,21.24333381652832,21.333332061767578,11400,20.198251724243164,0.0,0.0
FSFG,2020-01-30,21.333332061767578,21.333332061767578,21.273332595825195,21.273332595825195,12000,20.141443252563477,0.0,0.0
FSFG,2020-01-31,21.25,21.333332061767578,21.166667938232422,21.333332061767578,24300,20.198251724243164,0.0,0.0
FSFG,2020-02-03,21.213333129882812,21.246667861938477,21.053333282470703,21.053333282470703,12600,19.933149337768555,0.0,0.0
FSFG,2020-02-04,21.053333282470703,21.166667938232422,21.053333282470703,21.123332977294922,12600,19.999422073364258,0.0,0.0
FSFG,2020-02-05,21.27666664123535,21.6299991607666,21.10333251953125,21.15999984741211,128700,20.034141540527344,0.0,0.0
FSFG,2020-02-06,21.133333206176758,21.399999618530273,21.133333206176758,21.34000015258789,14400,20.204565048217773,0.0,0.0
FSFG,2020-02-07,21.333332061767578,21.399999618530273,21.21666717529297,21.22333335876465,6900,20.094104766845703,0.0,0.0
FSFG,2020-02-10,21.09000015258789,21.360000610351562,21.09000015258789,21.270000457763672,5700,20.13829231262207,0.0,0.0
FSFG,2020-02-11,21.183332443237305,21.366666793823242,21.166667938232422,21.176666259765625,16500,20.049922943115234,0.0,0.0
FSFG,2020-02-12,21.299999237060547,21.299999237060547,21.299999237060547,21.299999237060547,2100,20.16669464111328,0.0,0.0
FSFG,2020-02-13,21.32666778564453,21.32666778564453,21.25,21.273332595825195,7200,20.141443252563477,0.0,0.0
FSFG,2020-02-14,21.18666648864746,21.389999389648438,21.166667938232422,21.23666763305664,45900,20.10672950744629,0.0,0.0
FSFG,2020-02-18,21.17333221435547,21.19333267211914,21.106666564941406,21.14666748046875,22800,20.021516799926758,0.0,0.0
FSFG,2020-02-19,21.049999237060547,21.15999984741211,21.049999237060547,21.133333206176758,7800,20.008895874023438,0.0,0.0
FSFG,2020-02-20,21.133333206176758,21.139999389648438,21.06999969482422,21.083332061767578,12300,19.961551666259766,0.0,0.0
FSFG,2020-02-21,21.156667709350586,21.15999984741211,21.100000381469727,21.10333251953125,5700,19.98048973083496,0.0,0.0
FSFG,2020-02-24,21.059999465942383,21.149999618530273,20.8700008392334,21.149999618530273,8700,20.024675369262695,0.0,0.0
FSFG,2020-02-25,21.0,21.156667709350586,21.0,21.156667709350586,4500,20.030982971191406,0.0,0.0
FSFG,2020-02-26,21.020000457763672,21.149999618530273,21.020000457763672,21.06999969482422,7800,19.948930740356445,0.0,0.0
FSFG,2020-02-27,21.066667556762695,21.156667709350586,21.0,21.01333236694336,12000,19.895278930664062,0.0,0.0
FSFG,2020-02-28,20.94333267211914,20.94333267211914,20.350000381469727,20.816667556762695,24000,19.709075927734375,0.0,0.0
FSFG,2020-03-02,20.863332748413086,20.863332748413086,20.606666564941406,20.6200008392334,3900,19.52287483215332,0.0,0.0
FSFG,2020-03-03,20.456666946411133,20.969999313354492,20.350000381469727,20.969999313354492,11700,19.854249954223633,0.0,0.0
FSFG,2020-03-04,18.623332977294922,21.049999237060547,18.623332977294922,21.049999237060547,9000,19.92999267578125,0.0,0.0
FSFG,2020-03-05,20.540000915527344,20.566667556762695,20.3799991607666,20.46666717529297,9000,19.377700805664062,0.0,0.0
FSFG,2020-03-06,19.98666763305664,20.316667556762695,19.950000762939453,19.950000762939453,5700,18.88852310180664,0.0,0.0
FSFG,2020-03-09,20.00666618347168,20.00666618347168,18.49333381652832,19.31999969482422,3300,18.29203987121582,0.0,0.0
FSFG,2020-03-10,19.31999969482422,19.49333381652832,18.333332061767578,18.74333381652832,24300,17.74605941772461,0.0,0.0
FSFG,2020-03-11,18.74333381652832,18.74333381652832,18.459999084472656,18.6299991607666,15300,17.638751983642578,0.0,0.0
FSFG,2020-03-12,18.56333351135254,18.633333206176758,16.666667938232422,16.666667938232422,7500,15.779888153076172,0.0,0.0
FSFG,2020-03-13,17.030000686645508,18.163333892822266,17.030000686645508,17.053333282470703,16200,16.145980834960938,0.0,0.0
FSFG,2020-03-16,16.0,16.0,14.063332557678223,14.550000190734863,26100,13.821767807006836,0.056667,0.0
FSFG,2020-03-17,15.579999923706055,15.579999923706055,15.579999923706055,15.579999923706055,600,14.800215721130371,0.0,0.0
FSFG,2020-03-18,13.933333396911621,14.903332710266113,11.666666984558105,11.803333282470703,15600,11.212573051452637,0.0,0.0
FSFG,2020-03-19,11.770000457763672,12.236666679382324,10.44333267211914,10.733332633972168,32700,10.196125984191895,0.0,0.0
FSFG,2020-03-20,10.6899995803833,11.083333015441895,10.546667098999023,10.686667442321777,26700,10.1517972946167,0.0,0.0
FSFG,2020-03-23,10.673333168029785,10.673333168029785,9.833333015441895,10.010000228881836,12900,9.508996963500977,0.0,0.0
FSFG,2020-03-24,10.706666946411133,11.456666946411133,10.183333396911621,10.666666984558105,24000,10.132797241210938,0.0,0.0
FSFG,2020-03-25,11.0,11.800000190734863,10.303333282470703,11.30666732788086,27600,10.740764617919922,0.0,0.0
FSFG,2020-03-26,11.329999923706055,12.350000381469727,11.329999923706055,11.720000267028809,19200,11.13340950012207,0.0,0.0
FSFG,2020-03-27,12.0,12.466667175292969,12.0,12.466667175292969,36900,11.842706680297852,0.0,0.0
FSFG,2020-03-30,13.859999656677246,13.859999656677246,13.5,13.666666984558105,6600,12.982646942138672,0.0,0.0
FSFG,2020-03-31,13.239999771118164,13.333333015441895,12.546667098999023,12.983332633972168,6600,12.333511352539062,0.0,0.0
FSFG,2020-04-01,13.333333015441895,13.826666831970215,13.00333309173584,13.00333309173584,5100,12.35251235961914,0.0,0.0
FSFG,2020-04-02,13.0,13.930000305175781,13.0,13.006667137145996,19800,12.355677604675293,0.0,0.0
FSFG,2020-04-03,13.333333015441895,13.333333015441895,12.513333320617676,12.666666984558105,27600,12.032696723937988,0.0,0.0
FSFG,2020-04-06,12.876667022705078,12.883333206176758,12.833333015441895,12.833333015441895,5400,12.191020011901855,0.0,0.0
FSFG,2020-04-07,13.0,13.0,12.91333293914795,12.966667175292969,5400,12.317683219909668,0.0,0.0
FSFG,2020-04-08,13.0,14.733332633972168,12.946666717529297,14.733332633972168,9000,13.995925903320312,0.0,0.0
FSFG,2020-04-09,14.66333293914795,14.666666984558105,13.470000267028809,14.073332786560059,12900,13.36895751953125,0.0,0.0
FSFG,2020-04-13,13.600000381469727,14.0,13.333333015441895,14.0,11700,13.299295425415039,0.0,0.0
FSFG,2020-04-14,14.146666526794434,14.333333015441895,13.670000076293945,14.260000228881836,5700,13.546282768249512,0.0,0.0
FSFG,2020-04-15,14.333333015441895,14.333333015441895,14.333333015441895,14.333333015441895,900,13.615945816040039,0.0,0.0
FSFG,2020-04-16,13.446666717529297,14.666666984558105,13.446666717529297,14.103333473205566,8700,13.39745807647705,0.0,0.0
FSFG,2020-04-17,13.833333015441895,14.25,13.053333282470703,14.096667289733887,7800,13.391124725341797,0.0,0.0
FSFG,2020-04-20,13.813332557678223,13.993332862854004,13.703332901000977,13.993332862854004,6300,13.292961120605469,0.0,0.0
FSFG,2020-04-21,13.920000076293945,14.276666641235352,13.149999618530273,13.5,21000,12.824319839477539,0.0,0.0
FSFG,2020-04-22,13.380000114440918,13.380000114440918,13.380000114440918,13.380000114440918,600,12.710328102111816,0.0,0.0
FSFG,2020-04-23,13.5,14.65666675567627,13.386667251586914,14.65666675567627,8700,13.923094749450684,0.0,0.0
FSFG,2020-04-24,14.65666675567627,14.65666675567627,14.65666675567627,14.65666675567627,0,13.923094749450684,0.0,0.0
FSFG,2020-04-27,13.793333053588867,14.666666984558105,13.793333053588867,14.333333015441895,3600,13.615945816040039,0.0,0.0
FSFG,2020-04-28,14.333333015441895,14.436667442321777,14.020000457763672,14.393333435058594,13500,13.672942161560059,0.0,0.0
FSFG,2020-04-29,14.266667366027832,14.666666984558105,13.833333015441895,14.323332786560059,15900,13.606447219848633,0.0,0.0
FSFG,2020-04-30,14.65999984741211,14.65999984741211,13.83666706085205,14.479999542236328,9900,13.755271911621094,0.0,0.0
FSFG,2020-05-01,14.5,14.5,14.0600004196167,14.333333015441895,8700,13.615945816040039,0.0,0.0
FSFG,2020-05-04,14.05666732788086,14.333333015441895,14.05666732788086,14.333333015441895,10500,13.615945816040039,0.0,0.0
FSFG,2020-05-05,14.5,14.5,14.25,14.333333015441895,5400,13.615945816040039,0.0,0.0
FSFG,2020-05-06,14.333333015441895,14.666666984558105,14.09000015258789,14.25,14100,13.536783218383789,0.0,0.0
FSFG,2020-05-07,14.166666984558105,14.289999961853027,14.039999961853027,14.166666984558105,18300,13.457621574401855,0.0,0.0
FSFG,2020-05-08,14.353333473205566,14.666666984558105,14.333333015441895,14.666666984558105,7800,13.932596206665039,0.0,0.0
FSFG,2020-05-11,14.399999618530273,15.0,14.34333324432373,14.40999984741211,17400,13.688775062561035,0.0,0.0
FSFG,2020-05-12,14.403332710266113,14.65666675567627,14.220000267028809,14.220000267028809,9300,13.508284568786621,0.0,0.0
FSFG,2020-05-13,14.466667175292969,14.5,13.946666717529297,14.5,12000,13.774271965026855,0.0,0.0
FSFG,2020-05-14,14.039999961853027,14.08666706085205,13.613332748413086,13.766667366027832,16800,13.077641487121582,0.0,0.0
FSFG,2020-05-15,13.766667366027832,13.766667366027832,13.766667366027832,13.766667366027832,0,13.077641487121582,0.0,0.0
FSFG,2020-05-18,13.876667022705078,14.833333015441895,13.876667022705078,14.630000114440918,11700,13.8977632522583,0.0,0.0
FSFG,2020-05-19,14.166666984558105,14.166666984558105,13.616666793823242,14.166666984558105,10500,13.457621574401855,0.0,0.0
FSFG,2020-05-20,14.0,14.319999694824219,13.773332595825195,13.903332710266113,36900,13.207466125488281,0.0,0.0
FSFG,2020-05-21,14.016667366027832,14.233332633972168,13.376667022705078,13.869999885559082,15300,13.175803184509277,0.0,0.0
FSFG,2020-05-22,14.066666603088379,14.066666603088379,13.65999984741211,13.65999984741211,3600,12.976312637329102,0.0,0.0
FSFG,2020-05-26,13.670000076293945,13.949999809265137,13.356666564941406,13.356666564941406,23400,12.688161849975586,0.0,0.0
FSFG,2020-05-27,13.49666690826416,13.949999809265137,13.49666690826416,13.683333396911621,14100,12.9984769821167,0.0,0.0
FSFG,2020-05-28,13.666666984558105,13.666666984558105,13.666666984558105,13.666666984558105,2700,12.982646942138672,0.0,0.0
FSFG,2020-05-29,13.666666984558105,13.666666984558105,13.666666984558105,13.666666984558105,0,12.982646942138672,0.0,0.0
FSFG,2020-06-01,13.949999809265137,14.013333320617676,13.50333309173584,13.520000457763672,20400,12.843320846557617,0.0,0.0
FSFG,2020-06-02,14.106666564941406,14.153332710266113,13.686667442321777,14.133333206176758,6300,13.425954818725586,0.0,0.0
FSFG,2020-06-03,13.91333293914795,14.233332633972168,13.91333293914795,14.220000267028809,4800,13.508284568786621,0.0,0.0
FSFG,2020-06-04,13.859999656677246,14.233332633972168,13.859999656677246,14.216667175292969,13500,13.505118370056152,0.0,0.0
FSFG,2020-06-05,14.233332633972168,15.323332786560059,14.166666984558105,14.989999771118164,15900,14.239745140075684,0.0,0.0
FSFG,2020-06-08,14.880000114440918,15.329999923706055,14.729999542236328,15.0,36300,14.249246597290039,0.0,0.0
FSFG,2020-06-09,14.933333396911621,15.0,14.369999885559082,14.983332633972168,6000,14.233412742614746,0.0,0.0
FSFG,2020-06-10,15.0,15.0,14.680000305175781,15.0,22500,14.249246597290039,0.0,0.0
FSFG,2020-06-11,14.670000076293945,14.989999771118164,14.670000076293945,14.670000076293945,8700,13.935761451721191,0.0,0.0
FSFG,2020-06-12,14.893333435058594,14.986666679382324,14.00333309173584,14.00333309173584,11700,13.302461624145508,0.0,0.0
FSFG,2020-06-15,14.583333015441895,14.963333129882812,13.94333267211914,14.963333129882812,25500,14.27216911315918,0.056667,0.0
FSFG,2020-06-16,15.0,15.0,14.0,15.0,8100,14.30714225769043,0.0,0.0
FSFG,2020-06-17,14.833333015441895,15.066666603088379,14.506667137145996,14.99666690826416,5100,14.303962707519531,0.0,0.0
FSFG,2020-06-18,14.99666690826416,15.666666984558105,14.893333435058594,14.903332710266113,22500,14.21493911743164,0.0,0.0
FSFG,2020-06-19,15.296667098999023,15.44333267211914,14.216667175292969,15.390000343322754,38100,14.67912769317627,0.0,0.0
FSFG,2020-06-22,15.356666564941406,15.483332633972168,15.069999694824219,15.460000038146973,28800,14.745893478393555,0.0,0.0
FSFG,2020-06-23,15.493332862854004,15.666666984558105,15.319999694824219,15.380000114440918,50100,14.66958999633789,0.0,0.0
FSFG,2020-06-24,15.466667175292969,15.466667175292969,13.956666946411133,15.399999618530273,46200,14.688664436340332,0.0,0.0
FSFG,2020-06-25,15.109999656677246,15.466667175292969,15.109999656677246,15.466667175292969,48300,14.752252578735352,0.0,0.0
FSFG,2020-06-26,15.266667366027832,15.466667175292969,14.033332824707031,14.506667137145996,585300,13.836597442626953,0.0,0.0
FSFG,2020-06-29,14.8100004196167,14.8100004196167,14.303333282470703,14.640000343322754,16500,13.963770866394043,0.0,0.0
FSFG,2020-06-30,14.643333435058594,14.643333435058594,14.383333206176758,14.44333267211914,9900,13.776187896728516,0.0,0.0
FSFG,2020-07-01,14.366666793823242,14.613332748413086,14.050000190734863,14.316666603088379,31200,13.65537166595459,0.0,0.0
FSFG,2020-07-02,14.329999923706055,14.329999923706055,14.0600004196167,14.226667404174805,4800,13.56952953338623,0.0,0.0
FSFG,2020-07-06,14.113332748413086,14.276666641235352,14.09333324432373,14.09333324432373,4500,13.44235610961914,0.0,0.0
FSFG,2020-07-07,13.94333267211914,13.94333267211914,13.170000076293945,13.353333473205566,18600,12.736536026000977,0.0,0.0
FSFG,2020-07-08,13.436667442321777,13.58666706085205,13.376667022705078,13.58666706085205,10800,12.959092140197754,0.0,0.0
FSFG,2020-07-09,13.213333129882812,13.479999542236328,12.5,12.600000381469727,21300,12.017999649047852,0.0,0.0
FSFG,2020-07-10,12.883333206176758,13.666666984558105,12.626667022705078,13.666666984558105,5700,13.035396575927734,0.0,0.0
FSFG,2020-07-13,13.743332862854004,13.743332862854004,13.49666690826416,13.49666690826416,3000,12.873248100280762,0.0,0.0
FSFG,2020-07-14,12.90999984741211,13.296667098999023,12.84000015258789,13.216667175292969,6600,12.606182098388672,0.0,0.0
FSFG,2020-07-15,13.00333309173584,13.063332557678223,12.720000267028809,12.720000267028809,14400,12.132457733154297,0.0,0.0
FSFG,2020-07-16,12.850000381469727,12.899999618530273,12.600000381469727,12.600000381469727,6600,12.017999649047852,0.0,0.0
FSFG,2020-07-17,12.489999771118164,13.333333015441895,12.489999771118164,13.260000228881836,8700,12.647514343261719,0.0,0.0
FSFG,2020-07-20,13.166666984558105,13.166666984558105,12.833333015441895,12.833333015441895,3000,12.240553855895996,0.0,0.0
FSFG,2020-07-21,13.146666526794434,13.146666526794434,13.146666526794434,13.146666526794434,1200,12.539413452148438,0.0,0.0
FSFG,2020-07-22,13.126667022705078,13.126667022705078,13.126667022705078,13.126667022705078,2100,12.52033805847168,0.0,0.0
FSFG,2020-07-23,12.596667289733887,12.596667289733887,12.596667289733887,12.596667289733887,1800,12.014819145202637,0.0,0.0
FSFG,2020-07-24,12.833333015441895,12.833333015441895,12.326666831970215,12.326666831970215,3300,11.757292747497559,0.0,0.0
FSFG,2020-07-27,12.376667022705078,12.576666831970215,12.260000228881836,12.576666831970215,9900,11.995742797851562,0.0,0.0
FSFG,2020-07-28,13.149999618530273,14.123332977294922,12.333333015441895,13.666666984558105,78900,13.035396575927734,0.0,0.0
FSFG,2020-07-29,13.699999809265137,15.333333015441895,12.636667251586914,14.333333015441895,62700,13.671269416809082,0.0,0.0
FSFG,2020-07-30,14.623332977294922,14.766667366027832,14.166666984558105,14.199999809265137,12600,13.544093132019043,0.0,0.0
FSFG,2020-07-31,14.473333358764648,14.473333358764648,14.166666984558105,14.166666984558105,8700,13.512301445007324,0.0,0.0
FSFG,2020-08-03,15.803333282470703,16.40999984741211,14.723333358764648,16.40999984741211,14700,15.65201187133789,0.0,0.0
FSFG,2020-08-04,15.0,16.35333251953125,15.0,16.350000381469727,12300,15.5947847366333,0.0,0.0
FSFG,2020-08-05,16.610000610351562,16.666667938232422,16.610000610351562,16.666667938232422,4800,15.896825790405273,0.0,0.0
FSFG,2020-08-06,16.503332138061523,17.479999542236328,16.46666717529297,17.350000381469727,12600,16.548595428466797,0.0,0.0
FSFG,2020-08-07,17.110000610351562,17.163333892822266,17.110000610351562,17.163333892822266,3000,16.370553970336914,0.0,0.0
FSFG,2020-08-10,16.376667022705078,16.376667022705078,16.376667022705078,16.376667022705078,1800,15.620219230651855,0.0,0.0
FSFG,2020-08-11,16.799999237060547,16.799999237060547,16.34000015258789,16.34000015258789,13500,15.585247039794922,0.0,0.0
FSFG,2020-08-12,16.696666717529297,17.163333892822266,16.666667938232422,16.876667022705078,12900,16.097126007080078,0.0,0.0
FSFG,2020-08-13,16.913333892822266,16.913333892822266,16.48666763305664,16.48666763305664,17100,15.725141525268555,0.0,0.0
FSFG,2020-08-14,16.643333435058594,16.643333435058594,16.020000457763672,16.296667098999023,9600,15.543914794921875,0.0,0.0
FSFG,2020-08-17,16.296667098999023,16.333332061767578,16.0,16.0,3600,15.260952949523926,0.0,0.0
FSFG,2020-08-18,16.0,16.0,16.0,16.0,900,15.260952949523926,0.0,0.0
FSFG,2020-08-19,15.866666793823242,16.0,15.166666984558105,15.40999984741211,5100,14.698202133178711,0.0,0.0
FSFG,2020-08-20,15.369999885559082,15.699999809265137,15.233332633972168,15.550000190734863,8100,14.83173656463623,0.0,0.0
FSFG,2020-08-21,15.083333015441895,15.266667366027832,15.076666831970215,15.266667366027832,8400,14.561491012573242,0.0,0.0
FSFG,2020-08-24,15.083333015441895,15.666666984558105,14.536666870117188,14.583333015441895,21600,13.909722328186035,0.0,0.0
FSFG,2020-08-25,14.876667022705078,15.0,14.770000457763672,14.770000457763672,22500,14.087766647338867,0.0,0.0
FSFG,2020-08-26,14.833333015441895,14.833333015441895,14.626667022705078,14.626667022705078,3300,13.951053619384766,0.0,0.0
FSFG,2020-08-27,14.65999984741211,14.65999984741211,14.65999984741211,14.65999984741211,2100,13.9828462600708,0.0,0.0
FSFG,2020-08-28,14.833333015441895,14.833333015441895,14.466667175292969,14.823332786560059,5700,14.138635635375977,0.0,0.0
FSFG,2020-08-31,14.5,14.5,14.5,14.5,5400,13.830238342285156,0.0,0.0
FSFG,2020-09-01,14.5,14.5,14.333333015441895,14.333333015441895,3300,13.671269416809082,0.0,0.0
FSFG,2020-09-02,14.333333015441895,14.430000305175781,14.256667137145996,14.430000305175781,6900,13.763470649719238,0.0,0.0
FSFG,2020-09-03,14.416666984558105,14.729999542236328,14.136667251586914,14.729999542236328,17700,14.049612998962402,0.0,0.0
FSFG,2020-09-04,14.756667137145996,14.890000343322754,14.283332824707031,14.666666984558105,6300,13.989206314086914,0.0,0.0
FSFG,2020-09-08,14.876667022705078,14.876667022705078,14.609999656677246,14.876667022705078,5700,14.189506530761719,0.0,0.0
FSFG,2020-09-09,14.960000038146973,15.50333309173584,14.94333267211914,15.010000228881836,10500,14.316679954528809,0.0,0.0
FSFG,2020-09-10,15.15999984741211,15.15999984741211,14.050000190734863,15.146666526794434,5700,14.447033882141113,0.0,0.0
FSFG,2020-09-11,15.243332862854004,15.833333015441895,15.043333053588867,15.043333053588867,9300,14.34847354888916,0.0,0.0
FSFG,2020-09-14,15.376667022705078,16.316667556762695,15.346667289733887,16.23666763305664,20400,15.486687660217285,0.0,0.0
FSFG,2020-09-15,16.309999465942383,16.373332977294922,16.0,16.0,9900,15.314399719238281,0.056667,0.0
FSFG,2020-09-16,16.15999984741211,16.666667938232422,16.15999984741211,16.333332061767578,40800,15.633447647094727,0.0,0.0
FSFG,2020-09-17,15.596667289733887,16.333332061767578,15.456666946411133,16.333332061767578,2400,15.633447647094727,0.0,0.0
FSFG,2020-09-18,16.543333053588867,16.546667098999023,16.3700008392334,16.546667098999023,23400,15.837641716003418,0.0,0.0
FSFG,2020-09-21,14.989999771118164,16.5,14.989999771118164,16.10333251953125,10200,15.413304328918457,0.0,0.0
FSFG,2020-09-22,16.0,16.0,16.0,16.0,3300,15.314399719238281,0.0,0.0
FSFG,2020-09-23,16.0,16.09666633605957,16.0,16.093332290649414,9000,15.403732299804688,0.0,0.0
FSFG,2020-09-24,15.893333435058594,15.979999542236328,15.733332633972168,15.833333015441895,13500,15.154874801635742,0.0,0.0
FSFG,2020-09-25,15.826666831970215,15.826666831970215,15.826666831970215,15.826666831970215,3000,15.148494720458984,0.0,0.0
FSFG,2020-09-28,15.983332633972168,16.200000762939453,15.983332633972168,16.18000030517578,10500,15.486685752868652,0.0,0.0
FSFG,2020-09-29,16.196666717529297,16.633333206176758,16.196666717529297,16.593332290649414,10200,15.882309913635254,0.0,0.0
FSFG,2020-09-30,16.57666778564453,19.0,16.57666778564453,18.113332748413086,31200,17.337177276611328,0.0,0.0
FSFG,2020-10-01,18.07666778564453,18.133333206176758,17.549999237060547,17.60333251953125,24000,16.849029541015625,0.0,0.0
FSFG,2020-10-02,17.270000457763672,17.700000762939453,17.270000457763672,17.700000762939453,3900,16.941553115844727,0.0,0.0
FSFG,2020-10-05,17.683332443237305,17.683332443237305,17.683332443237305,17.683332443237305,3000,16.925601959228516,0.0,0.0
FSFG,2020-10-06,18.110000610351562,18.110000610351562,17.03333282470703,17.39666748046875,20700,16.651220321655273,0.0,0.0
FSFG,2020-10-07,17.39666748046875,17.516666412353516,17.39666748046875,17.516666412353516,4200,16.766077041625977,0.0,0.0
FSFG,2020-10-08,17.96666717529297,17.96666717529297,17.3799991607666,17.40333366394043,11700,16.657602310180664,0.0,0.0
FSFG,2020-10-09,17.333332061767578,17.666667938232422,17.329999923706055,17.666667938232422,2400,16.909650802612305,0.0,0.0
FSFG,2020-10-12,17.833332061767578,17.833332061767578,17.663333892822266,17.809999465942383,4800,17.046838760375977,0.0,0.0
FSFG,2020-10-13,17.636667251586914,18.633333206176758,17.503332138061523,17.96666717529297,57600,17.196796417236328,0.0,0.0
FSFG,2020-10-14,18.073333740234375,18.073333740234375,17.866666793823242,17.866666793823242,3000,17.10108184814453,0.0,0.0
FSFG,2020-10-15,17.503332138061523,18.226667404174805,17.503332138061523,18.226667404174805,6600,17.445655822753906,0.0,0.0
FSFG,2020-10-16,17.94333267211914,18.713333129882812,17.816667556762695,18.166667938232422,21600,17.388225555419922,0.0,0.0
FSFG,2020-10-19,17.866666793823242,17.866666793823242,17.866666793823242,17.866666793823242,1200,17.10108184814453,0.0,0.0
FSFG,2020-10-20,17.59666633605957,18.469999313354492,17.59666633605957,18.133333206176758,23100,17.356319427490234,0.0,0.0
FSFG,2020-10-21,18.10333251953125,18.399999618530273,18.100000381469727,18.399999618530273,4200,17.61155891418457,0.0,0.0
FSFG,2020-10-22,18.183332443237305,18.373332977294922,17.889999389648438,18.07666778564453,15300,17.30208396911621,0.0,0.0
FSFG,2020-10-23,18.32666778564453,18.32666778564453,18.0,18.203332901000977,11100,17.423320770263672,0.0,0.0
FSFG,2020-10-26,18.213333129882812,18.21666717529297,18.166667938232422,18.21666717529297,4500,17.436084747314453,0.0,0.0
FSFG,2020-10-27,18.290000915527344,18.290000915527344,18.25,18.25,3900,17.467985153198242,0.0,0.0
FSFG,2020-10-28,18.316667556762695,18.469999313354492,18.016666412353516,18.43000030517578,4500,17.640275955200195,0.0,0.0
FSFG,2020-10-29,17.856666564941406,18.31999969482422,17.856666564941406,18.25,3900,17.467985153198242,0.0,0.0
FSFG,2020-10-30,18.016666412353516,18.016666412353516,18.016666412353516,18.016666412353516,3000,17.244651794433594,0.0,0.0
FSFG,2020-11-02,18.633333206176758,19.293333053588867,18.633333206176758,19.293333053588867,9000,18.46661376953125,0.0,0.0
FSFG,2020-11-03,20.0,20.916667938232422,20.0,20.829999923706055,8100,19.937435150146484,0.0,0.0
FSFG,2020-11-04,20.49333381652832,20.49333381652832,20.126667022705078,20.126667022705078,3900,19.264240264892578,0.0,0.0
FSFG,2020-11-05,20.0,20.133333206176758,19.833332061767578,19.833332061767578,5700,18.983476638793945,0.0,0.0
FSFG,2020-11-06,20.166667938232422,20.166667938232422,19.420000076293945,19.420000076293945,2400,18.587852478027344,0.0,0.0
FSFG,2020-11-09,20.333332061767578,21.530000686645508,20.333332061767578,21.239999771118164,14400,20.329866409301758,0.0,0.0
FSFG,2020-11-10,21.663333892822266,21.766666412353516,21.02666664123535,21.766666412353516,24900,20.833965301513672,0.0,0.0
FSFG,2020-11-11,20.523332595825195,21.65999984741211,20.523332595825195,21.65999984741211,9300,20.731868743896484,0.0,0.0
FSFG,2020-11-12,21.42333221435547,21.5,20.799999237060547,20.799999237060547,3300,19.90871810913086,0.0,0.0
FSFG,2020-11-13,21.190000534057617,21.190000534057617,20.883333206176758,21.083332061767578,4800,20.179914474487305,0.0,0.0
FSFG,2020-11-16,21.5,21.566667556762695,21.166667938232422,21.46666717529297,20400,20.54681968688965,0.0,0.0
FSFG,2020-11-17,21.5,21.5,21.073333740234375,21.170000076293945,3900,20.262863159179688,0.0,0.0
FSFG,2020-11-18,21.183332443237305,21.316667556762695,21.183332443237305,21.316667556762695,3300,20.403247833251953,0.0,0.0
FSFG,2020-11-19,21.213333129882812,21.5,21.213333129882812,21.5,3300,20.578723907470703,0.0,0.0
FSFG,2020-11-20,21.079999923706055,21.15999984741211,21.079999923706055,21.100000381469727,4500,20.19586753845215,0.0,0.0
FSFG,2020-11-23,21.196666717529297,21.196666717529297,21.196666717529297,21.196666717529297,2100,20.288389205932617,0.0,0.0
FSFG,2020-11-24,21.5,21.633333206176758,21.5,21.633333206176758,5700,20.706348419189453,0.0,0.0
FSFG,2020-11-25,21.600000381469727,21.68000030517578,21.083332061767578,21.083332061767578,27900,20.179914474487305,0.0,0.0
FSFG,2020-11-27,21.066667556762695,21.066667556762695,21.066667556762695,21.066667556762695,1800,20.163959503173828,0.0,0.0
FSFG,2020-11-30,20.760000228881836,21.0,20.329999923706055,21.0,17100,20.100149154663086,0.0,0.0
FSFG,2020-12-01,19.700000762939453,21.0,19.700000762939453,20.886667251586914,5700,19.991674423217773,0.0,0.0
FSFG,2020-12-02,20.676666259765625,21.34666633605957,20.676666259765625,21.00666618347168,13500,20.106534957885742,0.0,0.0
FSFG,2020-12-03,21.166667938232422,21.5,21.0,21.333332061767578,6000,20.419198989868164,0.0,0.0
FSFG,2020-12-04,21.25,21.25,21.016666412353516,21.166667938232422,9600,20.259675979614258,0.0,0.0
FSFG,2020-12-07,20.80666732788086,21.266666412353516,20.80666732788086,21.266666412353516,8100,20.355388641357422,0.0,0.0
FSFG,2020-12-08,21.329999923706055,21.44333267211914,21.329999923706055,21.433332443237305,3900,20.51491355895996,0.0,0.0
FSFG,2020-12-09,21.196666717529297,21.333332061767578,21.196666717529297,21.333332061767578,6600,20.419198989868164,0.0,0.0
FSFG,2020-12-10,21.333332061767578,21.433332443237305,21.309999465942383,21.433332443237305,2700,20.51491355895996,0.0,0.0
FSFG,2020-12-11,21.203332901000977,21.366666793823242,21.133333206176758,21.366666793823242,9600,20.45110321044922,0.0,0.0
FSFG,2020-12-14,21.200000762939453,21.643333435058594,21.106666564941406,21.43666648864746,32400,20.51810646057129,0.0,0.0
FSFG,2020-12-15,21.55666732788086,21.55666732788086,21.333332061767578,21.503332138061523,14100,20.5819149017334,0.0,0.0
FSFG,2020-12-16,21.5,21.833332061767578,21.343332290649414,21.376667022705078,15000,20.51473617553711,0.056667,0.0
FSFG,2020-12-17,21.40999984741211,21.803333282470703,21.40999984741211,21.633333206176758,4800,20.76105499267578,0.0,0.0
FSFG,2020-12-18,21.5,21.996667861938477,20.899999618530273,21.5,111600,20.63309669494629,0.0,0.0
FSFG,2020-12-21,21.453332901000977,21.453332901000977,20.35333251953125,20.5,27900,19.673418045043945,0.0,0.0
FSFG,2020-12-22,20.459999084472656,20.703332901000977,19.76333236694336,20.17333221435547,32700,19.359922409057617,0.0,0.0
FSFG,2020-12-23,20.583332061767578,21.200000762939453,20.566667556762695,20.84666633605957,9000,20.006107330322266,0.0,0.0
FSFG,2020-12-24,21.1200008392334,21.136667251586914,20.823333740234375,20.883333206176758,8400,20.041296005249023,0.0,0.0
FSFG,2020-12-28,21.0,21.053333282470703,20.606666564941406,20.67333221435547,35700,19.83976173400879,0.0,0.0
FSFG,2020-12-29,20.753332138061523,21.0,20.700000762939453,20.780000686645508,19800,19.942129135131836,0.0,0.0
FSFG,2020-12-30,20.833332061767578,22.516666412353516,20.833332061767578,21.46666717529297,24900,20.60110855102539,0.0,0.0
FSFG,2020-12-31,21.53333282470703,21.666667938232422,20.976667404174805,21.666667938232422,16800,20.793045043945312,0.0,0.0
FSFG,2021-01-04,22.229999542236328,22.229999542236328,21.17333221435547,21.670000076293945,33300,20.79624366760254,0.0,0.0
FSFG,2021-01-05,21.633333206176758,22.133333206176758,21.503332138061523,22.133333206176758,18000,21.240896224975586,0.0,0.0
FSFG,2021-01-06,22.233333587646484,22.65999984741211,21.816667556762695,22.183332443237305,20700,21.28887939453125,0.0,0.0
FSFG,2021-01-07,22.299999237060547,22.616666793823242,21.90999984741211,22.616666793823242,23100,21.704740524291992,0.0,0.0
FSFG,2021-01-08,22.30666732788086,22.30666732788086,22.133333206176758,22.200000762939453,6600,21.304872512817383,0.0,0.0
FSFG,2021-01-11,22.07666778564453,22.559999465942383,21.84000015258789,21.92333221435547,12600,21.03936004638672,0.0,0.0
FSFG,2021-01-12,21.913333892822266,21.916667938232422,20.99333381652832,21.170000076293945,30000,20.31640625,0.0,0.0
FSFG,2021-01-13,21.136667251586914,21.643333435058594,21.136667251586914,21.209999084472656,15900,20.35478973388672,0.0,0.0
FSFG,2021-01-14,21.226667404174805,21.489999771118164,21.226667404174805,21.343332290649414,4500,20.482749938964844,0.0,0.0
FSFG,2021-01-15,21.163333892822266,21.44333267211914,21.010000228881836,21.010000228881836,5400,20.162853240966797,0.0,0.0
FSFG,2021-01-19,21.010000228881836,21.010000228881836,20.043333053588867,20.399999618530273,27900,19.577451705932617,0.0,0.0
FSFG,2021-01-20,20.503332138061523,20.579999923706055,19.876667022705078,19.96666717529297,22800,19.16159439086914,0.0,0.0
FSFG,2021-01-21,20.166667938232422,20.68000030517578,20.0,20.40333366394043,16200,19.580650329589844,0.0,0.0
FSFG,2021-01-22,20.456666946411133,20.456666946411133,20.136667251586914,20.416667938232422,10500,19.593448638916016,0.0,0.0
FSFG,2021-01-25,20.0,20.799999237060547,20.0,20.383333206176758,6000,19.56145668029785,0.0,0.0
FSFG,2021-01-26,20.083332061767578,20.793333053588867,20.003332138061523,20.24333381652832,35700,19.42710304260254,0.0,0.0
FSFG,2021-01-27,20.0,20.156667709350586,20.0,20.156667709350586,11100,19.343929290771484,0.0,0.0
FSFG,2021-01-28,20.016666412353516,20.260000228881836,20.016666412353516,20.260000228881836,10500,19.443098068237305,0.0,0.0
FSFG,2021-01-29,20.206666946411133,20.206666946411133,19.586666107177734,20.1299991607666,16800,19.31833839416504,0.0,0.0
FSFG,2021-02-01,20.133333206176758,20.190000534057617,20.03333282470703,20.190000534057617,8100,19.375919342041016,0.0,0.0
FSFG,2021-02-02,20.046667098999023,20.899999618530273,20.03333282470703,20.566667556762695,6900,19.737398147583008,0.0,0.0
FSFG,2021-02-03,20.5,20.843332290649414,20.22333335876465,20.22333335876465,5400,19.407909393310547,0.0,0.0
FSFG,2021-02-04,20.0,20.97333335876465,20.0,20.899999618530273,5400,20.05729103088379,0.0,0.0
FSFG,2021-02-05,20.760000228881836,20.799999237060547,20.383333206176758,20.600000381469727,6000,19.76938819885254,0.0,0.0
FSFG,2021-02-08,20.666667938232422,20.916667938232422,20.666667938232422,20.766666412353516,4800,19.929332733154297,0.0,0.0
FSFG,2021-02-09,20.34000015258789,20.75,20.34000015258789,20.536666870117188,7800,19.70861053466797,0.0,0.0
FSFG,2021-02-10,20.700000762939453,20.700000762939453,20.166667938232422,20.166667938232422,5100,19.35352897644043,0.0,0.0
FSFG,2021-02-11,20.166667938232422,20.600000381469727,20.166667938232422,20.53333282470703,6600,19.70541000366211,0.0,0.0
FSFG,2021-02-12,20.389999389648438,20.5,20.233333587646484,20.233333587646484,7800,19.417503356933594,0.0,0.0
FSFG,2021-02-16,20.639999389648438,20.76333236694336,20.343332290649414,20.633333206176758,12600,19.80137825012207,0.0,0.0
FSFG,2021-02-17,20.666667938232422,20.883333206176758,20.51333236694336,20.51333236694336,8400,19.686214447021484,0.0,0.0
FSFG,2021-02-18,20.65333366394043,20.75,20.3700008392334,20.3700008392334,6600,19.54865837097168,0.0,0.0
FSFG,2021-02-19,20.5,20.52666664123535,20.376667022705078,20.52666664123535,5700,19.699010848999023,0.0,0.0
FSFG,2021-02-22,20.656667709350586,20.656667709350586,20.52666664123535,20.52666664123535,5100,19.699010848999023,0.0,0.0
FSFG,2021-02-23,20.649999618530273,20.733333587646484,20.6200008392334,20.700000762939453,6600,19.865354537963867,0.0,0.0
FSFG,2021-02-24,20.60333251953125,21.356666564941406,20.503332138061523,21.31999969482422,19200,20.460357666015625,0.0,0.0
FSFG,2021-02-25,21.333332061767578,21.333332061767578,20.90333366394043,20.90333366394043,7500,20.060489654541016,0.0,0.0
FSFG,2021-02-26,20.876667022705078,21.336666107177734,20.836666107177734,20.836666107177734,11700,19.99650764465332,0.0,0.0
FSFG,2021-03-01,21.183332443237305,21.30666732788086,21.066667556762695,21.066667556762695,7800,20.217239379882812,0.0,0.0
FSFG,2021-03-02,21.27666664123535,21.666667938232422,21.003332138061523,21.003332138061523,20400,20.156457901000977,0.0,0.0
FSFG,2021-03-03,20.989999771118164,21.476667404174805,20.989999771118164,21.32666778564453,7500,20.466754913330078,0.0,0.0
FSFG,2021-03-04,21.3799991607666,21.56999969482422,21.166667938232422,21.56999969482422,13500,20.700275421142578,0.0,0.0
FSFG,2021-03-05,22.0,22.0,21.49333381652832,21.94333267211914,12900,21.058555603027344,0.0,0.0
FSFG,2021-03-08,22.0,22.666667938232422,22.0,22.663333892822266,16200,21.74952507019043,0.0,0.0
FSFG,2021-03-09,22.666667938232422,22.666667938232422,22.393333435058594,22.663333892822266,11100,21.74952507019043,0.0,0.0
FSFG,2021-03-10,22.649999618530273,23.0,22.530000686645508,22.913333892822266,20700,21.989442825317383,0.0,0.0
FSFG,2021-03-11,22.863332748413086,22.979999542236328,22.71666717529297,22.979999542236328,15300,22.053422927856445,0.0,0.0
FSFG,2021-03-12,23.0,23.30666732788086,22.933332443237305,23.293333053588867,17100,22.354124069213867,0.0,0.0
FSFG,2021-03-15,23.333332061767578,23.333332061767578,22.523332595825195,23.09666633605957,14100,22.16538429260254,0.0,0.0
FSFG,2021-03-16,22.92333221435547,23.296667098999023,22.916667938232422,23.296667098999023,8700,22.415552139282227,0.06,0.0
FSFG,2021-03-17,23.23666763305664,23.25,22.94333267211914,23.25,12600,22.370651245117188,0.0,0.0
FSFG,2021-03-18,23.299999237060547,23.863332748413086,23.296667098999023,23.81333351135254,29100,22.912675857543945,0.0,0.0
FSFG,2021-03-19,24.0,24.666667938232422,23.420000076293945,24.209999084472656,56400,23.294342041015625,0.0,0.0
FSFG,2021-03-22,24.093332290649414,24.093332290649414,23.136667251586914,23.136667251586914,18600,22.2616024017334,0.0,0.0
FSFG,2021-03-23,23.126667022705078,23.18000030517578,22.67333221435547,22.93000030517578,16200,22.062755584716797,0.0,0.0
FSFG,2021-03-24,23.010000228881836,23.010000228881836,22.670000076293945,22.670000076293945,8400,21.812585830688477,0.0,0.0
FSFG,2021-03-25,22.739999771118164,22.739999771118164,22.07666778564453,22.69333267211914,11100,21.83503532409668,0.0,0.0
FSFG,2021-03-26,22.333332061767578,22.963333129882812,22.333332061767578,22.626667022705078,7800,21.770889282226562,0.0,0.0
FSFG,2021-03-29,22.386667251586914,22.386667251586914,21.27666664123535,21.27666664123535,16500,20.471952438354492,0.0,0.0
FSFG,2021-03-30,21.666667938232422,22.623332977294922,21.366666793823242,22.459999084472656,28500,21.61052703857422,0.0,0.0
FSFG,2021-03-31,22.760000228881836,23.083332061767578,22.3799991607666,22.3799991607666,25500,21.533554077148438,0.0,0.0
FSFG,2021-04-01,22.683332443237305,23.316667556762695,22.433332443237305,22.833332061767578,39300,21.96973991394043,0.0,0.0
FSFG,2021-04-05,22.656667709350586,23.94333267211914,22.656667709350586,23.350000381469727,78300,22.466869354248047,0.0,0.0
FSFG,2021-04-06,23.366666793823242,23.366666793823242,23.05666732788086,23.05666732788086,8700,22.18463134765625,0.0,0.0
FSFG,2021-04-07,22.8700008392334,22.97333335876465,22.683332443237305,22.683332443237305,19800,21.825414657592773,0.0,0.0
FSFG,2021-04-08,22.683332443237305,22.770000457763672,22.683332443237305,22.76333236694336,7200,21.902387619018555,0.0,0.0
FSFG,2021-04-09,22.700000762939453,23.34000015258789,21.933332443237305,22.726667404174805,47400,21.86711311340332,0.0,0.0
FSFG,2021-04-12,22.8700008392334,23.206666946411133,22.336666107177734,22.96666717529297,34800,22.098031997680664,0.0,0.0
FSFG,2021-04-13,22.44333267211914,23.516666412353516,22.44333267211914,23.043333053588867,11100,22.171798706054688,0.0,0.0
FSFG,2021-04-14,22.75666618347168,23.303333282470703,22.59000015258789,23.190000534057617,27000,22.31291961669922,0.0,0.0
FSFG,2021-04-15,23.036666870117188,23.56333351135254,22.833332061767578,22.833332061767578,20100,21.96973991394043,0.0,0.0
FSFG,2021-04-16,23.133333206176758,23.30666732788086,23.0,23.170000076293945,12600,22.293676376342773,0.0,0.0
FSFG,2021-04-19,23.333332061767578,23.696666717529297,22.940000534057617,23.09000015258789,35700,22.216699600219727,0.0,0.0
FSFG,2021-04-20,23.290000915527344,23.74333381652832,22.469999313354492,22.469999313354492,17400,21.620149612426758,0.0,0.0
FSFG,2021-04-21,22.843332290649414,22.8700008392334,22.523332595825195,22.523332595825195,4800,21.671464920043945,0.0,0.0
FSFG,2021-04-22,22.296667098999023,22.333332061767578,21.916667938232422,21.99333381652832,24600,21.161514282226562,0.0,0.0
FSFG,2021-04-23,22.066667556762695,22.84666633605957,21.883333206176758,22.833332061767578,34500,21.96973991394043,0.0,0.0
FSFG,2021-04-26,22.676666259765625,23.0,22.086666107177734,22.559999465942383,59700,21.706743240356445,0.0,0.0
FSFG,2021-04-27,22.75,23.083332061767578,21.666667938232422,22.770000457763672,38400,21.908803939819336,0.0,0.0
FSFG,2021-04-28,22.75,22.953332901000977,22.75,22.799999237060547,18000,21.937667846679688,0.0,0.0
FSFG,2021-04-29,23.329999923706055,23.329999923706055,22.666667938232422,23.136667251586914,36000,22.2616024017334,0.0,0.0
FSFG,2021-04-30,23.316667556762695,23.366666793823242,22.64666748046875,22.933332443237305,42600,22.065961837768555,0.0,0.0
FSFG,2021-05-03,22.94333267211914,23.333332061767578,22.833332061767578,23.123332977294922,20400,22.2487735748291,0.0,0.0
FSFG,2021-05-04,23.0,23.143333435058594,22.713333129882812,22.899999618530273,19200,22.03388786315918,0.0,0.0
FSFG,2021-05-05,23.049999237060547,23.25666618347168,22.913333892822266,23.133333206176758,19500,22.25839614868164,0.0,0.0
FSFG,2021-05-06,23.100000381469727,23.25,22.920000076293945,23.01333236694336,20400,22.142932891845703,0.0,0.0
FSFG,2021-05-07,23.166667938232422,23.8700008392334,22.92333221435547,23.03333282470703,24300,22.16217803955078,0.0,0.0
FSFG,2021-05-10,23.03333282470703,23.82666778564453,22.72333335876465,23.503332138061523,63300,22.61440086364746,0.0,0.0
FSFG,2021-05-11,23.333332061767578,23.82666778564453,22.916667938232422,22.933332443237305,26700,22.065961837768555,0.0,0.0
FSFG,2021-05-12,23.413333892822266,23.82666778564453,22.959999084472656,22.959999084472656,27000,22.091617584228516,0.0,0.0
FSFG,2021-05-13,23.079999923706055,23.76333236694336,22.77666664123535,23.10333251953125,28200,22.229528427124023,0.0,0.0
FSFG,2021-05-14,23.170000076293945,23.666667938232422,23.170000076293945,23.383333206176758,18000,22.49894142150879,0.0,0.0
FSFG,2021-05-17,23.333332061767578,23.746667861938477,22.566667556762695,23.69333267211914,40200,22.79721450805664,0.0,0.0
FSFG,2021-05-18,23.6299991607666,23.933332443237305,23.333332061767578,23.683332443237305,37800,22.7875919342041,0.0,0.0
FSFG,2021-05-19,23.43666648864746,24.446666717529297,23.003332138061523,24.200000762939453,30000,23.284719467163086,0.0,0.0
FSFG,2021-05-20,24.049999237060547,24.40999984741211,24.049999237060547,24.40999984741211,31200,23.48677635192871,0.0,0.0
FSFG,2021-05-21,24.459999084472656,24.46666717529297,24.123332977294922,24.389999389648438,12000,23.467533111572266,0.0,0.0
FSFG,2021-05-24,24.389999389648438,24.389999389648438,23.933332443237305,24.15333366394043,9900,23.239816665649414,0.0,0.0
FSFG,2021-05-25,23.950000762939453,24.636667251586914,23.950000762939453,24.176666259765625,15900,23.26226806640625,0.0,0.0
FSFG,2021-05-26,24.083332061767578,24.31333351135254,24.040000915527344,24.233333587646484,16500,23.316791534423828,0.0,0.0
FSFG,2021-05-27,24.233333587646484,24.233333587646484,24.149999618530273,24.149999618530273,5100,23.236608505249023,0.0,0.0
FSFG,2021-05-28,24.003332138061523,24.15333366394043,24.0,24.01333236694336,15600,23.1051082611084,0.0,0.0
FSFG,2021-06-01,24.25666618347168,24.479999542236328,24.003332138061523,24.15999984741211,27300,23.246234893798828,0.0,0.0
FSFG,2021-06-02,24.106666564941406,24.433332443237305,24.106666564941406,24.433332443237305,10500,23.50922393798828,0.0,0.0
FSFG,2021-06-03,24.40333366394043,24.656667709350586,24.166667938232422,24.656667709350586,17100,23.7241153717041,0.0,0.0
FSFG,2021-06-04,24.623332977294922,24.790000915527344,24.536666870117188,24.536666870117188,12300,23.608654022216797,0.0,0.0
FSFG,2021-06-07,24.906667709350586,24.906667709350586,24.166667938232422,24.459999084472656,27000,23.534887313842773,0.0,0.0
FSFG,2021-06-08,24.573333740234375,24.573333740234375,24.573333740234375,24.573333740234375,6600,23.643932342529297,0.0,0.0
FSFG,2021-06-09,24.479999542236328,24.546667098999023,24.416667938232422,24.546667098999023,7500,23.618274688720703,0.0,0.0
FSFG,2021-06-10,24.559999465942383,25.266666412353516,24.416667938232422,25.09666633605957,28500,24.14747428894043,0.0,0.0
FSFG,2021-06-11,25.05666732788086,25.239999771118164,25.05666732788086,25.133333206176758,7500,24.182750701904297,0.0,0.0
FSFG,2021-06-14,25.316667556762695,25.316667556762695,24.489999771118164,24.916667938232422,51900,23.974279403686523,0.0,0.0
FSFG,2021-06-15,24.799999237060547,24.866666793823242,24.666667938232422,24.68000030517578,25800,23.86148452758789,0.12,0.0
FSFG,2021-06-16,24.773332595825195,25.476667404174805,24.59000015258789,24.67333221435547,34800,23.85503578186035,0.0,0.0
FSFG,2021-06-17,24.796667098999023,25.049999237060547,24.616666793823242,24.6200008392334,47700,23.80347442626953,0.0,0.0
FSFG,2021-06-18,24.49333381652832,25.386667251586914,24.296667098999023,24.440000534057617,33900,23.629444122314453,0.0,0.0
FSFG,2021-06-21,24.399999618530273,24.670000076293945,24.049999237060547,24.073333740234375,39600,23.27493667602539,0.0,0.0
FSFG,2021-06-22,24.229999542236328,24.84666633605957,24.046667098999023,24.356666564941406,108000,23.548870086669922,0.0,0.0
FSFG,2021-06-23,24.343332290649414,24.600000381469727,24.09000015258789,24.176666259765625,71100,23.374841690063477,0.0,0.0
FSFG,2021-06-24,24.19333267211914,24.446666717529297,24.06999969482422,24.329999923706055,84600,23.523090362548828,0.0,0.0
FSFG,2021-06-25,24.209999084472656,25.25,24.139999389648438,24.64666748046875,836400,23.82925796508789,0.0,0.0
FSFG,2021-06-28,24.64666748046875,24.860000610351562,24.253332138061523,24.496667861938477,70500,23.68423080444336,0.0,0.0
FSFG,2021-06-29,24.5,24.666667938232422,24.260000228881836,24.28333282470703,15300,23.477970123291016,0.0,0.0
FSFG,2021-06-30,24.266666412353516,24.48666763305664,24.200000762939453,24.386667251586914,81600,23.577878952026367,0.0,0.0
FSFG,2021-07-01,24.503332138061523,24.786666870117188,24.44333267211914,24.5,16200,23.68745231628418,0.0,0.0
FSFG,2021-07-02,24.393333435058594,24.916667938232422,24.393333435058594,24.583332061767578,41100,23.76801872253418,0.0,0.0
FSFG,2021-07-06,24.583332061767578,24.69333267211914,24.406667709350586,24.553333282470703,27300,23.7390193939209,0.0,0.0
FSFG,2021-07-07,24.549999237060547,25.18000030517578,24.549999237060547,24.600000381469727,72600,23.784135818481445,0.0,0.0
FSFG,2021-07-08,24.540000915527344,24.573333740234375,24.333332061767578,24.406667709350586,38700,23.59721565246582,0.0,0.0
FSFG,2021-07-09,25.17333221435547,25.299999237060547,24.666667938232422,25.010000228881836,54600,24.180540084838867,0.0,0.0
FSFG,2021-07-12,25.003332138061523,25.726667404174805,25.003332138061523,25.606666564941406,29100,24.757417678833008,0.0,0.0
FSFG,2021-07-13,25.64666748046875,25.803333282470703,25.176666259765625,25.399999618530273,22200,24.557601928710938,0.0,0.0
FSFG,2021-07-14,25.57666778564453,25.746667861938477,25.333332061767578,25.53333282470703,14700,24.686513900756836,0.0,0.0
FSFG,2021-07-15,25.583332061767578,25.80666732788086,25.49333381652832,25.586666107177734,8100,24.738080978393555,0.0,0.0
FSFG,2021-07-16,25.666667938232422,25.729999542236328,25.46666717529297,25.729999542236328,15000,24.876659393310547,0.0,0.0
FSFG,2021-07-19,25.479999542236328,25.796667098999023,24.863332748413086,25.170000076293945,25200,24.335229873657227,0.0,0.0
FSFG,2021-07-20,25.530000686645508,25.663333892822266,25.14666748046875,25.399999618530273,31200,24.557601928710938,0.0,0.0
FSFG,2021-07-21,25.46666717529297,25.5,25.413333892822266,25.413333892822266,9300,24.57049560546875,0.0,0.0
FSFG,2021-07-22,25.30666732788086,25.719999313354492,25.116666793823242,25.15999984741211,60600,24.3255615234375,0.0,0.0
FSFG,2021-07-23,25.28333282470703,25.616666793823242,25.28333282470703,25.5,60000,24.654287338256836,0.0,0.0
FSFG,2021-07-26,25.343332290649414,26.100000381469727,25.343332290649414,25.55666732788086,80100,24.709077835083008,0.0,0.0
FSFG,2021-07-27,25.30666732788086,25.30666732788086,24.75,25.066667556762695,49500,24.23532485961914,0.0,0.0
FSFG,2021-07-28,25.0,25.176666259765625,24.833332061767578,24.93000030517578,27300,24.103193283081055,0.0,0.0
FSFG,2021-07-29,24.843332290649414,24.916667938232422,24.31999969482422,24.65999984741211,60000,23.842145919799805,0.0,0.0
FSFG,2021-07-30,24.666667938232422,24.75,24.5,24.52666664123535,26100,23.713233947753906,0.0,0.0
FSFG,2021-08-02,24.496667861938477,25.48666763305664,24.21666717529297,24.31999969482422,44700,23.513423919677734,0.0,0.0
FSFG,2021-08-03,24.40333366394043,25.133333206176758,24.21666717529297,24.293333053588867,111900,23.487640380859375,0.0,0.0
FSFG,2021-08-04,24.219999313354492,24.8799991607666,23.383333206176758,24.46666717529297,96300,23.65522575378418,0.0,0.0
FSFG,2021-08-05,24.413333892822266,24.656667709350586,24.24333381652832,24.5,12000,23.68745231628418,0.0,0.0
FSFG,2021-08-06,24.643333435058594,25.100000381469727,24.34000015258789,25.083332061767578,54000,24.25143814086914,0.0,0.0
FSFG,2021-08-09,25.166667938232422,26.46666717529297,25.166667938232422,26.0,46800,25.137704849243164,0.0,0.0
FSFG,2021-08-10,26.079999923706055,26.213333129882812,25.489999771118164,25.670000076293945,12600,24.818649291992188,0.0,0.0
FSFG,2021-08-11,25.626667022705078,26.316667556762695,25.626667022705078,26.0,16200,25.137704849243164,0.0,0.0
FSFG,2021-08-12,26.19333267211914,26.290000915527344,25.733333587646484,26.133333206176758,15300,25.266618728637695,0.0,0.0
FSFG,2021-08-13,26.536666870117188,27.600000381469727,26.49333381652832,26.809999465942383,28500,25.920841217041016,0.0,0.0
FSFG,2021-08-16,26.01333236694336,26.833332061767578,26.01333236694336,26.666667938232422,12300,25.782262802124023,0.0,0.0
FSFG,2021-08-17,26.3700008392334,26.753332138061523,26.3700008392334,26.753332138061523,14700,25.86605453491211,0.0,0.0
FSFG,2021-08-18,26.77666664123535,27.583332061767578,26.273332595825195,26.983333587646484,36000,26.088428497314453,0.0,0.0
FSFG,2021-08-19,26.953332901000977,27.59000015258789,26.8700008392334,27.046667098999023,27600,26.149656295776367,0.0,0.0
FSFG,2021-08-20,27.333332061767578,27.350000381469727,27.24333381652832,27.316667556762695,24900,26.410703659057617,0.0,0.0
FSFG,2021-08-23,27.479999542236328,28.200000762939453,27.43666648864746,27.746667861938477,42900,26.826446533203125,0.0,0.0
FSFG,2021-08-24,27.866666793823242,28.333332061767578,27.666667938232422,28.226667404174805,16800,27.290525436401367,0.0,0.0
FSFG,2021-08-25,28.376667022705078,28.96666717529297,28.376667022705078,28.583332061767578,38100,27.63536262512207,0.0,0.0
FSFG,2021-08-26,28.89666748046875,28.99333381652832,28.27666664123535,28.96666717529297,30000,28.0059814453125,0.0,0.0
FSFG,2021-08-27,28.90999984741211,29.446666717529297,28.733333587646484,28.899999618530273,36000,27.941526412963867,0.0,0.0
FSFG,2021-08-30,29.010000228881836,29.27666664123535,28.81999969482422,28.969999313354492,24600,28.00920295715332,0.0,0.0
FSFG,2021-08-31,29.15999984741211,29.15999984741211,28.836666107177734,29.00666618347168,18300,28.044654846191406,0.0,0.0
FSFG,2021-09-01,29.02666664123535,29.383333206176758,28.700000762939453,28.96666717529297,56400,28.0059814453125,0.0,0.0
FSFG,2021-09-02,28.510000228881836,29.333332061767578,28.510000228881836,28.99333381652832,20100,28.03176498413086,0.0,0.0
FSFG,2021-09-03,28.93000030517578,29.066667556762695,28.56333351135254,28.809999465942383,19800,27.854511260986328,0.0,0.0
FSFG,2021-09-07,28.670000076293945,29.309999465942383,28.670000076293945,28.906667709350586,17700,27.947975158691406,0.0,0.0
FSFG,2021-09-08,28.799999237060547,28.799999237060547,28.399999618530273,28.616666793823242,9900,27.667587280273438,0.0,0.0
FSFG,2021-09-09,28.520000457763672,28.780000686645508,28.203332901000977,28.416667938232422,18000,27.474225997924805,0.0,0.0
FSFG,2021-09-10,28.433332443237305,28.43666648864746,27.57666778564453,27.866666793823242,18300,26.942462921142578,0.0,0.0
FSFG,2021-09-13,27.856666564941406,27.856666564941406,27.416667938232422,27.416667938232422,16200,26.507389068603516,0.0,0.0
FSFG,2021-09-14,27.46666717529297,28.219999313354492,27.456666946411133,27.733333587646484,53700,26.81355094909668,0.0,0.0
FSFG,2021-09-15,27.799999237060547,27.996667861938477,27.373332977294922,27.733333587646484,33300,26.81355094909668,0.0,0.0
FSFG,2021-09-16,27.729999542236328,29.809999465942383,27.40999984741211,28.450000762939453,34600,27.506450653076172,0.0,3.0
FSFG,2021-09-17,28.450000762939453,28.450000762939453,27.15999984741211,27.290000915527344,27100,26.384923934936523,0.0,0.0
FSFG,2021-09-20,27.350000381469727,28.030000686645508,26.15999984741211,27.399999618530273,16400,26.491273880004883,0.0,0.0
FSFG,2021-09-21,27.3799991607666,27.5,26.559999465942383,27.15999984741211,6700,26.259233474731445,0.0,0.0
FSFG,2021-09-22,27.209999084472656,28.040000915527344,26.030000686645508,27.579999923706055,29800,26.665302276611328,0.0,0.0
FSFG,2021-09-23,27.600000381469727,28.420000076293945,27.079999923706055,27.329999923706055,15600,26.42359733581543,0.0,0.0
FSFG,2021-09-24,27.110000610351562,27.6299991607666,27.010000228881836,27.360000610351562,4000,26.452600479125977,0.0,0.0
FSFG,2021-09-27,27.3700008392334,28.219999313354492,27.3700008392334,27.700000762939453,9100,26.781326293945312,0.0,0.0
FSFG,2021-09-28,27.600000381469727,28.5,27.420000076293945,27.780000686645508,7700,26.858673095703125,0.0,0.0
FSFG,2021-09-29,27.829999923706055,28.209999084472656,27.200000762939453,27.969999313354492,14800,27.042369842529297,0.0,0.0
FSFG,2021-09-30,27.969999313354492,28.299999237060547,27.670000076293945,27.959999084472656,6200,27.032699584960938,0.0,0.0
FSFG,2021-10-01,28.18000030517578,28.75,27.8700008392334,28.020000457763672,8800,27.090715408325195,0.0,0.0
FSFG,2021-10-04,28.399999618530273,28.440000534057617,27.84000015258789,28.09000015258789,6400,27.158390045166016,0.0,0.0
FSFG,2021-10-05,28.049999237060547,28.899999618530273,27.809999465942383,28.540000915527344,13000,27.59346580505371,0.0,0.0
FSFG,2021-10-06,28.31999969482422,29.200000762939453,28.31999969482422,28.93000030517578,13400,27.970531463623047,0.0,0.0
FSFG,2021-10-07,28.81999969482422,29.75,28.3700008392334,29.200000762939453,17000,28.34916877746582,0.12,0.0
FSFG,2021-10-08,28.079999923706055,29.979999542236328,28.079999923706055,29.540000915527344,13200,28.679258346557617,0.0,0.0
FSFG,2021-10-11,29.600000381469727,29.959999084472656,29.0,29.59000015258789,5500,28.727802276611328,0.0,0.0
FSFG,2021-10-12,29.329999923706055,29.420000076293945,28.170000076293945,28.780000686645508,6900,27.941404342651367,0.0,0.0
FSFG,2021-10-13,28.989999771118164,29.649999618530273,28.989999771118164,29.25,8900,28.3977108001709,0.0,0.0
FSFG,2021-10-14,29.350000381469727,29.450000762939453,28.700000762939453,28.729999542236328,5500,27.892860412597656,0.0,0.0
FSFG,2021-10-15,28.75,29.260000228881836,28.329999923706055,28.969999313354492,12200,28.12586784362793,0.0,0.0
FSFG,2021-10-18,28.719999313354492,29.239999771118164,28.399999618530273,28.850000381469727,7600,28.00936508178711,0.0,0.0
FSFG,2021-10-19,28.709999084472656,28.780000686645508,28.299999237060547,28.610000610351562,10700,27.776357650756836,0.0,0.0
FSFG,2021-10-20,28.09000015258789,29.190000534057617,28.0,28.399999618530273,9800,27.572477340698242,0.0,0.0
FSFG,2021-10-21,28.299999237060547,28.549999237060547,27.700000762939453,28.139999389648438,10500,27.32005500793457,0.0,0.0
FSFG,2021-10-22,28.139999389648438,28.559999465942383,28.139999389648438,28.399999618530273,3000,27.572477340698242,0.0,0.0
FSFG,2021-10-25,28.399999618530273,28.399999618530273,27.75,27.899999618530273,6200,27.087045669555664,0.0,0.0
FSFG,2021-10-26,27.700000762939453,28.360000610351562,27.559999465942383,27.75,6600,26.941417694091797,0.0,0.0
FSFG,2021-10-27,27.989999771118164,27.989999771118164,27.25,27.399999618530273,11100,26.60161590576172,0.0,0.0
FSFG,2021-10-28,27.479999542236328,27.950000762939453,27.329999923706055,27.829999923706055,3100,27.019086837768555,0.0,0.0
FSFG,2021-10-29,27.770000457763672,28.3799991607666,27.399999618530273,27.780000686645508,7000,26.970544815063477,0.0,0.0
FSFG,2021-11-01,27.56999969482422,28.149999618530273,27.25,27.600000381469727,9200,26.795785903930664,0.0,0.0
FSFG,2021-11-02,27.510000228881836,27.799999237060547,27.25,27.790000915527344,3400,26.980255126953125,0.0,0.0
FSFG,2021-11-03,28.0,28.309999465942383,27.899999618530273,28.170000076293945,3900,27.349180221557617,0.0,0.0
FSFG,2021-11-04,28.06999969482422,28.25,27.639999389648438,28.09000015258789,9700,27.27151107788086,0.0,0.0
FSFG,2021-11-05,28.010000228881836,28.010000228881836,27.540000915527344,27.81999969482422,10600,27.009376525878906,0.0,0.0
FSFG,2021-11-08,27.739999771118164,28.020000457763672,27.399999618530273,27.940000534057617,5000,27.12588119506836,0.0,0.0
FSFG,2021-11-09,27.790000915527344,27.860000610351562,27.030000686645508,27.549999237060547,22300,26.74724578857422,0.0,0.0
FSFG,2021-11-10,27.020000457763672,27.920000076293945,27.010000228881836,27.559999465942383,17800,26.756954193115234,0.0,0.0
FSFG,2021-11-11,27.270000457763672,27.760000228881836,27.270000457763672,27.760000228881836,6000,26.951126098632812,0.0,0.0
FSFG,2021-11-12,27.139999389648438,27.950000762939453,27.139999389648438,27.899999618530273,3900,27.087045669555664,0.0,0.0
FSFG,2021-11-15,27.610000610351562,27.700000762939453,27.219999313354492,27.700000762939453,8100,26.89287567138672,0.0,0.0
FSFG,2021-11-16,27.360000610351562,27.59000015258789,26.959999084472656,27.450000762939453,11900,26.65015983581543,0.0,0.0
FSFG,2021-11-17,27.290000915527344,27.59000015258789,27.229999542236328,27.280000686645508,9700,26.48511505126953,0.0,0.0
FSFG,2021-11-18,26.90999984741211,27.540000915527344,26.90999984741211,27.389999389648438,6500,26.59190559387207,0.0,0.0
FSFG,2021-11-19,26.950000762939453,27.299999237060547,26.43000030517578,26.719999313354492,11100,25.941431045532227,0.0,0.0
FSFG,2021-11-22,26.639999389648438,27.100000381469727,26.56999969482422,26.84000015258789,2400,26.057931900024414,0.0,0.0
FSFG,2021-11-23,26.520000457763672,27.139999389648438,26.520000457763672,26.719999313354492,7300,25.941431045532227,0.0,0.0
FSFG,2021-11-24,26.719999313354492,26.950000762939453,26.3700008392334,26.760000228881836,4600,25.980266571044922,0.0,0.0
FSFG,2021-11-26,25.969999313354492,26.559999465942383,25.399999618530273,26.1299991607666,5500,25.368619918823242,0.0,0.0
FSFG,2021-11-29,26.100000381469727,26.290000915527344,25.579999923706055,25.959999084472656,4800,25.203571319580078,0.0,0.0
FSFG,2021-11-30,25.889999389648438,25.969999313354492,25.600000381469727,25.899999618530273,3400,25.145322799682617,0.0,0.0
FSFG,2021-12-01,25.959999084472656,26.549999237060547,25.799999237060547,26.15999984741211,3200,25.397748947143555,0.0,0.0
FSFG,2021-12-02,25.90999984741211,26.649999618530273,25.829999923706055,26.260000228881836,6800,25.49483299255371,0.0,0.0
FSFG,2021-12-03,26.40999984741211,26.6200008392334,25.670000076293945,25.850000381469727,4300,25.09678077697754,0.0,0.0
FSFG,2021-12-06,25.770000457763672,26.239999771118164,25.639999389648438,26.079999923706055,5800,25.320077896118164,0.0,0.0
FSFG,2021-12-07,25.610000610351562,26.25,25.610000610351562,26.149999618530273,1700,25.388038635253906,0.0,0.0
FSFG,2021-12-08,26.0,26.0,26.0,26.0,600,25.242408752441406,0.0,0.0
FSFG,2021-12-09,25.809999465942383,26.0,25.809999465942383,26.0,2300,25.242408752441406,0.0,0.0
FSFG,2021-12-10,26.030000686645508,27.6200008392334,26.030000686645508,27.170000076293945,12800,26.378318786621094,0.0,0.0
FSFG,2021-12-13,27.049999237060547,28.40999984741211,26.09000015258789,26.450000762939453,5900,25.679298400878906,0.0,0.0
FSFG,2021-12-14,26.5,27.09000015258789,26.0,26.100000381469727,8600,25.339496612548828,0.0,0.0
FSFG,2021-12-15,27.479999542236328,27.479999542236328,26.1200008392334,26.1200008392334,1400,25.358911514282227,0.0,0.0
FSFG,2021-12-16,26.559999465942383,26.559999465942383,26.200000762939453,26.43000030517578,3900,25.778310775756836,0.12,0.0
FSFG,2021-12-17,26.1200008392334,26.75,24.969999313354492,25.149999618530273,14200,24.529870986938477,0.0,0.0
FSFG,2021-12-20,25.6299991607666,25.6299991607666,25.229999542236328,25.40999984741211,5300,24.783462524414062,0.0,0.0
FSFG,2021-12-21,25.799999237060547,25.809999465942383,25.219999313354492,25.399999618530273,2200,24.77370834350586,0.0,0.0
FSFG,2021-12-22,25.399999618530273,25.399999618530273,25.149999618530273,25.149999618530273,3100,24.529870986938477,0.0,0.0
FSFG,2021-12-23,25.450000762939453,25.450000762939453,25.15999984741211,25.15999984741211,1400,24.53962516784668,0.0,0.0
FSFG,2021-12-27,25.5,25.510000228881836,25.170000076293945,25.209999084472656,3000,24.588390350341797,0.0,0.0
FSFG,2021-12-28,25.239999771118164,25.440000534057617,25.239999771118164,25.440000534057617,1000,24.81272315979004,0.0,0.0
FSFG,2021-12-29,25.440000534057617,25.829999923706055,25.219999313354492,25.739999771118164,9500,25.105323791503906,0.0,0.0
FSFG,2021-12-30,25.75,26.0,25.360000610351562,25.969999313354492,3700,25.32965087890625,0.0,0.0
FSFG,2021-12-31,26.260000228881836,26.8700008392334,25.940000534057617,26.399999618530273,3000,25.74905014038086,0.0,0.0
FSFG,2022-01-03,26.209999084472656,26.889999389648438,25.979999542236328,26.450000762939453,3100,25.797819137573242,0.0,0.0
FSFG,2022-01-04,26.68000030517578,27.3799991607666,26.639999389648438,26.700000762939453,5600,26.041654586791992,0.0,0.0
FSFG,2022-01-05,26.600000381469727,27.059999465942383,26.350000381469727,27.059999465942383,6500,26.392776489257812,0.0,0.0
FSFG,2022-01-06,26.59000015258789,27.229999542236328,26.59000015258789,27.229999542236328,1400,26.558584213256836,0.0,0.0
FSFG,2022-01-07,27.229999542236328,27.229999542236328,27.229999542236328,27.229999542236328,200,26.558584213256836,0.0,0.0
FSFG,2022-01-10,26.850000381469727,27.200000762939453,26.850000381469727,27.200000762939453,1600,26.529325485229492,0.0,0.0
FSFG,2022-01-11,27.170000076293945,27.540000915527344,27.170000076293945,27.5,1500,26.821928024291992,0.0,0.0
FSFG,2022-01-12,28.549999237060547,28.549999237060547,28.0,28.0,1400,27.309600830078125,0.0,0.0
FSFG,2022-01-13,27.600000381469727,27.84000015258789,27.280000686645508,27.670000076293945,4200,26.987735748291016,0.0,0.0
FSFG,2022-01-14,27.0,27.950000762939453,27.0,27.200000762939453,3000,26.529325485229492,0.0,0.0
FSFG,2022-01-18,26.780000686645508,27.399999618530273,26.770000457763672,26.770000457763672,3200,26.109928131103516,0.0,0.0
FSFG,2022-01-19,26.979999542236328,27.700000762939453,26.5,27.059999465942383,25400,26.392776489257812,0.0,0.0
FSFG,2022-01-20,27.100000381469727,27.100000381469727,26.940000534057617,26.989999771118164,1700,26.32450294494629,0.0,0.0
FSFG,2022-01-21,26.940000534057617,26.940000534057617,26.0,26.780000686645508,5400,26.119680404663086,0.0,0.0
FSFG,2022-01-24,26.25,26.65999984741211,25.3799991607666,26.579999923706055,29600,25.924612045288086,0.0,0.0
FSFG,2022-01-25,27.100000381469727,27.5,26.31999969482422,26.780000686645508,8000,26.119680404663086,0.0,0.0
FSFG,2022-01-26,26.389999389648438,27.5,25.6299991607666,26.440000534057617,14400,25.788063049316406,0.0,0.0
FSFG,2022-01-27,26.010000228881836,26.75,26.0,26.75,6300,26.090421676635742,0.0,0.0
FSFG,2022-01-28,26.5,26.520000457763672,26.110000610351562,26.25,7300,25.60274887084961,0.0,0.0
FSFG,2022-01-31,26.229999542236328,26.450000762939453,26.0,26.219999313354492,2800,25.573488235473633,0.0,0.0
FSFG,2022-02-01,26.459999084472656,26.489999771118164,26.049999237060547,26.059999465942383,1100,25.41743278503418,0.0,0.0
FSFG,2022-02-02,26.170000076293945,26.309999465942383,26.149999618530273,26.309999465942383,1900,25.661270141601562,0.0,0.0
FSFG,2022-02-03,26.149999618530273,26.299999237060547,25.559999465942383,26.25,10300,25.60274887084961,0.0,0.0
FSFG,2022-02-04,26.549999237060547,26.549999237060547,26.030000686645508,26.25,3100,25.60274887084961,0.0,0.0
FSFG,2022-02-07,26.25,27.739999771118164,26.190000534057617,26.739999771118164,6000,26.080665588378906,0.0,0.0
FSFG,2022-02-08,26.299999237060547,27.0,26.299999237060547,26.700000762939453,7300,26.041654586791992,0.0,0.0
FSFG,2022-02-09,26.31999969482422,27.0,26.31999969482422,26.31999969482422,9500,25.671022415161133,0.0,0.0
FSFG,2022-02-10,26.31999969482422,26.360000610351562,26.299999237060547,26.299999237060547,5100,25.65151596069336,0.0,0.0
FSFG,2022-02-11,26.030000686645508,26.329999923706055,26.030000686645508,26.299999237060547,5200,25.65151596069336,0.0,0.0
FSFG,2022-02-14,26.65999984741211,26.799999237060547,26.170000076293945,26.170000076293945,7900,25.524721145629883,0.0,0.0
FSFG,2022-02-15,26.170000076293945,26.170000076293945,26.170000076293945,26.170000076293945,500,25.524721145629883,0.0,0.0
FSFG,2022-02-16,26.399999618530273,26.5,26.059999465942383,26.350000381469727,7600,25.700284957885742,0.0,0.0
FSFG,2022-02-17,26.059999465942383,26.469999313354492,25.860000610351562,26.25,16700,25.60274887084961,0.0,0.0
FSFG,2022-02-18,26.229999542236328,26.709999084472656,26.010000228881836,26.219999313354492,8700,25.573488235473633,0.0,0.0
FSFG,2022-02-22,25.920000076293945,26.469999313354492,25.729999542236328,25.850000381469727,8500,25.21261215209961,0.0,0.0
FSFG,2022-02-23,26.0,26.0,25.739999771118164,25.739999771118164,1100,25.105323791503906,0.0,0.0
FSFG,2022-02-24,25.700000762939453,25.8799991607666,25.0,25.25,18100,24.627405166625977,0.0,0.0
FSFG,2022-02-25,25.850000381469727,26.649999618530273,25.309999465942383,25.950000762939453,4100,25.31014633178711,0.0,0.0
FSFG,2022-02-28,26.219999313354492,26.219999313354492,25.5,25.5,1700,24.871244430541992,0.0,0.0
FSFG,2022-03-01,25.920000076293945,25.920000076293945,25.299999237060547,25.299999237060547,1700,24.676172256469727,0.0,0.0
FSFG,2022-03-02,25.649999618530273,25.649999618530273,25.309999465942383,25.489999771118164,1500,24.861488342285156,0.0,0.0
FSFG,2022-03-03,25.739999771118164,25.739999771118164,25.280000686645508,25.670000076293945,600,25.037050247192383,0.0,0.0
FSFG,2022-03-04,25.110000610351562,25.59000015258789,25.0,25.25,5700,24.627405166625977,0.0,0.0
FSFG,2022-03-07,25.040000915527344,25.350000381469727,25.010000228881836,25.010000228881836,1400,24.393325805664062,0.0,0.0
FSFG,2022-03-08,25.209999084472656,25.209999084472656,24.889999389648438,25.0,2400,24.383569717407227,0.0,0.0
FSFG,2022-03-09,25.190000534057617,25.34000015258789,25.0,25.0,1100,24.383569717407227,0.0,0.0
FSFG,2022-03-10,25.049999237060547,25.299999237060547,25.0,25.190000534057617,3200,24.568885803222656,0.0,0.0
FSFG,2022-03-11,25.020000457763672,25.020000457763672,25.020000457763672,25.020000457763672,400,24.403076171875,0.0,0.0
FSFG,2022-03-14,25.030000686645508,25.030000686645508,25.030000686645508,25.030000686645508,600,24.412832260131836,0.0,0.0
FSFG,2022-03-15,25.010000228881836,25.549999237060547,24.850000381469727,25.149999618530273,23000,24.529870986938477,0.0,0.0
FSFG,2022-03-16,25.43000030517578,25.510000228881836,25.219999313354492,25.219999313354492,2400,24.7259521484375,0.13,0.0
FSFG,2022-03-17,25.229999542236328,25.40999984741211,25.040000915527344,25.40999984741211,2400,24.912233352661133,0.0,0.0
FSFG,2022-03-18,25.489999771118164,25.5,25.399999618530273,25.440000534057617,4900,24.941646575927734,0.0,0.0
FSFG,2022-03-21,25.399999618530273,25.760000228881836,25.0,25.760000228881836,3100,25.255374908447266,0.0,0.0
FSFG,2022-03-22,25.950000762939453,27.0,25.950000762939453,26.469999313354492,6700,25.951465606689453,0.0,0.0
FSFG,2022-03-23,26.100000381469727,26.100000381469727,26.0,26.100000381469727,3000,25.588714599609375,0.0,0.0
FSFG,2022-03-24,26.0,26.0,25.200000762939453,25.700000762939453,8900,25.196550369262695,0.0,0.0
FSFG,2022-03-25,26.100000381469727,26.989999771118164,26.0,26.010000228881836,8500,25.500478744506836,0.0,0.0
FSFG,2022-03-28,25.549999237060547,25.979999542236328,25.170000076293945,25.389999389648438,6600,24.892621994018555,0.0,0.0
FSFG,2022-03-29,25.229999542236328,25.43000030517578,25.010000228881836,25.020000457763672,4400,24.529870986938477,0.0,0.0
FSFG,2022-03-30,25.229999542236328,25.229999542236328,24.719999313354492,24.899999618530273,5300,24.412221908569336,0.0,0.0
FSFG,2022-03-31,25.079999923706055,25.079999923706055,24.170000076293945,24.540000915527344,14600,23.802154541015625,0.0,
FSFG,2022-04-01,24.979999542236328,24.979999542236328,24.549999237060547,24.719999313354492,3200,23.97673988342285,0.0,
FSFG,2022-04-04,24.989999771118164,25.0,24.989999771118164,25.0,1100,24.248321533203125,0.0,
FSFG,2022-04-05,25.0,25.0,24.809999465942383,24.959999084472656,2000,24.20952606201172,0.0,
FSFG,2022-04-06,24.850000381469727,25.15999984741211,24.600000381469727,24.700000762939453,2300,23.95734214782715,0.0,
FSFG,2022-04-07,24.600000381469727,24.739999771118164,24.600000381469727,24.6299991607666,1500,23.889448165893555,0.0,
FSFG,2022-04-08,24.65999984741211,24.65999984741211,24.65999984741211,24.65999984741211,400,23.91854476928711,0.0,
FSFG,2022-04-11,24.700000762939453,24.889999389648438,24.690000534057617,24.889999389648438,1600,24.141630172729492,0.0,
FSFG,2022-04-12,24.709999084472656,24.709999084472656,24.709999084472656,24.709999084472656,700,23.967041015625,0.0,
FSFG,2022-04-13,24.700000762939453,24.700000762939453,24.65999984741211,24.690000534057617,1100,23.947643280029297,0.0,
FSFG,2022-04-14,24.84000015258789,24.84000015258789,24.600000381469727,24.600000381469727,2000,23.8603515625,0.0,
FSFG,2022-04-18,24.5,24.780000686645508,24.440000534057617,24.6200008392334,1500,23.879749298095703,0.0,
FSFG,2022-04-19,24.75,24.75,24.34000015258789,24.530000686645508,2700,23.792455673217773,0.0,
FSFG,2022-04-20,24.65999984741211,25.229999542236328,24.229999542236328,24.959999084472656,4900,24.20952606201172,0.0,
FSFG,2022-04-21,24.989999771118164,25.450000762939453,24.5,25.0,5500,24.248321533203125,0.0,
FSFG,2022-04-22,24.75,25.0,24.75,24.8799991607666,4000,24.13193130493164,0.0,
FSFG,2022-04-25,24.639999389648438,24.760000228881836,24.510000228881836,24.510000228881836,9900,23.773056030273438,0.0,
FSFG,2022-04-26,25.440000534057617,25.450000762939453,24.690000534057617,24.959999084472656,13500,24.20952606201172,0.0,
FSFG,2022-04-27,24.850000381469727,25.0,24.510000228881836,24.979999542236328,18200,24.228923797607422,0.0,
FSFG,2022-04-28,24.979999542236328,25.0,24.780000686645508,24.950000762939453,9100,24.199827194213867,0.0,
FSFG,2022-04-29,24.940000534057617,24.950000762939453,24.639999389648438,24.940000534057617,5500,24.190128326416016,0.0,
FSFG,2022-05-02,24.84000015258789,25.329999923706055,24.809999465942383,24.989999771118164,10200,24.238622665405273,0.0,
FSFG,2022-05-03,24.959999084472656,25.290000915527344,24.610000610351562,24.610000610351562,6900,23.87005043029785,0.0,
FSFG,2022-05-04,24.68000030517578,24.68000030517578,24.600000381469727,24.6299991607666,1400,23.889448165893555,0.0,
FSFG,2022-05-05,24.75,24.75,24.510000228881836,24.520000457763672,22200,23.782756805419922,0.0,
FSFG,2022-05-06,24.5,24.670000076293945,24.5,24.59000015258789,5900,23.850650787353516,0.0,
FSFG,2022-05-09,24.75,24.75,24.149999618530273,24.299999237060547,14200,23.569368362426758,0.0,
FSFG,2022-05-10,24.700000762939453,24.700000762939453,23.40999984741211,24.209999084472656,9100,23.48207664489746,0.0,
FSFG,2022-05-11,24.40999984741211,24.40999984741211,24.010000228881836,24.100000381469727,6800,23.375383377075195,0.0,
FSFG,2022-05-12,24.1200008392334,24.260000228881836,23.950000762939453,24.010000228881836,4300,23.288087844848633,0.0,
FSFG,2022-05-13,24.100000381469727,25.0,24.0,24.290000915527344,7500,23.559669494628906,0.0,
FSFG,2022-05-16,24.389999389648438,24.709999084472656,24.25,24.25,1700,23.5208740234375,0.0,
FSFG,2022-05-17,24.6200008392334,24.6200008392334,24.3700008392334,24.56999969482422,1300,23.83125114440918,0.0,
FSFG,2022-05-18,24.31999969482422,24.81999969482422,24.149999618530273,24.149999618530273,2200,23.423879623413086,0.0,
FSFG,2022-05-19,24.010000228881836,24.68000030517578,23.850000381469727,24.09000015258789,4100,23.36568260192871,0.0,
FSFG,2022-05-20,24.010000228881836,24.469999313354492,23.950000762939453,24.469999313354492,13800,23.734256744384766,0.0,
FSFG,2022-05-23,24.739999771118164,24.950000762939453,24.600000381469727,24.940000534057617,3300,24.190128326416016,0.0,
FSFG,2022-05-24,24.540000915527344,24.920000076293945,24.469999313354492,24.520000457763672,3100,23.782756805419922,0.0,
FSFG,2022-05-25,24.110000610351562,24.520000457763672,24.110000610351562,24.360000610351562,1800,23.627565383911133,0.0,
FSFG,2022-05-26,24.389999389648438,25.329999923706055,24.049999237060547,25.329999923706055,5500,24.56839942932129,0.0,
FSFG,2022-05-27,24.889999389648438,25.3799991607666,24.549999237060547,25.329999923706055,4000,24.56839942932129,0.0,
FSFG,2022-05-31,25.049999237060547,25.729999542236328,24.420000076293945,24.850000381469727,11800,24.102832794189453,0.0,
FSFG,2022-06-01,25.0,25.0,24.350000381469727,24.549999237060547,9200,23.811853408813477,0.0,
FSFG,2022-06-02,24.649999618530273,24.75,24.549999237060547,24.65999984741211,1000,23.91854476928711,0.0,
FSFG,2022-06-03,24.8799991607666,24.899999618530273,24.8799991607666,24.899999618530273,600,24.151329040527344,0.0,
FSFG,2022-06-06,24.899999618530273,24.899999618530273,24.899999618530273,24.899999618530273,800,24.151329040527344,0.0,
FSFG,2022-06-07,24.559999465942383,25.149999618530273,24.309999465942383,24.520000457763672,28600,23.782756805419922,0.0,
FSFG,2022-06-08,25.030000686645508,25.030000686645508,24.309999465942383,24.739999771118164,2200,23.996139526367188,0.0,
FSFG,2022-06-09,24.40999984741211,24.649999618530273,24.260000228881836,24.399999618530273,4500,23.66636085510254,0.0,
FSFG,2022-06-10,24.3799991607666,24.3799991607666,24.15999984741211,24.239999771118164,4700,23.51117515563965,0.0,
FSFG,2022-06-13,24.149999618530273,24.389999389648438,23.579999923706055,24.0,13200,23.27838897705078,0.0,
FSFG,2022-06-14,24.200000762939453,24.200000762939453,23.600000381469727,23.719999313354492,8200,23.006807327270508,0.0,
FSFG,2022-06-15,23.68000030517578,23.989999771118164,23.68000030517578,23.729999542236328,4800,23.14334487915039,0.13,
FSFG,2022-06-16,23.729999542236328,23.780000686645508,23.600000381469727,23.600000381469727,6100,23.01656150817871,0.0,
FSFG,2022-06-17,23.940000534057617,24.0,23.709999084472656,24.0,16800,23.40667152404785,0.0,
FSFG,2022-06-21,24.0,24.0,23.739999771118164,23.75,11500,23.162851333618164,0.0,
FSFG,2022-06-22,23.760000228881836,23.989999771118164,23.520000457763672,23.729999542236328,5700,23.14334487915039,0.0,
FSFG,2022-06-23,23.469999313354492,23.469999313354492,23.469999313354492,23.469999313354492,1000,22.889774322509766,0.0,
FSFG,2022-06-24,23.469999313354492,23.729999542236328,23.469999313354492,23.469999313354492,37000,22.889774322509766,0.0,
FSFG,2022-06-27,23.729999542236328,23.860000610351562,23.540000915527344,23.760000228881836,3800,23.172603607177734,0.0,
FSFG,2022-06-28,23.989999771118164,24.0,23.790000915527344,23.940000534057617,26700,23.348155975341797,0.0,
FSFG,2022-06-29,23.899999618530273,24.0,23.56999969482422,23.81999969482422,5300,23.231121063232422,0.0,
FSFG,2022-06-30,23.579999923706055,24.0,23.540000915527344,23.940000534057617,5000,23.348155975341797,0.0,
FSFG,2022-07-01,23.850000381469727,24.0,23.690000534057617,23.940000534057617,7000,23.348155975341797,0.0,
FSFG,2022-07-05,23.719999313354492,24.0,23.719999313354492,23.959999084472656,6000,23.367660522460938,0.0,
FSFG,2022-07-06,23.950000762939453,23.950000762939453,23.729999542236328,23.729999542236328,1600,23.14334487915039,0.0,
FSFG,2022-07-07,23.899999618530273,24.0,23.65999984741211,23.65999984741211,10500,23.0750789642334,0.0,
FSFG,2022-07-08,23.959999084472656,24.170000076293945,23.600000381469727,23.600000381469727,12200,23.01656150817871,0.0,
FSFG,2022-07-11,23.559999465942383,23.68000030517578,23.260000228881836,23.260000228881836,10100,22.684967041015625,0.0,
FSFG,2022-07-12,23.450000762939453,23.770000457763672,23.280000686645508,23.280000686645508,3800,22.7044734954834,0.0,
FSFG,2022-07-13,23.420000076293945,23.59000015258789,23.420000076293945,23.579999923706055,3600,22.997055053710938,0.0,
FSFG,2022-07-14,23.450000762939453,23.520000457763672,23.25,23.520000457763672,2900,22.938539505004883,0.0,
FSFG,2022-07-15,23.31999969482422,23.65999984741211,23.309999465942383,23.549999237060547,2900,22.967796325683594,0.0,
FSFG,2022-07-18,23.520000457763672,23.700000762939453,23.34000015258789,23.5,3000,22.91903305053711,0.0,
FSFG,2022-07-19,23.540000915527344,23.899999618530273,23.260000228881836,23.700000762939453,10300,23.11408805847168,0.0,
FSFG,2022-07-20,23.729999542236328,23.729999542236328,23.700000762939453,23.700000762939453,1200,23.11408805847168,0.0,
FSFG,2022-07-21,23.549999237060547,23.959999084472656,23.549999237060547,23.709999084472656,4600,23.123838424682617,0.0,
FSFG,2022-07-22,23.93000030517578,23.959999084472656,23.5,23.709999084472656,6000,23.123838424682617,0.0,
FSFG,2022-07-25,23.56999969482422,24.0,23.56999969482422,23.959999084472656,5400,23.367660522460938,0.0,
FSFG,2022-07-26,23.600000381469727,24.0,23.559999465942383,23.809999465942383,26600,23.22136878967285,0.0,
FSFG,2022-07-27,23.670000076293945,24.0,23.6200008392334,24.0,5500,23.40667152404785,0.0,
FSFG,2022-07-28,23.799999237060547,23.979999542236328,23.799999237060547,23.850000381469727,800,23.2603816986084,0.0,
FSFG,2022-07-29,23.809999465942383,23.809999465942383,23.799999237060547,23.799999237060547,1800,23.21161651611328,0.0,
FSFG,2022-08-01,23.809999465942383,24.0,23.649999618530273,24.0,2700,23.40667152404785,0.0,
FSFG,2022-08-02,23.809999465942383,23.969999313354492,23.610000610351562,23.649999618530273,3800,23.065324783325195,0.0,
FSFG,2022-08-03,23.700000762939453,23.979999542236328,23.610000610351562,23.75,2500,23.162851333618164,0.0,
FSFG,2022-08-04,23.65999984741211,23.8799991607666,23.610000610351562,23.799999237060547,2600,23.21161651611328,0.0,
FSFG,2022-08-05,23.799999237060547,23.799999237060547,23.799999237060547,23.799999237060547,1000,23.21161651611328,0.0,
FSFG,2022-08-08,23.75,23.84000015258789,23.65999984741211,23.790000915527344,1800,23.20186424255371,0.0,
FSFG,2022-08-09,23.68000030517578,23.68000030517578,23.68000030517578,23.68000030517578,600,23.094581604003906,0.0,
FSFG,2022-08-10,23.65999984741211,23.950000762939453,23.6200008392334,23.700000762939453,2000,23.11408805847168,0.0,
FSFG,2022-08-11,23.799999237060547,23.799999237060547,23.649999618530273,23.729999542236328,5300,23.14334487915039,0.0,
FSFG,2022-08-12,23.799999237060547,23.799999237060547,23.65999984741211,23.760000228881836,2300,23.172603607177734,0.0,
FSFG,2022-08-15,23.65999984741211,23.799999237060547,23.65999984741211,23.75,3500,23.162851333618164,0.0,
FSFG,2022-08-16,23.68000030517578,23.799999237060547,23.600000381469727,23.739999771118164,2800,23.153099060058594,0.0,
FSFG,2022-08-17,23.760000228881836,23.760000228881836,23.65999984741211,23.65999984741211,1100,23.0750789642334,0.0,
FSFG,2022-08-18,23.6200008392334,23.780000686645508,23.31999969482422,23.479999542236328,5400,22.899526596069336,0.0,
FSFG,2022-08-19,23.40999984741211,23.549999237060547,23.40999984741211,23.479999542236328,2300,22.899526596069336,0.0,
FSFG,2022-08-22,23.3700008392334,23.540000915527344,23.3700008392334,23.540000915527344,1200,22.958044052124023,0.0,
FSFG,2022-08-23,23.3700008392334,23.3700008392334,23.3700008392334,23.3700008392334,1500,22.792245864868164,0.0,
FSFG,2022-08-24,23.309999465942383,23.399999618530273,23.25,23.25,7600,22.675214767456055,0.0,
FSFG,2022-08-25,23.389999389648438,23.40999984741211,23.149999618530273,23.260000228881836,14000,22.684967041015625,0.0,
FSFG,2022-08-26,23.31999969482422,23.34000015258789,23.270000457763672,23.329999923706055,900,22.753236770629883,0.0,
FSFG,2022-08-29,23.31999969482422,23.31999969482422,23.31999969482422,23.31999969482422,1800,22.74348258972168,0.0,
FSFG,2022-08-30,23.299999237060547,23.350000381469727,22.649999618530273,23.25,30800,22.675214767456055,0.0,
FSFG,2022-08-31,22.979999542236328,23.25,22.81999969482422,22.81999969482422,4300,22.255842208862305,0.0,
FSFG,2022-09-01,22.940000534057617,22.940000534057617,22.809999465942383,22.940000534057617,9600,22.372879028320312,0.0,
FSFG,2022-09-02,23.06999969482422,23.06999969482422,23.06999969482422,23.06999969482422,900,22.499662399291992,0.0,
FSFG,2022-09-06,23.15999984741211,23.15999984741211,23.030000686645508,23.030000686645508,1500,22.460651397705078,0.0,
FSFG,2022-09-07,23.149999618530273,23.270000457763672,22.850000381469727,22.850000381469727,1100,22.28510093688965,0.0,
FSFG,2022-09-08,23.010000228881836,23.010000228881836,22.979999542236328,22.979999542236328,500,22.411888122558594,0.0,
FSFG,2022-09-09,22.860000610351562,23.1200008392334,22.860000610351562,23.0,2500,22.431394577026367,0.0,
FSFG,2022-09-12,23.079999923706055,23.079999923706055,22.84000015258789,22.8799991607666,3100,22.314361572265625,0.0,
FSFG,2022-09-13,23.030000686645508,23.030000686645508,22.90999984741211,22.90999984741211,800,22.34362030029297,0.0,
FSFG,2022-09-14,22.850000381469727,22.8799991607666,22.75,22.75,20000,22.18757438659668,0.0,
FSFG,2022-09-15,22.729999542236328,22.81999969482422,22.729999542236328,22.81999969482422,600,22.383750915527344,0.13,
FSFG,2022-09-16,22.729999542236328,24.09000015258789,22.709999084472656,23.559999465942383,60000,23.109603881835938,0.0,
FSFG,2022-09-19,23.90999984741211,23.90999984741211,23.06999969482422,23.350000381469727,3200,22.90361785888672,0.0,
FSFG,2022-09-20,23.040000915527344,23.139999389648438,23.020000457763672,23.139999389648438,1400,22.697633743286133,0.0,
FSFG,2022-09-21,23.09000015258789,23.299999237060547,23.049999237060547,23.299999237060547,2100,22.85457420349121,0.0,
FSFG,2022-09-22,23.469999313354492,23.469999313354492,23.020000457763672,23.229999542236328,51600,22.785913467407227,0.0,
FSFG,2022-09-23,23.219999313354492,23.219999313354492,23.190000534057617,23.190000534057617,1000,22.746679306030273,0.0,
FSFG,2022-09-26,23.0,23.270000457763672,22.8700008392334,23.059999465942383,76000,22.61916160583496,0.0,
FSFG,2022-09-27,23.420000076293945,23.420000076293945,23.0,23.059999465942383,1900,22.61916160583496,0.0,
FSFG,2022-09-28,24.079999923706055,24.079999923706055,23.059999465942383,23.059999465942383,3500,22.61916160583496,0.0,
FSFG,2022-09-29,22.90999984741211,23.350000381469727,22.809999465942383,22.979999542236328,4500,22.540693283081055,0.0,
FSFG,2022-09-30,23.049999237060547,23.06999969482422,22.809999465942383,22.979999542236328,6400,22.540693283081055,0.0,
FSFG,2022-10-03,23.059999465942383,23.06999969482422,22.700000762939453,23.06999969482422,3600,22.628971099853516,0.0,
FSFG,2022-10-04,22.950000762939453,23.059999465942383,22.8700008392334,22.8700008392334,2600,22.432796478271484,0.0,
FSFG,2022-10-05,22.770000457763672,22.889999389648438,22.75,22.75,1500,22.315088272094727,0.0,
FSFG,2022-10-06,22.75,23.18000030517578,22.510000228881836,22.899999618530273,12100,22.462221145629883,0.0,
FSFG,2022-10-07,22.850000381469727,23.100000381469727,22.790000915527344,22.790000915527344,2600,22.354324340820312,0.0,
FSFG,2022-10-10,22.709999084472656,23.100000381469727,22.709999084472656,22.770000457763672,1300,22.334707260131836,0.0,
FSFG,2022-10-11,23.479999542236328,23.489999771118164,22.850000381469727,22.940000534057617,13100,22.5014591217041,0.0,
FSFG,2022-10-12,22.899999618530273,22.899999618530273,22.719999313354492,22.719999313354492,14700,22.285661697387695,0.0,
FSFG,2022-10-13,22.65999984741211,22.920000076293945,22.65999984741211,22.920000076293945,6000,22.481840133666992,0.0,
FSFG,2022-10-14,22.940000534057617,22.940000534057617,22.940000534057617,22.940000534057617,1800,22.5014591217041,0.0,
FSFG,2022-10-17,23.229999542236328,23.389999389648438,22.860000610351562,23.239999771118164,3400,22.79572296142578,0.0,
FSFG,2022-10-18,23.43000030517578,23.450000762939453,23.25,23.25,1100,22.805530548095703,0.0,
FSFG,2022-10-19,22.920000076293945,22.920000076293945,22.799999237060547,22.799999237060547,1700,22.364131927490234,0.0,
FSFG,2022-10-20,22.799999237060547,23.0,22.760000228881836,22.989999771118164,2600,22.55050277709961,0.0,
FSFG,2022-10-21,22.84000015258789,22.84000015258789,22.84000015258789,22.84000015258789,700,22.40336799621582,0.0,
FSFG,2022-10-24,22.93000030517578,23.040000915527344,22.93000030517578,23.0,1200,22.56031036376953,0.0,
FSFG,2022-10-25,23.09000015258789,23.200000762939453,22.799999237060547,22.959999084472656,7100,22.521074295043945,0.0,
FSFG,2022-10-26,22.950000762939453,23.25,22.950000762939453,23.200000762939453,1500,22.756486892700195,0.0,
FSFG,2022-10-27,23.030000686645508,23.25,23.030000686645508,23.149999618530273,2200,22.707441329956055,0.0,
FSFG,2022-10-28,22.950000762939453,22.950000762939453,22.850000381469727,22.950000762939453,1200,22.511266708374023,0.0,
FSFG,2022-10-31,23.200000762939453,23.200000762939453,22.530000686645508,22.649999618530273,3400,22.21700096130371,0.0,
FSFG,2022-11-01,22.559999465942383,22.559999465942383,22.290000915527344,22.290000915527344,1400,21.86388397216797,0.0,
FSFG,2022-11-02,22.18000030517578,22.889999389648438,22.18000030517578,22.489999771118164,3600,22.06005859375,0.0,
FSFG,2022-11-03,22.549999237060547,22.549999237060547,22.489999771118164,22.5,3800,22.069868087768555,0.0,
FSFG,2022-11-04,22.600000381469727,22.969999313354492,22.309999465942383,22.5,1600,22.069868087768555,0.0,
FSFG,2022-11-07,22.600000381469727,22.950000762939453,22.360000610351562,22.3700008392334,14600,21.942354202270508,0.0,
FSFG,2022-11-08,22.600000381469727,22.65999984741211,22.399999618530273,22.399999618530273,6100,21.971778869628906,0.0,
FSFG,2022-11-09,22.399999618530273,22.59000015258789,22.399999618530273,22.59000015258789,1500,22.15814781188965,0.0,
FSFG,2022-11-10,22.6200008392334,22.75,22.600000381469727,22.75,4000,22.315088272094727,0.0,
FSFG,2022-11-11,22.670000076293945,22.829999923706055,22.5,22.5,2600,22.069868087768555,0.0,
FSFG,2022-11-14,22.6299991607666,22.739999771118164,22.3700008392334,22.549999237060547,6400,22.118911743164062,0.0,
FSFG,2022-11-15,22.459999084472656,22.790000915527344,22.3700008392334,22.5,8600,22.069868087768555,0.0,
FSFG,2022-11-16,22.5,22.520000457763672,22.3700008392334,22.440000534057617,7500,22.011014938354492,0.0,
FSFG,2022-11-17,22.440000534057617,22.790000915527344,22.3700008392334,22.790000915527344,3000,22.354324340820312,0.0,
FSFG,2022-11-18,22.790000915527344,23.030000686645508,22.65999984741211,23.030000686645508,8400,22.589736938476562,0.0,
FSFG,2022-11-21,22.610000610351562,22.850000381469727,22.3799991607666,22.489999771118164,11000,22.06005859375,0.0,
FSFG,2022-11-22,22.469999313354492,22.5,22.329999923706055,22.3700008392334,10600,21.942354202270508,0.0,
FSFG,2022-11-23,22.459999084472656,22.459999084472656,22.450000762939453,22.450000762939453,900,22.020824432373047,0.0,
FSFG,2022-11-25,22.5,22.899999618530273,22.40999984741211,22.40999984741211,5800,21.98158836364746,0.0,
FSFG,2022-11-28,22.360000610351562,22.450000762939453,22.360000610351562,22.450000762939453,600,22.020824432373047,0.0,
FSFG,2022-11-29,22.360000610351562,22.5,22.350000381469727,22.5,4000,22.069868087768555,0.0,
FSFG,2022-11-30,22.350000381469727,22.5,22.350000381469727,22.450000762939453,3800,22.020824432373047,0.0,
FSFG,2022-12-01,22.350000381469727,22.5,22.350000381469727,22.3799991607666,2800,21.95216178894043,0.0,
FSFG,2022-12-02,22.420000076293945,22.5,22.3700008392334,22.5,1600,22.069868087768555,0.0,
FSFG,2022-12-05,22.3700008392334,22.5,22.350000381469727,22.5,1500,22.069868087768555,0.0,
FSFG,2022-12-06,22.260000228881836,22.450000762939453,22.260000228881836,22.3700008392334,1300,21.942354202270508,0.0,
FSFG,2022-12-07,22.450000762939453,22.5,22.40999984741211,22.5,1100,22.069868087768555,0.0,
FSFG,2022-12-08,22.3799991607666,22.5,22.260000228881836,22.31999969482422,4900,21.893310546875,0.0,
FSFG,2022-12-09,22.229999542236328,22.360000610351562,21.799999237060547,22.100000381469727,7800,21.677515029907227,0.0,
FSFG,2022-12-12,22.149999618530273,22.34000015258789,22.040000915527344,22.100000381469727,1500,21.677515029907227,0.0,
FSFG,2022-12-13,22.139999389648438,22.360000610351562,21.549999237060547,21.959999084472656,62000,21.540191650390625,0.0,
FSFG,2022-12-14,22.0,22.350000381469727,21.600000381469727,21.600000381469727,108900,21.187074661254883,0.0,
FSFG,2022-12-15,21.649999618530273,21.700000762939453,21.299999237060547,21.299999237060547,9800,20.89280891418457,0.0,
FSFG,2022-12-16,21.31999969482422,21.690000534057617,20.790000915527344,20.790000915527344,22900,20.392559051513672,0.0,
FSFG,2022-12-19,20.860000610351562,21.260000228881836,20.40999984741211,20.40999984741211,17800,20.019821166992188,0.0,
FSFG,2022-12-20,20.469999313354492,20.479999542236328,20.110000610351562,20.110000610351562,14200,19.725557327270508,0.0,
FSFG,2022-12-21,20.280000686645508,20.309999465942383,20.18000030517578,20.18000030517578,4600,19.794219970703125,0.0,
FSFG,2022-12-22,20.18000030517578,20.18000030517578,20.100000381469727,20.149999618530273,7700,19.764793395996094,0.0,
FSFG,2022-12-23,20.200000762939453,20.639999389648438,20.200000762939453,20.469999313354492,2900,20.07867431640625,0.0,
FSFG,2022-12-27,20.469999313354492,20.469999313354492,20.110000610351562,20.110000610351562,5900,19.725557327270508,0.0,
FSFG,2022-12-28,20.1200008392334,20.25,20.100000381469727,20.110000610351562,3800,19.725557327270508,0.0,
FSFG,2022-12-29,20.239999771118164,20.25,20.229999542236328,20.239999771118164,3000,19.853073120117188,0.0,
FSFG,2022-12-30,20.15999984741211,20.25,20.0,20.0,3400,19.617660522460938,0.0,
FSFG,2023-01-03,20.079999923706055,20.079999923706055,19.950000762939453,19.950000762939453,2500,19.56861686706543,0.0,
FSFG,2023-01-04,19.950000762939453,20.0,19.760000228881836,19.770000457763672,13200,19.392057418823242,0.0,
FSFG,2023-01-05,19.899999618530273,19.950000762939453,19.899999618530273,19.899999618530273,1500,19.51957130432129,0.0,
FSFG,2023-01-06,19.90999984741211,19.90999984741211,19.790000915527344,19.790000915527344,1500,19.41167640686035,0.0,
FSFG,2023-01-09,19.729999542236328,19.989999771118164,19.709999084472656,19.790000915527344,1800,19.41167640686035,0.0,
FSFG,2023-01-10,19.989999771118164,20.0,19.850000381469727,19.979999542236328,6200,19.59804344177246,0.0,
FSFG,2023-01-11,20.0,20.59000015258789,20.0,20.229999542236328,8400,19.843263626098633,0.0,
FSFG,2023-01-12,20.18000030517578,20.350000381469727,20.18000030517578,20.31999969482422,1600,19.931543350219727,0.0,
FSFG,2023-01-13,20.209999084472656,20.600000381469727,20.15999984741211,20.15999984741211,3300,19.774600982666016,0.0,
FSFG,2023-01-17,20.219999313354492,20.440000534057617,20.219999313354492,20.440000534057617,800,20.04924964904785,0.0,
FSFG,2023-01-18,20.420000076293945,20.739999771118164,20.350000381469727,20.600000381469727,2700,20.206192016601562,0.0,
FSFG,2023-01-19,20.649999618530273,20.649999618530273,20.649999618530273,20.649999618530273,400,20.25523567199707,0.0,
FSFG,2023-01-20,20.40999984741211,20.649999618530273,20.059999465942383,20.649999618530273,3900,20.25523567199707,0.0,
FSFG,2023-01-23,20.299999237060547,20.59000015258789,20.25,20.579999923706055,3400,20.186573028564453,0.0,
FSFG,2023-01-24,20.479999542236328,20.479999542236328,20.479999542236328,20.479999542236328,400,20.088483810424805,0.0,
FSFG,2023-01-25,20.399999618530273,20.399999618530273,20.399999618530273,20.399999618530273,1000,20.0100154876709,0.0,
FSFG,2023-01-26,20.360000610351562,20.389999389648438,20.260000228881836,20.389999389648438,3200,20.000205993652344,0.0,
FSFG,2023-01-27,20.18000030517578,20.350000381469727,20.0,20.0,1800,19.617660522460938,0.0,
FSFG,2023-01-30,20.0,20.0,20.0,20.0,500,19.617660522460938,0.0,
FSFG,2023-01-31,19.860000610351562,19.8799991607666,19.860000610351562,19.8799991607666,1700,19.499954223632812,0.0,
FSFG,2023-02-01,19.989999771118164,19.989999771118164,19.799999237060547,19.799999237060547,1900,19.42148208618164,0.0,
FSFG,2023-02-02,19.799999237060547,19.899999618530273,19.0,19.049999237060547,12700,18.685821533203125,0.0,
FSFG,2023-02-03,19.149999618530273,19.700000762939453,19.149999618530273,19.450000762939453,7700,19.078174591064453,0.0,
FSFG,2023-02-06,19.3799991607666,19.479999542236328,19.3799991607666,19.479999542236328,2000,19.107601165771484,0.0,
FSFG,2023-02-07,19.299999237060547,19.649999618530273,19.299999237060547,19.549999237060547,8400,19.17626190185547,0.0,
FSFG,2023-02-08,19.5,19.520000457763672,19.43000030517578,19.440000534057617,4000,19.06836700439453,0.0,
FSFG,2023-02-09,20.0,20.0,19.270000457763672,19.270000457763672,3100,18.9016170501709,0.0,
FSFG,2023-02-10,19.600000381469727,19.860000610351562,19.260000228881836,19.799999237060547,13400,19.42148208618164,0.0,
FSFG,2023-02-13,19.549999237060547,19.690000534057617,19.549999237060547,19.690000534057617,600,19.313589096069336,0.0,
FSFG,2023-02-14,19.600000381469727,19.68000030517578,19.360000610351562,19.360000610351562,6000,18.989896774291992,0.0,
FSFG,2023-02-15,19.34000015258789,19.450000762939453,19.329999923706055,19.329999923706055,1000,18.96047019958496,0.0,
FSFG,2023-02-16,19.399999618530273,19.600000381469727,19.350000381469727,19.469999313354492,10600,19.09779167175293,0.0,
FSFG,2023-02-17,19.549999237060547,19.549999237060547,19.350000381469727,19.350000381469727,71900,18.980087280273438,0.0,
FSFG,2023-02-21,19.350000381469727,19.350000381469727,19.280000686645508,19.280000686645508,8400,18.911426544189453,0.0,
FSFG,2023-02-22,19.5,19.520000457763672,19.31999969482422,19.31999969482422,700,18.950660705566406,0.0,
FSFG,2023-02-23,19.299999237060547,19.510000228881836,19.299999237060547,19.510000228881836,1700,19.137027740478516,0.0,
FSFG,2023-02-24,19.5,19.530000686645508,19.350000381469727,19.3700008392334,4600,18.999706268310547,0.0,
FSFG,2023-02-27,19.469999313354492,19.469999313354492,19.329999923706055,19.350000381469727,2900,18.980087280273438,0.0,
FSFG,2023-02-28,19.309999465942383,19.450000762939453,19.309999465942383,19.450000762939453,6900,19.078174591064453,0.0,
FSFG,2023-03-01,19.450000762939453,19.719999313354492,19.450000762939453,19.639999389648438,1400,19.264543533325195,0.0,
FSFG,2023-03-02,19.639999389648438,19.639999389648438,19.639999389648438,19.639999389648438,500,19.264543533325195,0.0,
FSFG,2023-03-03,19.5,19.5,19.399999618530273,19.5,1500,19.12721824645996,0.0,
FSFG,2023-03-06,19.5,19.5,19.350000381469727,19.350000381469727,1700,18.980087280273438,0.0,
FSFG,2023-03-07,19.329999923706055,19.690000534057617,19.329999923706055,19.420000076293945,1700,19.048749923706055,0.0,
FSFG,2023-03-08,19.469999313354492,19.469999313354492,19.350000381469727,19.350000381469727,1000,18.980087280273438,0.0,
FSFG,2023-03-09,19.530000686645508,19.530000686645508,18.790000915527344,18.790000915527344,10400,18.4307918548584,0.0,
FSFG,2023-03-10,19.459999084472656,19.459999084472656,17.110000610351562,18.229999542236328,28700,17.88149642944336,0.0,
FSFG,2023-03-13,17.610000610351562,17.979999542236328,15.890000343322754,16.270000457763672,21700,15.958967208862305,0.0,
FSFG,2023-03-14,16.75,17.950000762939453,16.530000686645508,16.549999237060547,6300,16.233613967895508,0.0,
FSFG,2023-03-15,16.610000610351562,18.0,16.25,16.43000030517578,9100,16.115909576416016,0.0,
FSFG,2023-03-16,16.540000915527344,17.610000610351562,16.520000457763672,16.520000457763672,6900,16.34345054626465,0.14,
FSFG,2023-03-17,17.040000915527344,17.299999237060547,16.700000762939453,16.850000381469727,13700,16.669923782348633,0.0,
FSFG,2023-03-20,16.239999771118164,17.0,16.239999771118164,16.600000381469727,1400,16.422595977783203,0.0,
FSFG,2023-03-21,16.950000762939453,17.0,16.610000610351562,16.610000610351562,4900,16.4324893951416,0.0,
FSFG,2023-03-22,16.739999771118164,16.739999771118164,16.309999465942383,16.31999969482422,3500,16.145587921142578,0.0,
FSFG,2023-03-23,15.970000267028809,16.950000762939453,15.970000267028809,16.450000762939453,3000,16.274200439453125,0.0,
FSFG,2023-03-24,16.34000015258789,16.34000015258789,16.34000015258789,16.34000015258789,700,16.165374755859375,0.0,
FSFG,2023-03-27,16.610000610351562,16.6200008392334,15.920000076293945,15.920000076293945,7700,15.749862670898438,0.0,
FSFG,2023-03-28,16.1299991607666,16.579999923706055,15.90999984741211,16.020000457763672,11000,15.848794937133789,0.0,
FSFG,2023-03-29,16.440000534057617,16.489999771118164,16.200000762939453,16.200000762939453,5200,16.026870727539062,0.0,
FSFG,2023-03-30,16.020000457763672,16.459999084472656,16.0,16.329999923706055,1500,16.155481338500977,0.0,
FSFG,2023-03-31,16.34000015258789,16.739999771118164,16.09000015258789,16.09000015258789,2700,15.918045997619629,0.0,
FSFG,2023-04-03,16.110000610351562,16.43000030517578,15.899999618530273,15.90999984741211,6500,15.739970207214355,0.0,
FSFG,2023-04-04,16.219999313354492,16.219999313354492,15.859999656677246,15.859999656677246,3500,15.69050407409668,0.0,
FSFG,2023-04-05,16.0,16.010000228881836,15.359999656677246,15.359999656677246,17700,15.195847511291504,0.0,
FSFG,2023-04-06,15.5,15.600000381469727,15.359999656677246,15.550000190734863,6400,15.383817672729492,0.0,
FSFG,2023-04-10,15.5,15.789999961853027,15.380000114440918,15.630000114440918,4800,15.46296215057373,0.0,
FSFG,2023-04-11,15.449999809265137,15.75,15.449999809265137,15.75,1100,15.581680297851562,0.0,
FSFG,2023-04-12,15.5600004196167,15.789999961853027,15.550000190734863,15.550000190734863,1500,15.383817672729492,0.0,
FSFG,2023-04-13,15.680000305175781,15.710000038146973,15.600000381469727,15.649999618530273,5700,15.482748031616211,0.0,
FSFG,2023-04-14,15.649999618530273,15.800000190734863,15.420000076293945,15.800000190734863,3900,15.631145477294922,0.0,
FSFG,2023-04-17,15.800000190734863,15.800000190734863,15.800000190734863,15.800000190734863,0,15.631145477294922,0.0,
FSFG,2023-04-18,15.789999961853027,15.979999542236328,15.699999809265137,15.979999542236328,1200,15.809221267700195,0.0,
FSFG,2023-04-19,15.789999961853027,15.890000343322754,15.390000343322754,15.390000343322754,10600,15.2255277633667,0.0,
FSFG,2023-04-20,15.670000076293945,15.720000267028809,15.4399995803833,15.619999885559082,1200,15.453068733215332,0.0,
FSFG,2023-04-21,15.920000076293945,15.970000267028809,15.399999618530273,15.399999618530273,2500,15.235420227050781,0.0,
FSFG,2023-04-24,15.399999618530273,15.399999618530273,15.399999618530273,15.399999618530273,400,15.235420227050781,0.0,
FSFG,2023-04-25,15.149999618530273,15.460000038146973,13.539999961853027,14.770000457763672,35400,14.612154006958008,0.0,
FSFG,2023-04-26,15.0,15.0,15.0,15.0,400,14.83969497680664,0.0,
FSFG,2023-04-27,14.630000114440918,15.0,14.399999618530273,14.670000076293945,6400,14.513221740722656,0.0,
FSFG,2023-04-28,14.850000381469727,15.130000114440918,14.539999961853027,15.130000114440918,6200,14.968305587768555,0.0,
FSFG,2023-05-01,14.699999809265137,15.100000381469727,14.640000343322754,14.640000343322754,4000,14.483542442321777,0.0,
FSFG,2023-05-02,14.369999885559082,14.510000228881836,13.920000076293945,13.920000076293945,2800,13.77123737335205,0.0,
FSFG,2023-05-03,14.220000267028809,14.220000267028809,13.510000228881836,13.579999923706055,6800,13.434870719909668,0.0,
FSFG,2023-05-04,12.800000190734863,12.829999923706055,12.539999961853027,12.829999923706055,3100,12.692885398864746,0.0,
FSFG,2023-05-05,13.09000015258789,13.09000015258789,12.569999694824219,12.90999984741211,1000,12.7720308303833,0.0,
FSFG,2023-05-08,12.869999885559082,13.09000015258789,12.869999885559082,13.069999694824219,1500,12.930320739746094,0.0,
FSFG,2023-05-09,12.920000076293945,13.199999809265137,12.600000381469727,12.739999771118164,5500,12.60384750366211,0.0,
FSFG,2023-05-10,12.859999656677246,12.890000343322754,11.739999771118164,12.220000267028809,14600,12.089405059814453,0.0,
FSFG,2023-05-11,12.279999732971191,12.460000038146973,12.279999732971191,12.449999809265137,2700,12.316946983337402,0.0,
FSFG,2023-05-12,12.40999984741211,12.40999984741211,11.989999771118164,12.100000381469727,5900,11.970687866210938,0.0,
FSFG,2023-05-15,12.149999618530273,12.1899995803833,11.75,11.880000114440918,3600,11.75303840637207,0.0,
FSFG,2023-05-16,12.100000381469727,12.1899995803833,11.989999771118164,12.0,87200,11.871755599975586,0.0,
FSFG,2023-05-17,12.109999656677246,12.199999809265137,12.079999923706055,12.100000381469727,6800,11.970687866210938,0.0,
FSFG,2023-05-18,11.770000457763672,12.920000076293945,11.770000457763672,12.460000038146973,7000,12.3268404006958,0.0,
FSFG,2023-05-19,12.930000305175781,13.149999618530273,12.550000190734863,12.5600004196167,2800,12.425771713256836,0.0,
FSFG,2023-05-22,12.65999984741211,13.079999923706055,12.640000343322754,12.710000038146973,2800,12.57416820526123,0.0,
FSFG,2023-05-23,12.699999809265137,12.8100004196167,12.699999809265137,12.8100004196167,900,12.673100471496582,0.0,
FSFG,2023-05-24,13.0600004196167,13.460000038146973,12.34000015258789,13.029999732971191,8700,12.890748023986816,0.0,
FSFG,2023-05-25,12.760000228881836,13.140000343322754,12.510000228881836,12.550000190734863,2300,12.415878295898438,0.0,
FSFG,2023-05-26,12.979999542236328,12.979999542236328,12.979999542236328,12.979999542236328,700,12.841282844543457,0.0,
FSFG,2023-05-30,12.65999984741211,12.890000343322754,12.65999984741211,12.65999984741211,7100,12.524702072143555,0.0,
FSFG,2023-05-31,12.65999984741211,12.800000190734863,12.520000457763672,12.600000381469727,5000,12.465344429016113,0.0,
FSFG,2023-06-01,12.699999809265137,12.800000190734863,12.550000190734863,12.609999656677246,2900,12.475236892700195,0.0,
FSFG,2023-06-02,12.789999961853027,12.800000190734863,12.670000076293945,12.800000190734863,7300,12.663207054138184,0.0,
FSFG,2023-06-05,12.850000381469727,13.630000114440918,12.850000381469727,13.010000228881836,9900,12.870962142944336,0.0,
FSFG,2023-06-06,13.010000228881836,13.899999618530273,13.010000228881836,13.430000305175781,30300,13.286474227905273,0.0,
FSFG,2023-06-07,13.329999923706055,13.930000305175781,13.130000114440918,13.399999618530273,11100,13.256793975830078,0.0,
FSFG,2023-06-08,13.380000114440918,14.220000267028809,13.270000457763672,13.399999618530273,3900,13.256793975830078,0.0,
FSFG,2023-06-09,14.670000076293945,14.670000076293945,13.350000381469727,13.350000381469727,2400,13.207328796386719,0.0,
FSFG,2023-06-12,13.59000015258789,13.649999618530273,13.1899995803833,13.25,6700,13.108397483825684,0.0,
FSFG,2023-06-13,13.579999923706055,13.699999809265137,13.109999656677246,13.229999542236328,7900,13.088610649108887,0.0,
FSFG,2023-06-14,13.520000457763672,13.520000457763672,13.100000381469727,13.100000381469727,2200,12.960000991821289,0.0,
FSFG,2023-06-15,13.0,13.149999618530273,13.0,13.0,4000,13.0,0.14,
FSFG,2023-06-16,13.069999694824219,13.09000015258789,12.369999885559082,12.369999885559082,19400,12.369999885559082,0.0,
FSFG,2023-06-20,12.489999771118164,12.720000267028809,12.199999809265137,12.199999809265137,8500,12.199999809265137,0.0,
FSFG,2023-06-21,12.300000190734863,12.300000190734863,12.020000457763672,12.039999961853027,10600,12.039999961853027,0.0,
FSFG,2023-06-22,12.149999618530273,12.149999618530273,11.90999984741211,11.949999809265137,8600,11.949999809265137,0.0,
FSFG,2023-06-23,12.1899995803833,12.699999809265137,12.010000228881836,12.1899995803833,14700,12.1899995803833,0.0,
FSFG,2023-06-26,12.75,12.75,12.75,12.75,700,12.75,0.0,
FSFG,2023-06-27,12.479999542236328,12.489999771118164,12.369999885559082,12.489999771118164,700,12.489999771118164,0.0,
FSFG,2023-06-28,12.699999809265137,12.979999542236328,12.5,12.5,1900,12.5,0.0,
FSFG,2023-06-29,12.539999961853027,12.930000305175781,12.539999961853027,12.899999618530273,2300,12.899999618530273,0.0,
