symbol,date,open,high,low,close,volume,adjclose,dividends
HIG,2017-01-03,48.349998474121094,48.529998779296875,47.619998931884766,47.75,4256700,41.41736602783203,0.0
HIG,2017-01-04,47.939998626708984,48.709999084472656,47.939998626708984,48.54999923706055,2988400,42.11126708984375,0.0
HIG,2017-01-05,48.38999938964844,48.72999954223633,48.060001373291016,48.349998474121094,1613400,41.93778991699219,0.0
HIG,2017-01-06,47.70000076293945,48.720001220703125,47.470001220703125,48.45000076293945,2930100,42.0245246887207,0.0
HIG,2017-01-09,48.27000045776367,48.529998779296875,48.06999969482422,48.06999969482422,1859800,41.69491958618164,0.0
HIG,2017-01-10,48.189998626708984,48.7599983215332,48.029998779296875,48.43000030517578,2486700,42.00718307495117,0.0
HIG,2017-01-11,48.36000061035156,48.849998474121094,48.189998626708984,48.5099983215332,2377900,42.076560974121094,0.0
HIG,2017-01-12,48.18000030517578,48.29999923706055,47.619998931884766,48.22999954223633,1882000,41.833702087402344,0.0
HIG,2017-01-13,48.459999084472656,48.90999984741211,48.290000915527344,48.33000183105469,1734300,41.920440673828125,0.0
HIG,2017-01-17,47.90999984741211,48.65999984741211,47.61000061035156,48.540000915527344,2751600,42.102596282958984,0.0
HIG,2017-01-18,48.7599983215332,49.68000030517578,48.08000183105469,49.400001525878906,4826200,42.84853744506836,0.0
HIG,2017-01-19,49.439998626708984,49.459999084472656,48.060001373291016,48.2400016784668,3474000,41.84238815307617,0.0
HIG,2017-01-20,48.38999938964844,48.720001220703125,48.119998931884766,48.310001373291016,2707500,41.903099060058594,0.0
HIG,2017-01-23,48.2400016784668,48.40999984741211,47.540000915527344,47.70000076293945,2369500,41.37399673461914,0.0
HIG,2017-01-24,47.900001525878906,48.209999084472656,47.79999923706055,47.900001525878906,2141900,41.54745864868164,0.0
HIG,2017-01-25,48.290000915527344,48.52000045776367,47.970001220703125,48.349998474121094,3711300,41.93778991699219,0.0
HIG,2017-01-26,48.4900016784668,48.720001220703125,48.290000915527344,48.56999969482422,2573800,42.128623962402344,0.0
HIG,2017-01-27,48.66999816894531,49.0099983215332,48.279998779296875,48.93000030517578,2015100,42.440860748291016,0.0
HIG,2017-01-30,48.47999954223633,48.970001220703125,48.400001525878906,48.959999084472656,3207700,42.46689224243164,0.0
HIG,2017-01-31,48.7400016784668,49.02000045776367,48.43000030517578,48.709999084472656,2427200,42.25004196166992,0.0
HIG,2017-02-01,48.97999954223633,49.099998474121094,48.2599983215332,48.439998626708984,2560000,42.01585388183594,0.0
HIG,2017-02-02,48.31999969482422,48.4900016784668,47.810001373291016,47.970001220703125,3136600,41.608184814453125,0.0
HIG,2017-02-03,48.0,48.43000030517578,46.790000915527344,47.33000183105469,6982100,41.05306625366211,0.0
HIG,2017-02-06,47.27000045776367,47.65999984741211,47.15999984741211,47.54999923706055,2457600,41.2438850402832,0.0
HIG,2017-02-07,47.81999969482422,47.939998626708984,47.279998779296875,47.349998474121094,2274300,41.07040023803711,0.0
HIG,2017-02-08,47.15999984741211,47.2599983215332,46.9900016784668,47.04999923706055,1648600,40.8101921081543,0.0
HIG,2017-02-09,47.04999923706055,47.56999969482422,47.04999923706055,47.540000915527344,2619100,41.23521041870117,0.0
HIG,2017-02-10,47.65999984741211,47.869998931884766,47.45000076293945,47.86000061035156,1985100,41.51277160644531,0.0
HIG,2017-02-13,48.08000183105469,48.43000030517578,47.900001525878906,48.04999923706055,2967400,41.67757797241211,0.0
HIG,2017-02-14,48.11000061035156,48.56999969482422,47.93000030517578,48.5,2540900,42.067893981933594,0.0
HIG,2017-02-15,48.5099983215332,48.689998626708984,48.150001525878906,48.599998474121094,3058400,42.154632568359375,0.0
HIG,2017-02-16,48.52000045776367,48.81999969482422,48.33000183105469,48.599998474121094,3004000,42.154632568359375,0.0
HIG,2017-02-17,48.45000076293945,48.630001068115234,48.11000061035156,48.36000061035156,3492800,41.94646072387695,0.0
HIG,2017-02-21,48.400001525878906,48.97999954223633,48.380001068115234,48.93000030517578,2598200,42.440860748291016,0.0
HIG,2017-02-22,48.77000045776367,48.849998474121094,48.439998626708984,48.689998626708984,2696100,42.23270034790039,0.0
HIG,2017-02-23,48.810001373291016,48.90999984741211,48.36000061035156,48.790000915527344,1993100,42.319435119628906,0.0
HIG,2017-02-24,48.439998626708984,48.7599983215332,48.349998474121094,48.619998931884766,1155800,42.1719856262207,0.0
HIG,2017-02-27,48.79999923706055,49.0,48.58000183105469,48.93000030517578,2317900,42.440860748291016,0.0
HIG,2017-02-28,48.689998626708984,49.119998931884766,48.66999816894531,48.88999938964844,2609600,42.40617752075195,0.0
HIG,2017-03-01,49.7400016784668,50.130001068115234,49.41999816894531,49.689998626708984,3378600,43.100074768066406,0.0
HIG,2017-03-02,49.7400016784668,50.0,48.97999954223633,49.02000045776367,1703900,42.71665954589844,0.23
HIG,2017-03-03,49.119998931884766,49.290000915527344,48.90999984741211,49.150001525878906,1940400,42.8299446105957,0.0
HIG,2017-03-06,48.86000061035156,49.09000015258789,48.77000045776367,48.790000915527344,1705800,42.51624298095703,0.0
HIG,2017-03-07,48.720001220703125,48.849998474121094,48.529998779296875,48.65999984741211,2019700,42.402950286865234,0.0
HIG,2017-03-08,48.959999084472656,49.130001068115234,48.4900016784668,48.5,2210900,42.263519287109375,0.0
HIG,2017-03-09,48.279998779296875,49.58000183105469,48.279998779296875,49.290000915527344,8601800,42.951934814453125,0.0
HIG,2017-03-10,49.38999938964844,49.7599983215332,49.119998931884766,49.720001220703125,2981000,43.3266487121582,0.0
HIG,2017-03-13,49.709999084472656,49.77000045776367,49.41999816894531,49.560001373291016,2338900,43.187225341796875,0.0
HIG,2017-03-14,49.43000030517578,49.86000061035156,49.25,49.75,2278500,43.35279083251953,0.0
HIG,2017-03-15,49.83000183105469,50.15999984741211,49.56999969482422,49.869998931884766,3535200,43.45736312866211,0.0
HIG,2017-03-16,50.220001220703125,50.2599983215332,48.689998626708984,48.810001373291016,4712000,42.533653259277344,0.0
HIG,2017-03-17,48.900001525878906,49.040000915527344,48.369998931884766,48.779998779296875,3606200,42.50751495361328,0.0
HIG,2017-03-20,48.779998779296875,48.86000061035156,48.25,48.2599983215332,2313200,42.054386138916016,0.0
HIG,2017-03-21,48.65999984741211,48.709999084472656,47.58000183105469,47.709999084472656,3912700,41.57511520385742,0.0
HIG,2017-03-22,47.45000076293945,47.97999954223633,47.04999923706055,47.79999923706055,3167600,41.65353775024414,0.0
HIG,2017-03-23,47.70000076293945,48.189998626708984,47.529998779296875,47.56999969482422,2210200,41.45310592651367,0.0
HIG,2017-03-24,47.61000061035156,47.81999969482422,47.16999816894531,47.33000183105469,2633800,41.24396896362305,0.0
HIG,2017-03-27,46.720001220703125,47.540000915527344,46.349998474121094,47.45000076293945,2303800,41.348541259765625,0.0
HIG,2017-03-28,47.290000915527344,47.939998626708984,47.27000045776367,47.689998626708984,1971700,41.557674407958984,0.0
HIG,2017-03-29,47.66999816894531,47.66999816894531,47.2599983215332,47.279998779296875,1748100,41.200401306152344,0.0
HIG,2017-03-30,47.279998779296875,47.81999969482422,47.18000030517578,47.810001373291016,2115100,41.66225814819336,0.0
HIG,2017-03-31,47.720001220703125,48.09000015258789,47.54999923706055,48.06999969482422,4264900,41.88882064819336,0.0
HIG,2017-04-03,47.9900016784668,48.20000076293945,47.56999969482422,48.130001068115234,4494000,41.94110107421875,0.0
HIG,2017-04-04,48.0099983215332,48.18000030517578,47.77000045776367,47.90999984741211,2105900,41.74939727783203,0.0
HIG,2017-04-05,48.15999984741211,48.459999084472656,47.75,47.7599983215332,3826600,41.618682861328125,0.0
HIG,2017-04-06,47.7599983215332,48.29999923706055,47.59000015258789,48.08000183105469,3126500,41.89752960205078,0.0
HIG,2017-04-07,47.83000183105469,48.099998474121094,47.63999938964844,47.83000183105469,2290400,41.6796760559082,0.0
HIG,2017-04-10,47.790000915527344,48.310001373291016,47.70000076293945,48.08000183105469,3121900,41.89752960205078,0.0
HIG,2017-04-11,47.959999084472656,48.220001220703125,47.810001373291016,48.209999084472656,2255900,42.01081466674805,0.0
HIG,2017-04-12,48.0099983215332,48.06999969482422,47.58000183105469,47.81999969482422,2641200,41.67095947265625,0.0
HIG,2017-04-13,47.66999816894531,48.06999969482422,47.5,47.72999954223633,2885500,41.592533111572266,0.0
HIG,2017-04-17,47.81999969482422,48.40999984741211,47.720001220703125,48.36000061035156,2379500,42.141517639160156,0.0
HIG,2017-04-18,48.09000015258789,48.209999084472656,47.5099983215332,47.689998626708984,1825900,41.557674407958984,0.0
HIG,2017-04-19,47.939998626708984,48.040000915527344,47.060001373291016,47.2599983215332,3265700,41.18295669555664,0.0
HIG,2017-04-20,47.459999084472656,47.810001373291016,46.970001220703125,47.630001068115234,3478600,41.50539016723633,0.0
HIG,2017-04-21,47.5099983215332,47.81999969482422,47.209999084472656,47.279998779296875,2368400,41.200401306152344,0.0
HIG,2017-04-24,47.880001068115234,48.0,47.349998474121094,47.36000061035156,7786600,41.27012634277344,0.0
HIG,2017-04-25,47.75,47.900001525878906,47.41999816894531,47.75,3392000,41.60996627807617,0.0
HIG,2017-04-26,47.84000015258789,48.709999084472656,47.72999954223633,48.11000061035156,3354300,41.92367935180664,0.0
HIG,2017-04-27,48.15999984741211,48.45000076293945,47.9900016784668,48.2400016784668,2909200,42.036956787109375,0.0
HIG,2017-04-28,48.209999084472656,48.650001525878906,46.689998626708984,48.36000061035156,4074700,42.141517639160156,0.0
HIG,2017-05-01,48.529998779296875,48.900001525878906,48.209999084472656,48.709999084472656,2242200,42.44651412963867,0.0
HIG,2017-05-02,48.65999984741211,49.130001068115234,48.619998931884766,48.77000045776367,2127000,42.498802185058594,0.0
HIG,2017-05-03,48.75,49.209999084472656,48.65999984741211,49.040000915527344,1683000,42.73408126831055,0.0
HIG,2017-05-04,49.33000183105469,49.630001068115234,49.119998931884766,49.36000061035156,2191100,43.012939453125,0.0
HIG,2017-05-05,49.43000030517578,49.5099983215332,49.31999969482422,49.5,1618900,43.13494110107422,0.0
HIG,2017-05-08,49.47999954223633,49.599998474121094,49.279998779296875,49.369998931884766,1915700,43.021644592285156,0.0
HIG,2017-05-09,49.52000045776367,49.7400016784668,49.150001525878906,49.2599983215332,2646000,42.92578887939453,0.0
HIG,2017-05-10,49.15999984741211,49.900001525878906,49.099998474121094,49.75,2180400,43.35279083251953,0.0
HIG,2017-05-11,49.65999984741211,49.65999984741211,49.2400016784668,49.540000915527344,2143400,43.1697883605957,0.0
HIG,2017-05-12,49.22999954223633,49.29999923706055,49.0,49.08000183105469,2037900,42.76893615722656,0.0
HIG,2017-05-15,49.150001525878906,49.29999923706055,48.91999816894531,49.20000076293945,1774500,42.87350082397461,0.0
HIG,2017-05-16,49.310001373291016,49.4900016784668,48.970001220703125,49.279998779296875,1839100,42.94322967529297,0.0
HIG,2017-05-17,49.279998779296875,49.279998779296875,48.56999969482422,48.900001525878906,3198200,42.612091064453125,0.0
HIG,2017-05-18,48.709999084472656,49.04999923706055,48.650001525878906,48.689998626708984,2501200,42.42909622192383,0.0
HIG,2017-05-19,48.91999816894531,49.0,48.36000061035156,48.41999816894531,2267200,42.19379806518555,0.0
HIG,2017-05-22,48.63999938964844,49.11000061035156,48.529998779296875,48.79999923706055,1774800,42.524940490722656,0.0
HIG,2017-05-23,48.79999923706055,49.22999954223633,48.720001220703125,49.150001525878906,1474000,42.8299446105957,0.0
HIG,2017-05-24,49.15999984741211,49.380001068115234,49.09000015258789,49.22999954223633,1769800,42.89964294433594,0.0
HIG,2017-05-25,49.54999923706055,49.83000183105469,49.34000015258789,49.720001220703125,1723200,43.3266487121582,0.0
HIG,2017-05-26,49.630001068115234,49.630001068115234,49.029998779296875,49.22999954223633,2740300,42.89964294433594,0.0
HIG,2017-05-30,48.93000030517578,49.18000030517578,48.849998474121094,49.04999923706055,1330300,42.94343185424805,0.23
HIG,2017-05-31,49.060001373291016,49.5,48.91999816894531,49.38999938964844,2467900,43.24110412597656,0.0
HIG,2017-06-01,49.36000061035156,49.869998931884766,49.18000030517578,49.84000015258789,2303500,43.635074615478516,0.0
HIG,2017-06-02,49.65999984741211,49.84000015258789,49.459999084472656,49.63999938964844,1947500,43.45997619628906,0.0
HIG,2017-06-05,49.599998474121094,49.779998779296875,49.45000076293945,49.45000076293945,1600800,43.29362869262695,0.0
HIG,2017-06-06,49.630001068115234,49.779998779296875,49.0,49.58000183105469,3042400,43.407447814941406,0.0
HIG,2017-06-07,49.650001525878906,49.900001525878906,49.38999938964844,49.709999084472656,1835400,43.52125930786133,0.0
HIG,2017-06-08,49.709999084472656,50.779998779296875,49.66999816894531,50.720001220703125,3474900,44.405513763427734,0.0
HIG,2017-06-09,50.91999816894531,51.59000015258789,50.709999084472656,51.5099983215332,3057700,45.09716033935547,0.0
HIG,2017-06-12,51.439998626708984,51.689998626708984,51.06999969482422,51.119998931884766,2641300,44.755714416503906,0.0
HIG,2017-06-13,51.2599983215332,51.790000915527344,51.13999938964844,51.66999816894531,1852900,45.23725509643555,0.0
HIG,2017-06-14,51.599998474121094,51.95000076293945,51.38999938964844,51.849998474121094,1604200,45.394832611083984,0.0
HIG,2017-06-15,51.560001373291016,52.02000045776367,51.439998626708984,51.869998931884766,2413700,45.412353515625,0.0
HIG,2017-06-16,51.77000045776367,52.40999984741211,51.68000030517578,52.40999984741211,4217400,45.88512420654297,0.0
HIG,2017-06-19,52.52000045776367,52.65999984741211,52.33000183105469,52.45000076293945,1699800,45.92013168334961,0.0
HIG,2017-06-20,52.310001373291016,52.4900016784668,52.220001220703125,52.22999954223633,1507100,45.72752380371094,0.0
HIG,2017-06-21,52.20000076293945,52.2400016784668,51.63999938964844,51.75,2106400,45.307281494140625,0.0
HIG,2017-06-22,51.599998474121094,51.869998931884766,51.40999984741211,51.599998474121094,1452300,45.17595672607422,0.0
HIG,2017-06-23,51.650001525878906,51.779998779296875,51.33000183105469,51.45000076293945,2143000,45.04463577270508,0.0
HIG,2017-06-26,51.7400016784668,52.18000030517578,51.619998931884766,52.02000045776367,2541700,45.543670654296875,0.0
HIG,2017-06-27,52.029998779296875,52.59000015258789,51.970001220703125,52.20000076293945,3101200,45.70125961303711,0.0
HIG,2017-06-28,52.439998626708984,52.81999969482422,52.27000045776367,52.72999954223633,2711500,46.1652717590332,0.0
HIG,2017-06-29,53.220001220703125,53.380001068115234,52.54999923706055,52.75,2890700,46.18278884887695,0.0
HIG,2017-06-30,52.970001220703125,53.08000183105469,52.279998779296875,52.56999969482422,2388600,46.02519226074219,0.0
HIG,2017-07-03,52.779998779296875,53.279998779296875,52.709999084472656,52.84000015258789,1240200,46.26158142089844,0.0
HIG,2017-07-05,52.959999084472656,53.04999923706055,52.54999923706055,52.709999084472656,2013900,46.14777374267578,0.0
HIG,2017-07-06,52.72999954223633,52.93000030517578,52.43000030517578,52.560001373291016,1851600,46.016441345214844,0.0
HIG,2017-07-07,52.630001068115234,52.91999816894531,52.45000076293945,52.72999954223633,1313900,46.1652717590332,0.0
HIG,2017-07-10,52.58000183105469,52.9900016784668,52.529998779296875,52.869998931884766,1524900,46.28784942626953,0.0
HIG,2017-07-11,52.88999938964844,53.02000045776367,52.5099983215332,52.75,1527700,46.18278884887695,0.0
HIG,2017-07-12,52.75,53.029998779296875,52.619998931884766,52.869998931884766,1537000,46.28784942626953,0.0
HIG,2017-07-13,52.93000030517578,53.36000061035156,52.91999816894531,53.279998779296875,1311000,46.64680862426758,0.0
HIG,2017-07-14,52.939998626708984,53.5,52.84000015258789,53.36000061035156,1739500,46.71685028076172,0.0
HIG,2017-07-17,53.31999969482422,53.65999984741211,53.16999816894531,53.58000183105469,1645400,46.90945816040039,0.0
HIG,2017-07-18,53.380001068115234,53.58000183105469,53.290000915527344,53.56999969482422,1195000,46.900699615478516,0.0
HIG,2017-07-19,53.560001373291016,53.90999984741211,53.45000076293945,53.88999938964844,1151700,47.18085479736328,0.0
HIG,2017-07-20,53.90999984741211,54.20000076293945,53.709999084472656,53.779998779296875,2254700,47.084564208984375,0.0
HIG,2017-07-21,53.709999084472656,53.97999954223633,53.58000183105469,53.790000915527344,1812300,47.09331512451172,0.0
HIG,2017-07-24,53.790000915527344,53.869998931884766,53.56999969482422,53.70000076293945,2001900,47.0145149230957,0.0
HIG,2017-07-25,54.189998626708984,54.20000076293945,53.810001373291016,53.939998626708984,2339400,47.22462463378906,0.0
HIG,2017-07-26,53.970001220703125,54.02000045776367,53.060001373291016,53.220001220703125,2459600,46.59428024291992,0.0
HIG,2017-07-27,53.220001220703125,53.400001525878906,52.689998626708984,52.91999816894531,3435100,46.331626892089844,0.0
HIG,2017-07-28,53.5,55.20000076293945,53.380001068115234,54.81999969482422,4663900,47.99507522583008,0.0
HIG,2017-07-31,55.189998626708984,55.290000915527344,54.880001068115234,55.0,2707600,48.15266799926758,0.0
HIG,2017-08-01,55.290000915527344,55.79999923706055,54.939998626708984,55.709999084472656,2816500,48.77427673339844,0.0
HIG,2017-08-02,55.650001525878906,56.029998779296875,55.349998474121094,55.630001068115234,2702100,48.70423126220703,0.0
HIG,2017-08-03,55.540000915527344,55.86000061035156,55.38999938964844,55.84000015258789,1772800,48.888099670410156,0.0
HIG,2017-08-04,56.11000061035156,56.56999969482422,56.0099983215332,56.290000915527344,1498100,49.28207015991211,0.0
HIG,2017-08-07,56.22999954223633,56.31999969482422,55.95000076293945,55.970001220703125,1588200,49.00191116333008,0.0
HIG,2017-08-08,55.93000030517578,56.599998474121094,55.900001525878906,56.04999923706055,1665800,49.07194137573242,0.0
HIG,2017-08-09,55.9900016784668,56.25,55.869998931884766,56.2400016784668,1777400,49.23829650878906,0.0
HIG,2017-08-10,55.91999816894531,56.06999969482422,55.630001068115234,55.72999954223633,1520300,48.791786193847656,0.0
HIG,2017-08-11,55.72999954223633,56.25,55.59000015258789,56.040000915527344,1789200,49.06319808959961,0.0
HIG,2017-08-14,56.380001068115234,56.66999816894531,56.33000183105469,56.45000076293945,1451900,49.42214584350586,0.0
HIG,2017-08-15,56.68000030517578,56.9900016784668,56.61000061035156,56.810001373291016,1943100,49.73733139038086,0.0
HIG,2017-08-16,56.91999816894531,57.15999984741211,56.5,56.5099983215332,1393000,49.474674224853516,0.0
HIG,2017-08-17,56.45000076293945,56.61000061035156,55.56999969482422,55.599998474121094,1484100,48.67796325683594,0.0
HIG,2017-08-18,55.43000030517578,55.619998931884766,55.0099983215332,55.560001373291016,4524500,48.6429557800293,0.0
HIG,2017-08-21,55.650001525878906,55.650001525878906,55.130001068115234,55.279998779296875,1445700,48.39781188964844,0.0
HIG,2017-08-22,55.38999938964844,55.630001068115234,55.33000183105469,55.560001373291016,1297900,48.6429557800293,0.0
HIG,2017-08-23,55.27000045776367,55.41999816894531,55.099998474121094,55.150001525878906,2066600,48.28399658203125,0.0
HIG,2017-08-24,55.279998779296875,55.369998931884766,54.61000061035156,54.630001068115234,1739000,47.828739166259766,0.0
HIG,2017-08-25,54.79999923706055,55.16999816894531,54.689998626708984,55.029998779296875,2063400,48.1789436340332,0.0
HIG,2017-08-28,54.689998626708984,54.90999984741211,53.59000015258789,54.4900016784668,2611400,47.70616912841797,0.0
HIG,2017-08-29,54.040000915527344,54.540000915527344,53.939998626708984,54.33000183105469,2049400,47.56608963012695,0.0
HIG,2017-08-30,54.119998931884766,54.65999984741211,53.63999938964844,54.349998474121094,1914900,47.785892486572266,0.23
HIG,2017-08-31,54.43000030517578,54.61000061035156,53.849998474121094,54.06999969482422,2141700,47.53970718383789,0.0
HIG,2017-09-01,54.13999938964844,54.47999954223633,53.93000030517578,54.04999923706055,1712800,47.522132873535156,0.0
HIG,2017-09-05,53.81999969482422,53.83000183105469,52.7400016784668,52.880001068115234,2302400,46.4934196472168,0.0
HIG,2017-09-06,52.900001525878906,53.13999938964844,52.439998626708984,52.77000045776367,2763400,46.39671325683594,0.0
HIG,2017-09-07,52.720001220703125,52.720001220703125,51.56999969482422,51.63999938964844,2721300,45.4031982421875,0.0
HIG,2017-09-08,51.2599983215332,53.209999084472656,51.20000076293945,53.16999816894531,3501800,46.74840545654297,0.0
HIG,2017-09-11,54.18000030517578,54.689998626708984,53.84000015258789,53.939998626708984,4095000,47.42539596557617,0.0
HIG,2017-09-12,53.970001220703125,54.22999954223633,53.72999954223633,53.84000015258789,1827400,47.337486267089844,0.0
HIG,2017-09-13,53.70000076293945,53.77000045776367,53.45000076293945,53.5099983215332,1853200,47.04734802246094,0.0
HIG,2017-09-14,53.47999954223633,53.599998474121094,52.90999984741211,53.33000183105469,2345000,46.88908386230469,0.0
HIG,2017-09-15,53.310001373291016,53.72999954223633,53.2599983215332,53.709999084472656,2990400,47.223182678222656,0.0
HIG,2017-09-18,53.810001373291016,53.97999954223633,53.599998474121094,53.83000183105469,1883800,47.32870101928711,0.0
HIG,2017-09-19,53.7599983215332,54.65999984741211,53.7599983215332,54.40999984741211,1983800,47.83864974975586,0.0
HIG,2017-09-20,54.45000076293945,55.33000183105469,54.45000076293945,55.130001068115234,2157800,48.471683502197266,0.0
HIG,2017-09-21,55.119998931884766,55.439998626708984,54.33000183105469,54.349998474121094,2064700,47.785892486572266,0.0
HIG,2017-09-22,54.279998779296875,54.5,54.02000045776367,54.45000076293945,1427900,47.873809814453125,0.0
HIG,2017-09-25,54.38999938964844,54.849998474121094,54.209999084472656,54.68000030517578,1282300,48.07603454589844,0.0
HIG,2017-09-26,54.560001373291016,55.06999969482422,54.45000076293945,54.900001525878906,2504900,48.26946258544922,0.0
HIG,2017-09-27,55.40999984741211,55.4900016784668,55.0099983215332,55.040000915527344,1707200,48.39255905151367,0.0
HIG,2017-09-28,54.900001525878906,55.2599983215332,54.650001525878906,55.119998931884766,1101600,48.462890625,0.0
HIG,2017-09-29,54.970001220703125,55.45000076293945,54.88999938964844,55.43000030517578,1315600,48.73545455932617,0.0
HIG,2017-10-02,55.88999938964844,55.970001220703125,55.38999938964844,55.599998474121094,2596300,48.884918212890625,0.0
HIG,2017-10-03,55.540000915527344,55.709999084472656,55.31999969482422,55.41999816894531,2262300,48.726654052734375,0.0
HIG,2017-10-04,55.43000030517578,55.810001373291016,55.36000061035156,55.68000030517578,1736400,48.955265045166016,0.0
HIG,2017-10-05,55.720001220703125,55.869998931884766,55.400001525878906,55.4900016784668,1904200,48.788211822509766,0.0
HIG,2017-10-06,55.66999816894531,55.93000030517578,55.54999923706055,55.619998931884766,1430000,48.90250015258789,0.0
HIG,2017-10-09,55.63999938964844,55.869998931884766,55.38999938964844,55.58000183105469,1159300,48.86734390258789,0.0
HIG,2017-10-10,55.47999954223633,55.97999954223633,55.47999954223633,55.93000030517578,1869400,49.1750602722168,0.0
HIG,2017-10-11,55.79999923706055,55.939998626708984,55.5099983215332,55.869998931884766,978300,49.122310638427734,0.0
HIG,2017-10-12,55.869998931884766,56.0,55.709999084472656,55.86000061035156,1454300,49.11351776123047,0.0
HIG,2017-10-13,55.93000030517578,56.279998779296875,55.72999954223633,55.9900016784668,1239000,49.22781753540039,0.0
HIG,2017-10-16,56.0,56.2599983215332,55.880001068115234,56.08000183105469,1196100,49.30694580078125,0.0
HIG,2017-10-17,56.310001373291016,56.33000183105469,55.75,55.810001373291016,1550400,49.069557189941406,0.0
HIG,2017-10-18,55.900001525878906,56.0099983215332,55.45000076293945,55.52000045776367,1639300,48.814579010009766,0.0
HIG,2017-10-19,55.470001220703125,56.47999954223633,55.38999938964844,56.470001220703125,1333200,49.64984893798828,0.0
HIG,2017-10-20,56.88999938964844,56.9900016784668,56.40999984741211,56.4900016784668,1146200,49.66743087768555,0.0
HIG,2017-10-23,53.9900016784668,54.5099983215332,53.599998474121094,54.060001373291016,4906100,47.530921936035156,0.0
HIG,2017-10-24,54.36000061035156,54.95000076293945,54.130001068115234,54.880001068115234,3563200,48.25188064575195,0.0
HIG,2017-10-25,54.7599983215332,55.40999984741211,54.5,54.84000015258789,2202700,48.21670150756836,0.0
HIG,2017-10-26,55.20000076293945,55.58000183105469,54.86000061035156,55.560001373291016,2800400,48.849754333496094,0.0
HIG,2017-10-27,55.41999816894531,55.45000076293945,55.040000915527344,55.20000076293945,2175200,48.53322219848633,0.0
HIG,2017-10-30,55.09000015258789,55.58000183105469,55.06999969482422,55.18000030517578,1366100,48.51564407348633,0.0
HIG,2017-10-31,55.119998931884766,55.29999923706055,54.720001220703125,55.04999923706055,1933100,48.4013557434082,0.0
HIG,2017-11-01,55.29999923706055,55.779998779296875,55.13999938964844,55.25,2233700,48.57719802856445,0.0
HIG,2017-11-02,55.29999923706055,56.04999923706055,55.15999984741211,55.709999084472656,1679100,48.98162078857422,0.0
HIG,2017-11-03,55.31999969482422,55.84000015258789,55.209999084472656,55.84000015258789,1544300,49.09592819213867,0.0
HIG,2017-11-06,55.849998474121094,55.970001220703125,55.4900016784668,55.88999938964844,1337200,49.139892578125,0.0
HIG,2017-11-07,56.0,56.2400016784668,55.209999084472656,55.34000015258789,1700700,48.656314849853516,0.0
HIG,2017-11-08,55.36000061035156,55.470001220703125,55.099998474121094,55.20000076293945,1560800,48.53322219848633,0.0
HIG,2017-11-09,55.02000045776367,55.369998931884766,54.84000015258789,55.25,1675800,48.57719802856445,0.0
HIG,2017-11-10,55.189998626708984,55.61000061035156,55.08000183105469,55.52000045776367,1280700,48.814579010009766,0.0
HIG,2017-11-13,55.43000030517578,55.810001373291016,55.2599983215332,55.689998626708984,1721100,48.96404266357422,0.0
HIG,2017-11-14,55.43000030517578,56.2599983215332,55.43000030517578,56.220001220703125,1820200,49.430049896240234,0.0
HIG,2017-11-15,55.880001068115234,56.970001220703125,55.790000915527344,56.66999816894531,2386700,49.825687408447266,0.0
HIG,2017-11-16,56.75,57.08000183105469,55.880001068115234,56.0099983215332,2145300,49.24540710449219,0.0
HIG,2017-11-17,55.779998779296875,56.52000045776367,55.54999923706055,56.13999938964844,1443300,49.359703063964844,0.0
HIG,2017-11-20,56.08000183105469,56.459999084472656,55.81999969482422,55.849998474121094,2225800,49.10472106933594,0.0
HIG,2017-11-21,56.0,56.2599983215332,55.939998626708984,56.09000015258789,1321000,49.31575012207031,0.0
HIG,2017-11-22,56.130001068115234,56.209999084472656,55.650001525878906,55.779998779296875,1129200,49.04317855834961,0.0
HIG,2017-11-24,56.060001373291016,56.130001068115234,55.61000061035156,55.63999938964844,435600,48.92009735107422,0.0
HIG,2017-11-27,55.72999954223633,55.9900016784668,55.63999938964844,55.79999923706055,1064400,49.060768127441406,0.0
HIG,2017-11-28,55.72999954223633,56.84000015258789,55.59000015258789,56.689998626708984,1682300,49.84328079223633,0.0
HIG,2017-11-29,57.0,58.15999984741211,56.83000183105469,57.650001525878906,2413700,50.68733215332031,0.0
HIG,2017-11-30,57.77000045776367,57.93000030517578,56.84000015258789,57.439998626708984,2099600,50.722652435302734,0.25
HIG,2017-12-01,57.540000915527344,57.650001525878906,56.119998931884766,57.43000030517578,1754700,50.71382522583008,0.0
HIG,2017-12-04,58.0,58.61000061035156,56.5,56.5,4029300,49.892574310302734,0.0
HIG,2017-12-05,56.529998779296875,56.720001220703125,54.38999938964844,54.63999938964844,4893800,48.25010299682617,0.0
HIG,2017-12-06,54.459999084472656,54.9900016784668,54.18000030517578,54.91999816894531,3541400,48.49736404418945,0.0
HIG,2017-12-07,54.540000915527344,55.06999969482422,54.4900016784668,54.77000045776367,2062900,48.36490249633789,0.0
HIG,2017-12-08,54.779998779296875,55.189998626708984,54.63999938964844,55.16999816894531,2172000,48.718109130859375,0.0
HIG,2017-12-11,55.20000076293945,55.41999816894531,54.86000061035156,55.41999816894531,2123200,48.938880920410156,0.0
HIG,2017-12-12,55.5,56.150001525878906,55.400001525878906,56.029998779296875,2633900,49.477542877197266,0.0
HIG,2017-12-13,55.88999938964844,56.040000915527344,55.470001220703125,55.54999923706055,3273700,49.053680419921875,0.0
HIG,2017-12-14,55.66999816894531,55.7599983215332,55.060001373291016,55.209999084472656,2670300,48.75343704223633,0.0
HIG,2017-12-15,55.400001525878906,56.09000015258789,55.16999816894531,55.75,4792500,49.23028564453125,0.0
HIG,2017-12-18,56.220001220703125,56.22999954223633,55.43000030517578,55.63999938964844,2499000,49.13316345214844,0.0
HIG,2017-12-19,56.689998626708984,57.029998779296875,56.06999969482422,56.72999954223633,3612900,50.09568786621094,0.0
HIG,2017-12-20,56.939998626708984,57.13999938964844,56.29999923706055,56.349998474121094,2977200,49.76011657714844,0.0
HIG,2017-12-21,56.619998931884766,56.79999923706055,55.7599983215332,55.93000030517578,2187900,49.38924026489258,0.0
HIG,2017-12-22,56.040000915527344,56.119998931884766,55.06999969482422,55.54999923706055,1689400,49.053680419921875,0.0
HIG,2017-12-26,55.65999984741211,56.0,55.529998779296875,55.970001220703125,976000,49.4245719909668,0.0
HIG,2017-12-27,55.9900016784668,56.34000015258789,55.790000915527344,56.279998779296875,856800,49.69831085205078,0.0
HIG,2017-12-28,56.47999954223633,56.59000015258789,56.31999969482422,56.560001373291016,839800,49.94557189941406,0.0
HIG,2017-12-29,56.75,56.790000915527344,56.279998779296875,56.279998779296875,935600,49.69831085205078,0.0
HIG,2018-01-02,56.34000015258789,56.72999954223633,55.02000045776367,55.27000045776367,1568100,48.80642318725586,0.0
HIG,2018-01-03,55.099998474121094,55.150001525878906,54.290000915527344,54.83000183105469,3156900,48.417884826660156,0.0
HIG,2018-01-04,55.119998931884766,55.720001220703125,54.95000076293945,55.400001525878906,1593400,48.92123031616211,0.0
HIG,2018-01-05,55.40999984741211,55.439998626708984,54.95000076293945,55.15999984741211,1132400,48.709293365478516,0.0
HIG,2018-01-08,55.130001068115234,55.13999938964844,54.619998931884766,54.779998779296875,1660800,48.37372970581055,0.0
HIG,2018-01-09,55.060001373291016,55.43000030517578,54.779998779296875,54.970001220703125,2313800,48.54151916503906,0.0
HIG,2018-01-10,55.119998931884766,55.31999969482422,54.79999923706055,55.040000915527344,1891000,48.603328704833984,0.0
HIG,2018-01-11,55.36000061035156,55.40999984741211,54.869998931884766,55.09000015258789,1374100,48.64748001098633,0.0
HIG,2018-01-12,55.310001373291016,55.33000183105469,54.83000183105469,55.290000915527344,2571600,48.8240966796875,0.0
HIG,2018-01-16,55.40999984741211,55.540000915527344,55.11000061035156,55.2400016784668,1768600,48.779937744140625,0.0
HIG,2018-01-17,55.5,56.41999816894531,55.29999923706055,56.22999954223633,2112800,49.65414810180664,0.0
HIG,2018-01-18,56.220001220703125,56.470001220703125,55.83000183105469,56.09000015258789,1754600,49.530540466308594,0.0
HIG,2018-01-19,56.15999984741211,56.2400016784668,55.529998779296875,55.959999084472656,2271500,49.415733337402344,0.0
HIG,2018-01-22,55.90999984741211,56.16999816894531,55.63999938964844,56.04999923706055,2521400,49.49520492553711,0.0
HIG,2018-01-23,55.900001525878906,56.720001220703125,55.849998474121094,56.66999816894531,3943700,50.04269790649414,0.0
HIG,2018-01-24,56.81999969482422,58.27000045776367,56.81999969482422,58.150001525878906,3924000,51.34962463378906,0.0
HIG,2018-01-25,58.13999938964844,58.650001525878906,57.75,58.4900016784668,2519500,51.649864196777344,0.0
HIG,2018-01-26,58.560001373291016,59.13999938964844,58.5099983215332,59.11000061035156,2419600,52.19735336303711,0.0
HIG,2018-01-29,59.0,59.20000076293945,58.189998626708984,58.41999816894531,2424300,51.588050842285156,0.0
HIG,2018-01-30,58.09000015258789,58.47999954223633,57.81999969482422,58.25,2346200,51.437931060791016,0.0
HIG,2018-01-31,57.279998779296875,58.88999938964844,57.279998779296875,58.7599983215332,2281900,51.888282775878906,0.0
HIG,2018-02-01,58.599998474121094,58.93000030517578,58.279998779296875,58.77000045776367,2377500,51.897117614746094,0.0
HIG,2018-02-02,58.52000045776367,58.790000915527344,57.900001525878906,58.0099983215332,1782400,51.22599792480469,0.0
HIG,2018-02-05,57.470001220703125,58.25,55.52000045776367,55.58000183105469,3616700,49.08018112182617,0.0
HIG,2018-02-06,54.83000183105469,55.439998626708984,53.459999084472656,55.130001068115234,4041100,48.682796478271484,0.0
HIG,2018-02-07,54.84000015258789,56.56999969482422,54.779998779296875,55.86000061035156,2411800,49.32742691040039,0.0
HIG,2018-02-08,55.81999969482422,56.189998626708984,53.22999954223633,53.34000015258789,4162100,47.10213088989258,0.0
HIG,2018-02-09,54.06999969482422,54.439998626708984,52.58000183105469,53.97999954223633,3656300,47.66728591918945,0.0
HIG,2018-02-12,54.29999923706055,55.09000015258789,53.31999969482422,53.5,3342100,47.2434196472168,0.0
HIG,2018-02-13,53.31999969482422,54.13999938964844,52.97999954223633,53.970001220703125,1715700,47.65845489501953,0.0
HIG,2018-02-14,53.720001220703125,54.599998474121094,53.4900016784668,54.529998779296875,1952600,48.1529655456543,0.0
HIG,2018-02-15,54.90999984741211,54.93000030517578,54.11000061035156,54.459999084472656,2543200,48.091148376464844,0.0
HIG,2018-02-16,54.279998779296875,54.900001525878906,54.130001068115234,54.13999938964844,3752000,47.80857849121094,0.0
HIG,2018-02-20,54.029998779296875,54.41999816894531,53.45000076293945,53.81999969482422,2933000,47.5260009765625,0.0
HIG,2018-02-21,53.880001068115234,54.619998931884766,53.709999084472656,53.95000076293945,2133900,47.64079284667969,0.0
HIG,2018-02-22,54.02000045776367,54.380001068115234,53.0,53.220001220703125,2427600,46.99616241455078,0.0
HIG,2018-02-23,53.43000030517578,54.08000183105469,53.150001525878906,54.040000915527344,1653100,47.72026443481445,0.0
HIG,2018-02-26,54.2599983215332,54.7400016784668,54.119998931884766,54.5,1673800,48.1264762878418,0.0
HIG,2018-02-27,54.310001373291016,54.849998474121094,53.7599983215332,53.810001373291016,2399700,47.517173767089844,0.0
HIG,2018-02-28,54.029998779296875,54.22999954223633,52.84000015258789,52.849998474121094,1865900,46.66943359375,0.0
HIG,2018-03-01,52.75,53.06999969482422,51.54999923706055,51.90999984741211,2719100,45.8393669128418,0.0
HIG,2018-03-02,51.33000183105469,51.880001068115234,50.709999084472656,51.77000045776367,2443800,45.936973571777344,0.25
HIG,2018-03-05,51.38999938964844,54.22999954223633,51.380001068115234,53.939998626708984,5545300,47.86246871948242,0.0
HIG,2018-03-06,54.08000183105469,54.560001373291016,53.59000015258789,54.41999816894531,3619100,48.28837966918945,0.0
HIG,2018-03-07,53.869998931884766,54.630001068115234,53.709999084472656,54.27000045776367,3103500,48.15528106689453,0.0
HIG,2018-03-08,54.310001373291016,54.459999084472656,53.77000045776367,54.36000061035156,1721900,48.235145568847656,0.0
HIG,2018-03-09,54.59000015258789,56.130001068115234,54.43000030517578,56.130001068115234,3671500,49.805721282958984,0.0
HIG,2018-03-12,56.130001068115234,56.130001068115234,54.9900016784668,55.20000076293945,1843500,48.98051071166992,0.0
HIG,2018-03-13,55.470001220703125,55.650001525878906,54.220001220703125,54.310001373291016,2349900,48.1907844543457,0.0
HIG,2018-03-14,54.58000183105469,54.650001525878906,53.709999084472656,53.869998931884766,2937800,47.80036544799805,0.0
HIG,2018-03-15,54.099998474121094,54.40999984741211,53.5,53.810001373291016,1859300,47.747127532958984,0.0
HIG,2018-03-16,54.0099983215332,54.369998931884766,53.650001525878906,53.93000030517578,1880400,47.853607177734375,0.0
HIG,2018-03-19,53.86000061035156,54.08000183105469,53.18000030517578,53.45000076293945,1938700,47.42768859863281,0.0
HIG,2018-03-20,53.68000030517578,53.9900016784668,53.66999816894531,53.66999816894531,1741900,47.622886657714844,0.0
HIG,2018-03-21,53.79999923706055,54.16999816894531,53.400001525878906,53.400001525878906,1772600,47.38331604003906,0.0
HIG,2018-03-22,52.86000061035156,53.279998779296875,51.83000183105469,51.880001068115234,1925700,46.034576416015625,0.0
HIG,2018-03-23,51.91999816894531,52.18000030517578,50.150001525878906,50.290000915527344,2316200,44.623722076416016,0.0
HIG,2018-03-26,51.029998779296875,51.5,50.43000030517578,51.47999954223633,2243300,45.679649353027344,0.0
HIG,2018-03-27,51.65999984741211,52.02000045776367,50.83000183105469,51.11000061035156,1909800,45.35133361816406,0.0
HIG,2018-03-28,51.220001220703125,52.150001525878906,51.119998931884766,51.72999954223633,2830600,45.90148162841797,0.0
HIG,2018-03-29,51.93000030517578,52.119998931884766,51.52000045776367,51.52000045776367,2586100,45.71514892578125,0.0
HIG,2018-04-02,51.38999938964844,51.619998931884766,49.66999816894531,50.459999084472656,2304700,44.77457046508789,0.0
HIG,2018-04-03,50.56999969482422,51.060001373291016,50.279998779296875,50.790000915527344,1633400,45.0673942565918,0.0
HIG,2018-04-04,50.150001525878906,51.88999938964844,50.13999938964844,51.75,1932200,45.91922378540039,0.0
HIG,2018-04-05,52.040000915527344,52.4900016784668,51.689998626708984,52.20000076293945,2567300,46.31853485107422,0.0
HIG,2018-04-06,51.540000915527344,52.150001525878906,50.709999084472656,51.119998931884766,2395400,45.36021041870117,0.0
HIG,2018-04-09,51.279998779296875,52.130001068115234,51.119998931884766,51.20000076293945,1575400,45.43119430541992,0.0
HIG,2018-04-10,51.90999984741211,52.31999969482422,51.599998474121094,51.900001525878906,2032000,46.05232238769531,0.0
HIG,2018-04-11,51.31999969482422,51.72999954223633,51.09000015258789,51.529998779296875,1346400,45.72400665283203,0.0
HIG,2018-04-12,51.790000915527344,52.27000045776367,51.7599983215332,52.02000045776367,988800,46.15879440307617,0.0
HIG,2018-04-13,52.560001373291016,52.65999984741211,51.470001220703125,51.66999816894531,1897900,45.848243713378906,0.0
HIG,2018-04-16,52.18000030517578,52.27000045776367,51.790000915527344,52.040000915527344,2969300,46.176544189453125,0.0
HIG,2018-04-17,52.2400016784668,52.310001373291016,51.58000183105469,51.7400016784668,1687400,45.91035079956055,0.0
HIG,2018-04-18,52.0,52.029998779296875,51.65999984741211,51.790000915527344,1619000,45.95471954345703,0.0
HIG,2018-04-19,51.90999984741211,52.33000183105469,51.79999923706055,52.029998779296875,1220000,46.16767883300781,0.0
HIG,2018-04-20,52.27000045776367,52.33000183105469,51.720001220703125,52.029998779296875,1295100,46.16767883300781,0.0
HIG,2018-04-23,52.13999938964844,52.2400016784668,51.75,51.959999084472656,1318500,46.10556411743164,0.0
HIG,2018-04-24,51.720001220703125,52.27000045776367,51.02000045776367,51.22999954223633,2833200,45.45781326293945,0.0
HIG,2018-04-25,51.310001373291016,52.04999923706055,51.06999969482422,51.83000183105469,2183900,45.990211486816406,0.0
HIG,2018-04-26,51.72999954223633,52.2400016784668,51.43000030517578,52.20000076293945,2577100,46.31853485107422,0.0
HIG,2018-04-27,53.9900016784668,55.15999984741211,53.5,54.58000183105469,3414000,48.430362701416016,0.0
HIG,2018-04-30,54.939998626708984,54.97999954223633,53.779998779296875,53.84000015258789,2831700,47.773738861083984,0.0
HIG,2018-05-01,53.66999816894531,54.029998779296875,53.43000030517578,53.900001525878906,1888500,47.82698440551758,0.0
HIG,2018-05-02,53.619998931884766,53.650001525878906,52.209999084472656,52.290000915527344,2537100,46.39838409423828,0.0
HIG,2018-05-03,51.91999816894531,52.04999923706055,50.83000183105469,51.790000915527344,2603000,45.95471954345703,0.0
HIG,2018-05-04,51.599998474121094,53.04999923706055,51.439998626708984,52.72999954223633,1871200,46.78880310058594,0.0
HIG,2018-05-07,52.7599983215332,52.7599983215332,52.08000183105469,52.630001068115234,1591900,46.7000732421875,0.0
HIG,2018-05-08,52.54999923706055,52.869998931884766,52.119998931884766,52.560001373291016,1782700,46.63795852661133,0.0
HIG,2018-05-09,52.810001373291016,52.91999816894531,52.310001373291016,52.66999816894531,943900,46.735565185546875,0.0
HIG,2018-05-10,52.779998779296875,52.970001220703125,52.34000015258789,52.810001373291016,1329300,46.85979461669922,0.0
HIG,2018-05-11,52.88999938964844,53.18000030517578,52.47999954223633,52.560001373291016,1528100,46.63795852661133,0.0
HIG,2018-05-14,52.75,52.75,52.18000030517578,52.459999084472656,1738900,46.549224853515625,0.0
HIG,2018-05-15,52.380001068115234,52.959999084472656,52.31999969482422,52.72999954223633,1481900,46.78880310058594,0.0
HIG,2018-05-16,52.7599983215332,53.06999969482422,52.5,52.86000061035156,1233200,46.90415573120117,0.0
HIG,2018-05-17,52.81999969482422,53.369998931884766,52.689998626708984,53.27000045776367,1850200,47.26797103881836,0.0
HIG,2018-05-18,53.189998626708984,53.61000061035156,53.08000183105469,53.43000030517578,4175600,47.40993118286133,0.0
HIG,2018-05-21,53.58000183105469,53.81999969482422,53.45000076293945,53.61000061035156,1923200,47.569644927978516,0.0
HIG,2018-05-22,53.540000915527344,54.040000915527344,53.189998626708984,53.75,1663800,47.69388198852539,0.0
HIG,2018-05-23,53.540000915527344,53.81999969482422,52.75,53.310001373291016,1274100,47.3034553527832,0.0
HIG,2018-05-24,53.060001373291016,53.18000030517578,52.650001525878906,53.029998779296875,1176000,47.05500411987305,0.0
HIG,2018-05-25,52.84000015258789,53.040000915527344,52.650001525878906,52.91999816894531,1362300,46.957393646240234,0.0
HIG,2018-05-29,52.439998626708984,52.439998626708984,51.290000915527344,51.849998474121094,2947900,46.007957458496094,0.0
HIG,2018-05-30,52.41999816894531,53.52000045776367,52.2599983215332,53.209999084472656,2131400,47.2147216796875,0.0
HIG,2018-05-31,52.79999923706055,52.869998931884766,52.209999084472656,52.33000183105469,2569500,46.653072357177734,0.25
HIG,2018-06-01,52.900001525878906,53.16999816894531,52.400001525878906,52.4900016784668,1767900,46.79570770263672,0.0
HIG,2018-06-04,52.7599983215332,53.209999084472656,52.52000045776367,52.66999816894531,2015000,46.956180572509766,0.0
HIG,2018-06-05,52.54999923706055,52.619998931884766,52.02000045776367,52.470001220703125,2102000,46.777870178222656,0.0
HIG,2018-06-06,52.59000015258789,52.91999816894531,52.13999938964844,52.529998779296875,1417700,46.83137130737305,0.0
HIG,2018-06-07,52.540000915527344,52.86000061035156,52.06999969482422,52.7599983215332,3062400,47.03641128540039,0.0
HIG,2018-06-08,52.86000061035156,53.33000183105469,52.84000015258789,53.2599983215332,1350300,47.48218536376953,0.0
HIG,2018-06-11,53.349998474121094,53.4900016784668,52.849998474121094,52.86000061035156,2552500,47.12556838989258,0.0
HIG,2018-06-12,53.0,53.619998931884766,52.72999954223633,53.0,1255600,47.25038146972656,0.0
HIG,2018-06-13,53.040000915527344,53.599998474121094,52.91999816894531,53.099998474121094,1632400,47.339534759521484,0.0
HIG,2018-06-14,53.20000076293945,53.209999084472656,52.63999938964844,53.08000183105469,2096800,47.32170867919922,0.0
HIG,2018-06-15,52.88999938964844,53.7599983215332,52.5099983215332,53.7599983215332,4231000,47.92793273925781,0.0
HIG,2018-06-18,53.099998474121094,53.310001373291016,52.40999984741211,53.16999816894531,2858500,47.40193557739258,0.0
HIG,2018-06-19,52.61000061035156,53.310001373291016,52.61000061035156,53.04999923706055,2075000,47.294960021972656,0.0
HIG,2018-06-20,53.18000030517578,53.209999084472656,52.099998474121094,52.13999938964844,1649600,46.483680725097656,0.0
HIG,2018-06-21,51.95000076293945,52.16999816894531,51.36000061035156,51.470001220703125,1554700,45.886356353759766,0.0
HIG,2018-06-22,51.86000061035156,52.02000045776367,51.599998474121094,51.779998779296875,2224000,46.1627311706543,0.0
HIG,2018-06-25,51.79999923706055,51.939998626708984,51.29999923706055,51.65999984741211,2060600,46.05575180053711,0.0
HIG,2018-06-26,51.54999923706055,51.72999954223633,51.15999984741211,51.59000015258789,2464400,45.993343353271484,0.0
HIG,2018-06-27,51.459999084472656,51.779998779296875,50.689998626708984,50.77000045776367,2234700,45.26229476928711,0.0
HIG,2018-06-28,50.689998626708984,51.150001525878906,50.459999084472656,50.93000030517578,1672500,45.404945373535156,0.0
HIG,2018-06-29,51.11000061035156,51.7400016784668,50.849998474121094,51.130001068115234,3272800,45.583248138427734,0.0
HIG,2018-07-02,50.880001068115234,51.540000915527344,50.470001220703125,51.33000183105469,1729600,45.76155090332031,0.0
HIG,2018-07-03,51.540000915527344,51.97999954223633,51.439998626708984,51.56999969482422,704000,45.97551345825195,0.0
HIG,2018-07-05,51.88999938964844,51.9900016784668,51.5,51.70000076293945,1264900,46.091407775878906,0.0
HIG,2018-07-06,51.61000061035156,52.150001525878906,51.540000915527344,51.849998474121094,1081000,46.225135803222656,0.0
HIG,2018-07-09,52.040000915527344,53.310001373291016,52.0099983215332,53.290000915527344,2231400,47.50893020629883,0.0
HIG,2018-07-10,53.349998474121094,53.4900016784668,52.86000061035156,53.2400016784668,1726200,47.46434783935547,0.0
HIG,2018-07-11,53.02000045776367,53.33000183105469,52.59000015258789,52.75,2016300,47.02751159667969,0.0
HIG,2018-07-12,53.08000183105469,53.08000183105469,52.290000915527344,52.529998779296875,1233800,46.83137130737305,0.0
HIG,2018-07-13,52.33000183105469,52.709999084472656,52.18000030517578,52.529998779296875,689800,46.83137130737305,0.0
HIG,2018-07-16,52.540000915527344,53.119998931884766,52.459999084472656,53.06999969482422,1033000,47.31279373168945,0.0
HIG,2018-07-17,53.20000076293945,53.459999084472656,52.61000061035156,53.2599983215332,1173100,47.48218536376953,0.0
HIG,2018-07-18,53.22999954223633,53.869998931884766,53.02000045776367,53.630001068115234,1816700,47.81203842163086,0.0
HIG,2018-07-19,53.4900016784668,53.61000061035156,52.630001068115234,52.66999816894531,1882500,46.956180572509766,0.0
HIG,2018-07-20,52.380001068115234,52.939998626708984,52.22999954223633,52.34000015258789,2323800,46.66197967529297,0.0
HIG,2018-07-23,52.150001525878906,52.66999816894531,51.97999954223633,52.41999816894531,2011000,46.73331069946289,0.0
HIG,2018-07-24,52.43000030517578,52.65999984741211,52.08000183105469,52.38999938964844,1931900,46.7065544128418,0.0
HIG,2018-07-25,52.189998626708984,52.4900016784668,51.7400016784668,52.36000061035156,1613300,46.679813385009766,0.0
HIG,2018-07-26,52.650001525878906,53.470001220703125,52.599998474121094,53.209999084472656,2519300,47.437599182128906,0.0
HIG,2018-07-27,52.959999084472656,53.619998931884766,51.5099983215332,51.970001220703125,5431200,46.33212661743164,0.0
HIG,2018-07-30,52.189998626708984,53.540000915527344,52.13999938964844,52.66999816894531,3086900,46.956180572509766,0.0
HIG,2018-07-31,52.880001068115234,52.90999984741211,52.380001068115234,52.70000076293945,2036200,46.98292541503906,0.0
HIG,2018-08-01,52.86000061035156,53.060001373291016,52.349998474121094,52.58000183105469,1604900,46.875946044921875,0.0
HIG,2018-08-02,52.29999923706055,52.880001068115234,52.09000015258789,52.7599983215332,1505000,47.03641128540039,0.0
HIG,2018-08-03,52.619998931884766,52.84000015258789,52.209999084472656,52.7599983215332,1596800,47.03641128540039,0.0
HIG,2018-08-06,52.779998779296875,52.779998779296875,52.380001068115234,52.70000076293945,944100,46.98292541503906,0.0
HIG,2018-08-07,52.7400016784668,53.06999969482422,52.709999084472656,52.86000061035156,1676700,47.12556838989258,0.0
HIG,2018-08-08,52.83000183105469,52.970001220703125,52.41999816894531,52.470001220703125,2233900,46.777870178222656,0.0
HIG,2018-08-09,52.439998626708984,52.619998931884766,52.119998931884766,52.20000076293945,1263300,46.53717041015625,0.0
HIG,2018-08-10,51.83000183105469,51.83000183105469,51.34000015258789,51.68000030517578,1275200,46.073577880859375,0.0
HIG,2018-08-13,51.779998779296875,51.79999923706055,51.33000183105469,51.41999816894531,2058100,45.84178161621094,0.0
HIG,2018-08-14,51.41999816894531,51.5,51.029998779296875,51.040000915527344,1576600,45.50300598144531,0.0
HIG,2018-08-15,50.880001068115234,51.189998626708984,50.65999984741211,50.9900016784668,1472500,45.458431243896484,0.0
HIG,2018-08-16,51.22999954223633,52.09000015258789,51.220001220703125,51.70000076293945,2144800,46.091407775878906,0.0
HIG,2018-08-17,51.56999969482422,52.189998626708984,51.459999084472656,51.959999084472656,1149800,46.32320022583008,0.0
HIG,2018-08-20,52.02000045776367,52.36000061035156,51.93000030517578,51.97999954223633,1090000,46.341033935546875,0.0
HIG,2018-08-21,51.88999938964844,52.599998474121094,51.880001068115234,52.34000015258789,1422700,46.66197967529297,0.0
HIG,2018-08-22,51.0099983215332,51.56999969482422,50.02000045776367,50.15999984741211,9037200,44.71847152709961,0.0
HIG,2018-08-23,50.04999923706055,50.25,49.81999969482422,49.900001525878906,3685100,44.48668670654297,0.0
HIG,2018-08-24,50.119998931884766,50.36000061035156,49.95000076293945,50.0,3030000,44.575836181640625,0.0
HIG,2018-08-27,50.150001525878906,51.2599983215332,50.08000183105469,51.0,5053300,45.46735382080078,0.0
HIG,2018-08-28,51.20000076293945,51.54999923706055,50.79999923706055,50.900001525878906,3239700,45.378204345703125,0.0
HIG,2018-08-29,50.869998931884766,50.93000030517578,50.439998626708984,50.7400016784668,2679300,45.23555374145508,0.0
HIG,2018-08-30,50.790000915527344,50.81999969482422,50.349998474121094,50.5,1843800,45.02158737182617,0.0
HIG,2018-08-31,50.150001525878906,50.400001525878906,50.02000045776367,50.369998931884766,1662000,45.17405700683594,0.3
HIG,2018-09-04,50.38999938964844,50.61000061035156,50.11000061035156,50.439998626708984,3206700,45.2368278503418,0.0
HIG,2018-09-05,50.31999969482422,50.56999969482422,50.0099983215332,50.04999923706055,3537400,44.887062072753906,0.0
HIG,2018-09-06,50.20000076293945,50.33000183105469,49.849998474121094,49.880001068115234,2517700,44.73460006713867,0.0
HIG,2018-09-07,49.88999938964844,49.959999084472656,49.22999954223633,49.59000015258789,2996500,44.47450637817383,0.0
HIG,2018-09-10,49.97999954223633,49.97999954223633,49.33000183105469,49.380001068115234,2351300,44.28617477416992,0.0
HIG,2018-09-11,49.209999084472656,49.720001220703125,49.02000045776367,49.279998779296875,2855300,44.19649124145508,0.0
HIG,2018-09-12,49.209999084472656,49.290000915527344,48.790000915527344,48.95000076293945,1937000,43.900535583496094,0.0
HIG,2018-09-13,49.2400016784668,49.47999954223633,49.029998779296875,49.36000061035156,2022200,44.268245697021484,0.0
HIG,2018-09-14,49.15999984741211,49.869998931884766,49.15999984741211,49.84000015258789,1820600,44.698726654052734,0.0
HIG,2018-09-17,50.029998779296875,50.119998931884766,49.63999938964844,49.709999084472656,1253000,44.58213424682617,0.0
HIG,2018-09-18,49.75,50.279998779296875,49.630001068115234,50.099998474121094,1613700,44.93191146850586,0.0
HIG,2018-09-19,50.29999923706055,50.88999938964844,50.290000915527344,50.58000183105469,2283000,45.36240005493164,0.0
HIG,2018-09-20,50.779998779296875,51.310001373291016,50.29999923706055,50.7599983215332,3133300,45.52382278442383,0.0
HIG,2018-09-21,50.599998474121094,50.970001220703125,50.41999816894531,50.91999816894531,4039300,45.667320251464844,0.0
HIG,2018-09-24,51.38999938964844,52.0,50.459999084472656,50.58000183105469,2778900,45.36240005493164,0.0
HIG,2018-09-25,50.63999938964844,50.68000030517578,50.150001525878906,50.16999816894531,2065000,44.99468231201172,0.0
HIG,2018-09-26,50.310001373291016,50.36000061035156,49.630001068115234,49.7599983215332,2696100,44.62697982788086,0.0
HIG,2018-09-27,49.720001220703125,50.029998779296875,49.5099983215332,49.630001068115234,1751700,44.5103874206543,0.0
HIG,2018-09-28,49.41999816894531,50.130001068115234,49.150001525878906,49.959999084472656,2347300,44.80634689331055,0.0
HIG,2018-10-01,50.08000183105469,50.27000045776367,49.34000015258789,49.40999984741211,2683400,44.313079833984375,0.0
HIG,2018-10-02,49.36000061035156,49.7400016784668,49.189998626708984,49.4900016784668,1939800,44.38482666015625,0.0
HIG,2018-10-03,49.7599983215332,49.849998474121094,49.15999984741211,49.20000076293945,2586800,44.12474060058594,0.0
HIG,2018-10-04,49.13999938964844,49.779998779296875,49.13999938964844,49.59000015258789,2323000,44.47450637817383,0.0
HIG,2018-10-05,49.5,49.95000076293945,49.310001373291016,49.61000061035156,1637100,44.49245834350586,0.0
HIG,2018-10-08,49.45000076293945,50.439998626708984,49.45000076293945,50.08000183105469,1676400,44.91398239135742,0.0
HIG,2018-10-09,50.560001373291016,51.060001373291016,50.130001068115234,50.63999938964844,2681600,45.41619873046875,0.0
HIG,2018-10-10,50.130001068115234,50.529998779296875,48.66999816894531,48.68000030517578,2662400,43.65838623046875,0.0
HIG,2018-10-11,48.599998474121094,48.68000030517578,46.7400016784668,46.81999969482422,3400300,41.99025344848633,0.0
HIG,2018-10-12,47.34000015258789,47.61000061035156,45.959999084472656,46.790000915527344,3749600,41.96335983276367,0.0
HIG,2018-10-15,46.7400016784668,47.15999984741211,46.439998626708984,46.439998626708984,2478600,41.64945602416992,0.0
HIG,2018-10-16,46.709999084472656,46.810001373291016,46.220001220703125,46.61000061035156,1860300,41.80192565917969,0.0
HIG,2018-10-17,46.560001373291016,47.209999084472656,46.2400016784668,46.7599983215332,2046900,41.93644332885742,0.0
HIG,2018-10-18,46.689998626708984,47.220001220703125,46.189998626708984,46.529998779296875,2928100,41.730167388916016,0.0
HIG,2018-10-19,46.15999984741211,47.20000076293945,46.040000915527344,46.63999938964844,2450300,41.82882308959961,0.0
HIG,2018-10-22,46.77000045776367,46.81999969482422,45.939998626708984,45.939998626708984,1797000,41.20103073120117,0.0
HIG,2018-10-23,45.25,46.13999938964844,45.02000045776367,46.0099983215332,3612000,41.26380920410156,0.0
HIG,2018-10-24,45.849998474121094,45.869998931884766,44.810001373291016,44.900001525878906,3957700,40.268314361572266,0.0
HIG,2018-10-25,45.33000183105469,45.869998931884766,44.939998626708984,45.540000915527344,3355400,40.84230041503906,0.0
HIG,2018-10-26,45.0,46.54999923706055,43.310001373291016,45.11000061035156,8191200,40.4566535949707,0.0
HIG,2018-10-29,45.72999954223633,46.18000030517578,44.22999954223633,44.560001373291016,3591800,39.96339797973633,0.0
HIG,2018-10-30,44.7599983215332,45.209999084472656,44.029998779296875,45.13999938964844,2799800,40.483558654785156,0.0
HIG,2018-10-31,45.619998931884766,46.36000061035156,45.25,45.41999816894531,3883400,40.73467254638672,0.0
HIG,2018-11-01,45.689998626708984,45.95000076293945,45.58000183105469,45.79999923706055,2313200,41.075477600097656,0.0
HIG,2018-11-02,46.22999954223633,46.439998626708984,44.689998626708984,44.88999938964844,4943600,40.25934600830078,0.0
HIG,2018-11-05,45.06999969482422,45.83000183105469,45.06999969482422,45.4900016784668,2457500,40.797454833984375,0.0
HIG,2018-11-06,45.400001525878906,46.279998779296875,45.31999969482422,46.13999938964844,2675700,41.380401611328125,0.0
HIG,2018-11-07,46.310001373291016,47.02000045776367,45.790000915527344,46.939998626708984,2462400,42.09788513183594,0.0
HIG,2018-11-08,46.77000045776367,47.22999954223633,46.189998626708984,46.459999084472656,2427100,41.667396545410156,0.0
HIG,2018-11-09,46.369998931884766,46.83000183105469,46.220001220703125,46.59000015258789,2099200,41.78398513793945,0.0
HIG,2018-11-12,46.52000045776367,46.650001525878906,45.459999084472656,45.5099983215332,2256800,40.81538772583008,0.0
HIG,2018-11-13,45.529998779296875,46.15999984741211,45.20000076293945,45.31999969482422,2316700,40.64499282836914,0.0
HIG,2018-11-14,45.470001220703125,45.4900016784668,43.75,44.06999969482422,3798200,39.52393341064453,0.0
HIG,2018-11-15,43.59000015258789,44.11000061035156,43.31999969482422,43.97999954223633,2857200,39.44321823120117,0.0
HIG,2018-11-16,43.650001525878906,43.95000076293945,43.40999984741211,43.849998474121094,5793100,39.32663345336914,0.0
HIG,2018-11-19,43.77000045776367,43.900001525878906,43.41999816894531,43.83000183105469,3176500,39.30869674682617,0.0
HIG,2018-11-20,43.61000061035156,44.400001525878906,43.459999084472656,44.06999969482422,4390500,39.52393341064453,0.0
HIG,2018-11-21,44.130001068115234,44.83000183105469,43.84000015258789,44.349998474121094,3275300,39.775047302246094,0.0
HIG,2018-11-23,43.959999084472656,44.459999084472656,43.720001220703125,44.099998474121094,816000,39.550838470458984,0.0
HIG,2018-11-26,44.61000061035156,45.040000915527344,44.40999984741211,44.79999923706055,1915400,40.17863082885742,0.0
HIG,2018-11-27,44.5099983215332,44.70000076293945,43.970001220703125,44.119998931884766,1780300,39.56877899169922,0.0
HIG,2018-11-28,44.150001525878906,44.91999816894531,44.029998779296875,44.90999984741211,2215900,40.27729034423828,0.0
HIG,2018-11-29,44.619998931884766,44.93000030517578,44.279998779296875,44.279998779296875,1663000,39.71226501464844,0.0
HIG,2018-11-30,43.79999923706055,44.31999969482422,43.72999954223633,44.189998626708984,2516700,39.90188980102539,0.3
HIG,2018-12-03,44.529998779296875,44.7400016784668,43.5,43.7599983215332,2361300,39.51361846923828,0.0
HIG,2018-12-04,43.97999954223633,44.27000045776367,42.72999954223633,42.81999969482422,3114700,38.66482925415039,0.0
HIG,2018-12-06,42.439998626708984,42.54999923706055,41.130001068115234,42.349998474121094,5102700,38.240440368652344,0.0
HIG,2018-12-07,42.2599983215332,42.900001525878906,41.47999954223633,41.630001068115234,3036100,37.59031295776367,0.0
HIG,2018-12-10,41.599998474121094,41.790000915527344,40.59000015258789,41.56999969482422,3324800,37.536136627197266,0.0
HIG,2018-12-11,42.130001068115234,42.45000076293945,41.040000915527344,41.34000015258789,4505000,37.328453063964844,0.0
HIG,2018-12-12,41.900001525878906,42.290000915527344,41.369998931884766,41.38999938964844,3146500,37.37359619140625,0.0
HIG,2018-12-13,41.40999984741211,41.70000076293945,40.869998931884766,41.31999969482422,3044100,37.31039810180664,0.0
HIG,2018-12-14,41.09000015258789,41.43000030517578,40.880001068115234,41.27000045776367,3891700,37.26523971557617,0.0
HIG,2018-12-17,41.18000030517578,42.43000030517578,40.97999954223633,41.790000915527344,5710300,37.73478317260742,0.0
HIG,2018-12-18,42.040000915527344,42.91999816894531,42.0,42.279998779296875,3723000,38.17723083496094,0.0
HIG,2018-12-19,42.290000915527344,43.58000183105469,42.290000915527344,42.66999816894531,5088700,38.52938461303711,0.0
HIG,2018-12-20,42.31999969482422,43.09000015258789,42.20000076293945,42.5,5099300,38.37588882446289,0.0
HIG,2018-12-21,42.40999984741211,43.66999816894531,42.06999969482422,42.189998626708984,5561900,38.09596633911133,0.0
HIG,2018-12-24,41.95000076293945,41.9900016784668,40.75,40.7599983215332,1670800,36.80473327636719,0.0
HIG,2018-12-26,40.83000183105469,42.95000076293945,40.540000915527344,42.849998474121094,3638600,38.691925048828125,0.0
HIG,2018-12-27,42.209999084472656,43.869998931884766,41.70000076293945,43.869998931884766,3330800,39.612945556640625,0.0
HIG,2018-12-28,44.150001525878906,44.41999816894531,43.52000045776367,43.77000045776367,2774400,39.522647857666016,0.0
HIG,2018-12-31,44.02000045776367,44.45000076293945,43.689998626708984,44.45000076293945,2232100,40.13666915893555,0.0
HIG,2019-01-02,43.56999969482422,43.689998626708984,42.939998626708984,43.41999816894531,3725600,39.20661163330078,0.0
HIG,2019-01-03,43.20000076293945,43.4900016784668,42.77000045776367,42.81999969482422,3542600,38.66482925415039,0.0
HIG,2019-01-04,43.470001220703125,44.20000076293945,43.369998931884766,44.13999938964844,3178300,39.85674285888672,0.0
HIG,2019-01-07,43.95000076293945,44.439998626708984,43.7599983215332,43.97999954223633,1874500,39.7122688293457,0.0
HIG,2019-01-08,44.20000076293945,44.290000915527344,42.91999816894531,43.38999938964844,3085800,39.179534912109375,0.0
HIG,2019-01-09,43.29999923706055,43.880001068115234,43.290000915527344,43.77000045776367,1998700,39.522647857666016,0.0
HIG,2019-01-10,43.72999954223633,44.369998931884766,43.70000076293945,44.220001220703125,2674000,39.92898178100586,0.0
HIG,2019-01-11,43.9900016784668,44.599998474121094,43.93000030517578,44.459999084472656,2053800,40.145687103271484,0.0
HIG,2019-01-14,44.08000183105469,44.81999969482422,44.04999923706055,44.529998779296875,1899200,40.20890426635742,0.0
HIG,2019-01-15,44.599998474121094,44.91999816894531,44.279998779296875,44.88999938964844,1735200,40.53396987915039,0.0
HIG,2019-01-16,45.22999954223633,45.560001373291016,44.810001373291016,45.33000183105469,2288400,40.9312744140625,0.0
HIG,2019-01-17,45.119998931884766,46.2400016784668,45.119998931884766,46.11000061035156,2515000,41.63557815551758,0.0
HIG,2019-01-18,46.369998931884766,46.790000915527344,46.15999984741211,46.68000030517578,3202600,42.1502685546875,0.0
HIG,2019-01-22,46.470001220703125,46.880001068115234,46.0099983215332,46.209999084472656,2312800,41.72587203979492,0.0
HIG,2019-01-23,46.310001373291016,46.540000915527344,45.849998474121094,46.5,1632000,41.987735748291016,0.0
HIG,2019-01-24,46.400001525878906,46.81999969482422,46.34000015258789,46.66999816894531,2159800,42.14124298095703,0.0
HIG,2019-01-25,46.939998626708984,47.369998931884766,46.709999084472656,46.7599983215332,2220000,42.22249984741211,0.0
HIG,2019-01-28,46.4900016784668,46.790000915527344,45.9900016784668,46.65999984741211,1575300,42.132205963134766,0.0
HIG,2019-01-29,46.5099983215332,46.810001373291016,45.90999984741211,46.09000015258789,2173300,41.617523193359375,0.0
HIG,2019-01-30,46.150001525878906,46.81999969482422,45.97999954223633,46.630001068115234,1638300,42.105133056640625,0.0
HIG,2019-01-31,46.349998474121094,47.0,46.25,46.91999816894531,2902100,42.36698532104492,0.0
HIG,2019-02-01,47.11000061035156,47.150001525878906,46.66999816894531,47.02000045776367,2191400,42.457279205322266,0.0
HIG,2019-02-04,47.25,47.2599983215332,46.7400016784668,47.15999984741211,2480000,42.58369445800781,0.0
HIG,2019-02-05,47.209999084472656,48.5099983215332,45.93000030517578,48.33000183105469,4050000,43.64015579223633,0.0
HIG,2019-02-06,48.15999984741211,48.77000045776367,47.7599983215332,47.90999984741211,2644600,43.26091003417969,0.0
HIG,2019-02-07,47.63999938964844,48.5,47.630001068115234,48.20000076293945,2279800,43.52277374267578,0.0
HIG,2019-02-08,47.779998779296875,48.060001373291016,47.150001525878906,47.88999938964844,2208200,43.242855072021484,0.0
HIG,2019-02-11,47.88999938964844,48.27000045776367,47.33000183105469,48.2400016784668,2863200,43.55889892578125,0.0
HIG,2019-02-12,48.560001373291016,48.959999084472656,48.36000061035156,48.7599983215332,1980100,44.0284309387207,0.0
HIG,2019-02-13,48.91999816894531,49.36000061035156,48.63999938964844,48.7400016784668,1946000,44.0103759765625,0.0
HIG,2019-02-14,48.369998931884766,48.59000015258789,47.779998779296875,48.2400016784668,2442300,43.55889892578125,0.0
HIG,2019-02-15,48.720001220703125,48.880001068115234,48.56999969482422,48.72999954223633,2276400,44.0013427734375,0.0
HIG,2019-02-19,48.63999938964844,49.18000030517578,48.41999816894531,49.119998931884766,2457000,44.35350036621094,0.0
HIG,2019-02-20,49.16999816894531,49.400001525878906,48.93000030517578,49.06999969482422,2786300,44.308353424072266,0.0
HIG,2019-02-21,49.20000076293945,49.34000015258789,48.59000015258789,48.83000183105469,2371600,44.09164810180664,0.0
HIG,2019-02-22,48.880001068115234,49.06999969482422,48.650001525878906,48.88999938964844,1529500,44.14582061767578,0.0
HIG,2019-02-25,49.18000030517578,49.4900016784668,49.0099983215332,49.16999816894531,1683400,44.398643493652344,0.0
HIG,2019-02-26,49.08000183105469,49.529998779296875,48.959999084472656,49.0099983215332,1554000,44.25417709350586,0.0
HIG,2019-02-27,48.86000061035156,49.15999984741211,48.77000045776367,49.08000183105469,1278700,44.317378997802734,0.0
HIG,2019-02-28,49.09000015258789,49.40999984741211,48.90999984741211,49.36000061035156,2475200,44.57020950317383,0.0
HIG,2019-03-01,49.439998626708984,49.72999954223633,49.06999969482422,49.400001525878906,1601300,44.87909698486328,0.3
HIG,2019-03-04,49.459999084472656,49.68000030517578,48.790000915527344,49.08000183105469,2447800,44.588375091552734,0.0
HIG,2019-03-05,49.04999923706055,49.2599983215332,48.59000015258789,48.91999816894531,1310200,44.443023681640625,0.0
HIG,2019-03-06,48.9900016784668,49.11000061035156,48.43000030517578,48.47999954223633,1500600,44.04328155517578,0.0
HIG,2019-03-07,48.380001068115234,48.380001068115234,47.81999969482422,48.040000915527344,2748500,43.643558502197266,0.0
HIG,2019-03-08,47.68000030517578,48.150001525878906,47.5,48.11000061035156,1455300,43.7071533203125,0.0
HIG,2019-03-11,48.27000045776367,48.34000015258789,47.97999954223633,48.20000076293945,3183200,43.78891372680664,0.0
HIG,2019-03-12,48.369998931884766,48.70000076293945,48.31999969482422,48.43000030517578,1465200,43.997867584228516,0.0
HIG,2019-03-13,48.61000061035156,48.93000030517578,48.5,48.599998474121094,1562800,44.15230178833008,0.0
HIG,2019-03-14,48.65999984741211,48.88999938964844,48.52000045776367,48.810001373291016,1375800,44.343082427978516,0.0
HIG,2019-03-15,48.75,49.209999084472656,48.689998626708984,48.81999969482422,3855800,44.3521728515625,0.0
HIG,2019-03-18,48.9900016784668,49.43000030517578,48.90999984741211,49.34000015258789,1489100,44.824581146240234,0.0
HIG,2019-03-19,49.45000076293945,49.790000915527344,48.9900016784668,49.209999084472656,3717300,44.706478118896484,0.0
HIG,2019-03-20,49.06999969482422,49.20000076293945,48.13999938964844,48.22999954223633,2099000,43.81616973876953,0.0
HIG,2019-03-21,48.060001373291016,49.099998474121094,48.0099983215332,48.95000076293945,1921500,44.470272064208984,0.0
HIG,2019-03-22,48.59000015258789,49.0,48.290000915527344,48.529998779296875,2181200,44.088714599609375,0.0
HIG,2019-03-25,48.61000061035156,48.970001220703125,48.369998931884766,48.40999984741211,2425300,43.97969436645508,0.0
HIG,2019-03-26,48.619998931884766,49.11000061035156,48.619998931884766,49.09000015258789,2122000,44.59746551513672,0.0
HIG,2019-03-27,49.099998474121094,49.4900016784668,49.029998779296875,49.220001220703125,1897000,44.715572357177734,0.0
HIG,2019-03-28,49.33000183105469,49.58000183105469,48.91999816894531,49.36000061035156,1737000,44.84275436401367,0.0
HIG,2019-03-29,49.7400016784668,49.779998779296875,49.36000061035156,49.720001220703125,1881700,45.1698112487793,0.0
HIG,2019-04-01,49.939998626708984,50.33000183105469,49.75,49.86000061035156,2376100,45.297000885009766,0.0
HIG,2019-04-02,49.869998931884766,49.9900016784668,49.41999816894531,49.5099983215332,1605800,44.97902297973633,0.0
HIG,2019-04-03,49.869998931884766,49.91999816894531,49.220001220703125,49.720001220703125,3282700,45.1698112487793,0.0
HIG,2019-04-04,49.779998779296875,50.13999938964844,49.58000183105469,50.0,1878400,45.42418670654297,0.0
HIG,2019-04-05,50.0,50.18000030517578,49.810001373291016,49.93000030517578,1460400,45.36058807373047,0.0
HIG,2019-04-08,49.93000030517578,50.02000045776367,49.630001068115234,49.88999938964844,1544200,45.324249267578125,0.0
HIG,2019-04-09,49.810001373291016,49.84000015258789,49.5099983215332,49.689998626708984,1187100,45.142547607421875,0.0
HIG,2019-04-10,49.65999984741211,50.04999923706055,49.47999954223633,49.97999954223633,1425400,45.40601348876953,0.0
HIG,2019-04-11,50.220001220703125,50.63999938964844,50.040000915527344,50.56999969482422,1378400,45.9420166015625,0.0
HIG,2019-04-12,50.97999954223633,51.22999954223633,50.779998779296875,51.06999969482422,1320000,46.39625549316406,0.0
HIG,2019-04-15,51.060001373291016,51.16999816894531,50.619998931884766,50.75,848500,46.105552673339844,0.0
HIG,2019-04-16,50.95000076293945,51.43000030517578,50.790000915527344,51.41999816894531,1150800,46.714229583740234,0.0
HIG,2019-04-17,51.54999923706055,51.54999923706055,50.439998626708984,50.58000183105469,1867500,45.951107025146484,0.0
HIG,2019-04-18,50.47999954223633,51.45000076293945,50.459999084472656,50.939998626708984,1753600,46.27815246582031,0.0
HIG,2019-04-22,50.7400016784668,50.90999984741211,50.529998779296875,50.88999938964844,898700,46.23273468017578,0.0
HIG,2019-04-23,50.86000061035156,51.310001373291016,50.72999954223633,51.11000061035156,1411300,46.43260192871094,0.0
HIG,2019-04-24,51.119998931884766,51.720001220703125,50.65999984741211,51.2400016784668,1733100,46.55071258544922,0.0
HIG,2019-04-25,51.0099983215332,51.15999984741211,50.560001373291016,50.970001220703125,1266100,46.305419921875,0.0
HIG,2019-04-26,51.119998931884766,51.599998474121094,50.93000030517578,51.560001373291016,1313900,46.84141540527344,0.0
HIG,2019-04-29,51.650001525878906,52.13999938964844,51.599998474121094,51.77000045776367,2060500,47.032196044921875,0.0
HIG,2019-04-30,51.790000915527344,52.310001373291016,51.47999954223633,52.310001373291016,2534600,47.52278137207031,0.0
HIG,2019-05-01,52.20000076293945,52.38999938964844,51.36000061035156,51.400001525878906,2813300,46.6960563659668,0.0
HIG,2019-05-02,51.939998626708984,52.459999084472656,50.58000183105469,52.13999938964844,3576800,47.368343353271484,0.0
HIG,2019-05-03,52.25,52.869998931884766,52.119998931884766,52.720001220703125,1878000,47.89525604248047,0.0
HIG,2019-05-06,52.04999923706055,52.75,51.77000045776367,52.54999923706055,1722100,47.74081802368164,0.0
HIG,2019-05-07,52.40999984741211,52.689998626708984,51.95000076293945,52.29999923706055,2821600,47.513694763183594,0.0
HIG,2019-05-08,52.189998626708984,53.13999938964844,52.130001068115234,52.5099983215332,2112000,47.70447540283203,0.0
HIG,2019-05-09,52.08000183105469,52.720001220703125,52.029998779296875,52.5099983215332,1625900,47.70447540283203,0.0
HIG,2019-05-10,52.27000045776367,53.150001525878906,52.04999923706055,53.0099983215332,2742500,48.15871810913086,0.0
HIG,2019-05-13,52.439998626708984,52.61000061035156,51.689998626708984,51.959999084472656,1644700,47.204811096191406,0.0
HIG,2019-05-14,52.220001220703125,53.06999969482422,52.11000061035156,52.720001220703125,2068500,47.89525604248047,0.0
HIG,2019-05-15,52.400001525878906,53.290000915527344,52.310001373291016,52.939998626708984,1922700,48.09512710571289,0.0
HIG,2019-05-16,53.099998474121094,53.880001068115234,53.0099983215332,53.599998474121094,2060600,48.694725036621094,0.0
HIG,2019-05-17,53.119998931884766,54.099998474121094,53.119998931884766,53.58000183105469,2419000,48.67655563354492,0.0
HIG,2019-05-20,53.54999923706055,53.790000915527344,52.91999816894531,53.13999938964844,1913700,48.27682876586914,0.0
HIG,2019-05-21,53.529998779296875,53.88999938964844,53.459999084472656,53.630001068115234,2014500,48.721981048583984,0.0
HIG,2019-05-22,53.630001068115234,54.279998779296875,53.619998931884766,54.209999084472656,2929300,49.248897552490234,0.0
HIG,2019-05-23,53.83000183105469,53.91999816894531,52.97999954223633,53.31999969482422,2095600,48.44034194946289,0.0
HIG,2019-05-24,53.40999984741211,53.709999084472656,52.959999084472656,53.2400016784668,2484200,48.367671966552734,0.0
HIG,2019-05-28,53.150001525878906,53.369998931884766,52.33000183105469,52.459999084472656,6276500,47.6590461730957,0.0
HIG,2019-05-29,53.0,53.20000076293945,52.47999954223633,53.189998626708984,2804800,48.32224655151367,0.0
HIG,2019-05-30,53.31999969482422,53.650001525878906,52.790000915527344,53.06999969482422,1658300,48.213226318359375,0.0
HIG,2019-05-31,52.45000076293945,52.7400016784668,52.06999969482422,52.65999984741211,2216000,48.11272430419922,0.3
HIG,2019-06-03,52.529998779296875,53.4900016784668,52.47999954223633,53.43000030517578,2436100,48.81623840332031,0.0
HIG,2019-06-04,53.9900016784668,54.02000045776367,53.4900016784668,53.900001525878906,2882700,49.24565505981445,0.0
HIG,2019-06-05,53.900001525878906,54.95000076293945,53.900001525878906,54.95000076293945,2239200,50.204986572265625,0.0
HIG,2019-06-06,54.939998626708984,55.189998626708984,54.75,54.9900016784668,1646500,50.24152755737305,0.0
HIG,2019-06-07,55.040000915527344,55.41999816894531,54.95000076293945,54.970001220703125,1311700,50.22325897216797,0.0
HIG,2019-06-10,55.27000045776367,55.33000183105469,54.66999816894531,54.83000183105469,1308100,50.09534454345703,0.0
HIG,2019-06-11,55.0,55.11000061035156,54.43000030517578,54.689998626708984,1819700,49.967430114746094,0.0
HIG,2019-06-12,54.689998626708984,55.02000045776367,54.349998474121094,54.650001525878906,1578400,49.93088912963867,0.0
HIG,2019-06-13,54.75,54.869998931884766,54.16999816894531,54.5099983215332,1649500,49.802974700927734,0.0
HIG,2019-06-14,54.52000045776367,55.13999938964844,54.41999816894531,54.95000076293945,1606200,50.204986572265625,0.0
HIG,2019-06-17,55.040000915527344,55.040000915527344,54.45000076293945,54.529998779296875,1259500,49.82125473022461,0.0
HIG,2019-06-18,54.47999954223633,55.02000045776367,54.41999816894531,54.97999954223633,2420000,50.232391357421875,0.0
HIG,2019-06-19,55.04999923706055,55.38999938964844,54.939998626708984,55.25,1426100,50.47907638549805,0.0
HIG,2019-06-20,55.45000076293945,55.65999984741211,54.88999938964844,55.630001068115234,2114400,50.82625961303711,0.0
HIG,2019-06-21,55.540000915527344,55.79999923706055,55.36000061035156,55.720001220703125,4135300,50.90848922729492,0.0
HIG,2019-06-24,55.65999984741211,56.099998474121094,55.5,55.689998626708984,2002400,50.881080627441406,0.0
HIG,2019-06-25,55.59000015258789,56.310001373291016,55.59000015258789,56.029998779296875,2678900,51.191715240478516,0.0
HIG,2019-06-26,56.130001068115234,56.130001068115234,54.7400016784668,54.880001068115234,2161500,50.141029357910156,0.0
HIG,2019-06-27,54.880001068115234,55.459999084472656,54.61000061035156,55.400001525878906,2245500,50.616119384765625,0.0
HIG,2019-06-28,55.7400016784668,55.93000030517578,55.43000030517578,55.720001220703125,3479900,50.90848922729492,0.0
HIG,2019-07-01,55.97999954223633,55.9900016784668,55.22999954223633,55.88999938964844,2344800,51.06380844116211,0.0
HIG,2019-07-02,56.0,56.36000061035156,55.77000045776367,56.279998779296875,1854300,51.42013931274414,0.0
HIG,2019-07-03,56.439998626708984,57.22999954223633,56.36000061035156,57.15999984741211,1059900,52.22413635253906,0.0
HIG,2019-07-05,57.16999816894531,57.18000030517578,56.63999938964844,56.95000076293945,1181700,52.03227996826172,0.0
HIG,2019-07-08,56.72999954223633,57.209999084472656,56.68000030517578,57.11000061035156,1850300,52.17845916748047,0.0
HIG,2019-07-09,57.11000061035156,57.189998626708984,56.7400016784668,57.08000183105469,1934300,52.15105438232422,0.0
HIG,2019-07-10,57.11000061035156,57.380001068115234,56.689998626708984,57.16999816894531,1695100,52.2332763671875,0.0
HIG,2019-07-11,57.27000045776367,57.34000015258789,56.47999954223633,56.86000061035156,1582800,51.950050354003906,0.0
HIG,2019-07-12,57.06999969482422,57.540000915527344,56.900001525878906,57.4900016784668,1995600,52.525657653808594,0.0
HIG,2019-07-15,57.68000030517578,57.779998779296875,57.45000076293945,57.720001220703125,1464800,52.73579025268555,0.0
HIG,2019-07-16,57.880001068115234,58.189998626708984,57.779998779296875,58.04999923706055,2292700,53.037288665771484,0.0
HIG,2019-07-17,57.95000076293945,58.08000183105469,57.47999954223633,57.65999984741211,1800800,52.680965423583984,0.0
HIG,2019-07-18,57.709999084472656,58.11000061035156,57.650001525878906,57.900001525878906,1728400,52.900245666503906,0.0
HIG,2019-07-19,58.220001220703125,58.220001220703125,57.099998474121094,57.11000061035156,1962100,52.17845916748047,0.0
HIG,2019-07-22,57.09000015258789,57.4900016784668,56.970001220703125,57.040000915527344,1197800,52.11450958251953,0.0
HIG,2019-07-23,57.02000045776367,57.2400016784668,56.45000076293945,56.900001525878906,1730100,51.986595153808594,0.0
HIG,2019-07-24,56.86000061035156,57.560001373291016,56.75,57.529998779296875,1625400,52.562198638916016,0.0
HIG,2019-07-25,57.56999969482422,57.79999923706055,57.279998779296875,57.630001068115234,1619300,52.653568267822266,0.0
HIG,2019-07-26,57.630001068115234,58.13999938964844,57.47999954223633,58.13999938964844,1519100,53.11952590942383,0.0
HIG,2019-07-29,58.08000183105469,58.2400016784668,57.470001220703125,57.75,1916900,52.76320266723633,0.0
HIG,2019-07-30,57.45000076293945,57.81999969482422,57.2400016784668,57.77000045776367,1489500,52.781471252441406,0.0
HIG,2019-07-31,57.75,58.06999969482422,57.189998626708984,57.630001068115234,2214300,52.653568267822266,0.0
HIG,2019-08-01,57.599998474121094,57.93000030517578,56.220001220703125,56.900001525878906,3023200,51.986595153808594,0.0
HIG,2019-08-02,57.79999923706055,58.5,56.58000183105469,57.47999954223633,3463900,52.51651382446289,0.0
HIG,2019-08-05,57.189998626708984,57.54999923706055,56.04999923706055,56.560001373291016,2953600,51.67595672607422,0.0
HIG,2019-08-06,56.5,57.65999984741211,56.189998626708984,57.619998931884766,2002000,52.64441680908203,0.0
HIG,2019-08-07,57.040000915527344,58.38999938964844,56.5099983215332,58.0099983215332,1947700,53.00074005126953,0.0
HIG,2019-08-08,58.38999938964844,58.90999984741211,58.16999816894531,58.70000076293945,2107800,53.63116455078125,0.0
HIG,2019-08-09,58.75,59.040000915527344,58.400001525878906,58.599998474121094,1402200,53.539794921875,0.0
HIG,2019-08-12,58.349998474121094,58.68000030517578,57.849998474121094,57.970001220703125,1642800,52.96419143676758,0.0
HIG,2019-08-13,57.90999984741211,59.16999816894531,57.880001068115234,58.900001525878906,1533000,53.81389236450195,0.0
HIG,2019-08-14,58.189998626708984,58.63999938964844,57.040000915527344,57.25,2008100,52.306373596191406,0.0
HIG,2019-08-15,57.40999984741211,58.04999923706055,57.18000030517578,57.88999938964844,1461300,52.891109466552734,0.0
HIG,2019-08-16,58.11000061035156,58.650001525878906,57.97999954223633,58.470001220703125,1768900,53.42102813720703,0.0
HIG,2019-08-19,59.0,59.2599983215332,58.7599983215332,59.119998931884766,1258400,54.014892578125,0.0
HIG,2019-08-20,58.88999938964844,59.29999923706055,58.5099983215332,58.540000915527344,1634600,53.48497772216797,0.0
HIG,2019-08-21,58.720001220703125,58.95000076293945,58.45000076293945,58.880001068115234,1436900,53.79561996459961,0.0
HIG,2019-08-22,59.189998626708984,59.68000030517578,59.0099983215332,59.47999954223633,1200600,54.34381103515625,0.0
HIG,2019-08-23,59.36000061035156,59.810001373291016,57.86000061035156,58.099998474121094,1856600,53.082969665527344,0.0
HIG,2019-08-26,58.310001373291016,58.599998474121094,57.959999084472656,58.56999969482422,1086800,53.512386322021484,0.0
HIG,2019-08-27,58.84000015258789,59.099998474121094,58.27000045776367,58.54999923706055,1677000,53.49411392211914,0.0
HIG,2019-08-28,58.29999923706055,58.70000076293945,58.029998779296875,58.40999984741211,1225800,53.3661994934082,0.0
HIG,2019-08-29,58.849998474121094,58.88999938964844,58.220001220703125,58.65999984741211,2438400,53.5946159362793,0.0
HIG,2019-08-30,58.75,58.75,58.060001373291016,58.279998779296875,1843400,53.521148681640625,0.3
HIG,2019-09-03,58.150001525878906,58.88999938964844,58.0,58.849998474121094,1794100,54.04459762573242,0.0
HIG,2019-09-04,59.25,59.7599983215332,58.7400016784668,59.709999084472656,1877000,54.83437728881836,0.0
HIG,2019-09-05,60.2599983215332,60.459999084472656,59.75,59.9900016784668,2182200,55.091514587402344,0.0
HIG,2019-09-06,60.040000915527344,60.77000045776367,59.9900016784668,60.31999969482422,1889800,55.39457321166992,0.0
HIG,2019-09-09,60.68000030517578,60.68000030517578,59.86000061035156,60.29999923706055,1843300,55.37620544433594,0.0
HIG,2019-09-10,60.16999816894531,60.189998626708984,59.130001068115234,59.29999923706055,2259300,54.457855224609375,0.0
HIG,2019-09-11,59.27000045776367,59.349998474121094,58.59000015258789,59.040000915527344,1537900,54.219085693359375,0.0
HIG,2019-09-12,59.29999923706055,60.04999923706055,58.95000076293945,59.93000030517578,1815800,55.03641128540039,0.0
HIG,2019-09-13,60.040000915527344,60.5099983215332,59.689998626708984,60.31999969482422,1897300,55.39457321166992,0.0
HIG,2019-09-16,60.060001373291016,60.22999954223633,59.630001068115234,60.029998779296875,877800,55.12825393676758,0.0
HIG,2019-09-17,59.95000076293945,60.75,59.75,60.72999954223633,1543200,55.77109146118164,0.0
HIG,2019-09-18,60.709999084472656,60.83000183105469,60.33000183105469,60.81999969482422,1396000,55.853736877441406,0.0
HIG,2019-09-19,60.779998779296875,61.22999954223633,60.58000183105469,60.63999938964844,1279000,55.688446044921875,0.0
HIG,2019-09-20,60.790000915527344,60.939998626708984,60.18000030517578,60.439998626708984,2340000,55.5047721862793,0.0
HIG,2019-09-23,60.25,60.5099983215332,60.13999938964844,60.189998626708984,1558800,55.27519226074219,0.0
HIG,2019-09-24,60.34000015258789,60.779998779296875,60.150001525878906,60.54999923706055,2289100,55.605796813964844,0.0
HIG,2019-09-25,60.540000915527344,60.72999954223633,60.16999816894531,60.349998474121094,1792500,55.42211151123047,0.0
HIG,2019-09-26,60.5,60.81999969482422,60.18000030517578,60.61000061035156,1480800,55.66089630126953,0.0
HIG,2019-09-27,60.79999923706055,60.79999923706055,60.099998474121094,60.45000076293945,1464600,55.51395034790039,0.0
HIG,2019-09-30,60.59000015258789,60.72999954223633,60.27000045776367,60.61000061035156,1689000,55.66089630126953,0.0
HIG,2019-10-01,60.7599983215332,60.779998779296875,59.43000030517578,59.45000076293945,1416500,54.595611572265625,0.0
HIG,2019-10-02,59.130001068115234,59.20000076293945,57.86000061035156,58.06999969482422,2067400,53.32829284667969,0.0
HIG,2019-10-03,57.91999816894531,58.2599983215332,57.40999984741211,58.209999084472656,1659200,53.45686340332031,0.0
HIG,2019-10-04,58.25,59.59000015258789,58.18000030517578,59.5099983215332,1274400,54.65070724487305,0.0
HIG,2019-10-07,59.41999816894531,59.529998779296875,58.93000030517578,58.939998626708984,1340700,54.12725067138672,0.0
HIG,2019-10-08,58.56999969482422,58.56999969482422,57.810001373291016,57.81999969482422,2360200,53.09870910644531,0.0
HIG,2019-10-09,58.16999816894531,58.369998931884766,57.720001220703125,58.08000183105469,1389600,53.337486267089844,0.0
HIG,2019-10-10,58.18000030517578,58.77000045776367,58.18000030517578,58.36000061035156,1354900,53.5946159362793,0.0
HIG,2019-10-11,58.95000076293945,59.33000183105469,58.59000015258789,58.63999938964844,2026300,53.85174560546875,0.0
HIG,2019-10-14,58.63999938964844,59.2599983215332,58.560001373291016,59.16999816894531,1525600,54.338478088378906,0.0
HIG,2019-10-15,59.2599983215332,59.72999954223633,59.22999954223633,59.4900016784668,1580600,54.632347106933594,0.0
HIG,2019-10-16,59.33000183105469,59.40999984741211,58.43000030517578,58.900001525878906,2284000,54.09052276611328,0.0
HIG,2019-10-17,59.34000015258789,59.349998474121094,58.310001373291016,58.630001068115234,2592200,53.84257507324219,0.0
HIG,2019-10-18,58.790000915527344,59.33000183105469,58.31999969482422,59.0,2292200,54.182350158691406,0.0
HIG,2019-10-21,59.540000915527344,59.779998779296875,59.209999084472656,59.7599983215332,1237700,54.88029479980469,0.0
HIG,2019-10-22,59.2599983215332,59.459999084472656,57.33000183105469,57.5,2923100,52.80484390258789,0.0
HIG,2019-10-23,57.59000015258789,57.959999084472656,57.459999084472656,57.869998931884766,1817200,53.14461898803711,0.0
HIG,2019-10-24,58.09000015258789,58.220001220703125,57.29999923706055,57.4900016784668,1423600,52.795654296875,0.0
HIG,2019-10-25,57.5,57.540000915527344,56.63999938964844,56.79999923706055,1770900,52.16199493408203,0.0
HIG,2019-10-28,56.959999084472656,57.060001373291016,56.439998626708984,56.459999084472656,2409100,51.84975814819336,0.0
HIG,2019-10-29,56.560001373291016,57.20000076293945,56.369998931884766,56.810001373291016,2289500,52.171180725097656,0.0
HIG,2019-10-30,56.79999923706055,57.209999084472656,56.43000030517578,56.939998626708984,1663500,52.290565490722656,0.0
HIG,2019-10-31,56.86000061035156,57.08000183105469,56.40999984741211,57.08000183105469,1654100,52.41913986206055,0.0
HIG,2019-11-01,57.310001373291016,57.59000015258789,57.060001373291016,57.52000045776367,1475100,52.823211669921875,0.0
HIG,2019-11-04,57.70000076293945,57.970001220703125,57.29999923706055,57.529998779296875,2523000,52.832393646240234,0.0
HIG,2019-11-05,59.33000183105469,61.220001220703125,59.22999954223633,60.38999938964844,5432200,55.45885467529297,0.0
HIG,2019-11-06,60.369998931884766,61.099998474121094,59.540000915527344,61.08000183105469,2757400,56.0925178527832,0.0
HIG,2019-11-07,61.13999938964844,61.630001068115234,60.86000061035156,61.0,2051300,56.0190544128418,0.0
HIG,2019-11-08,60.97999954223633,61.16999816894531,60.63999938964844,61.09000015258789,2338300,56.10169982910156,0.0
HIG,2019-11-11,60.7599983215332,61.75,60.70000076293945,61.349998474121094,1714600,56.34046173095703,0.0
HIG,2019-11-12,61.34000015258789,61.70000076293945,61.099998474121094,61.650001525878906,1781300,56.61597442626953,0.0
HIG,2019-11-13,61.34000015258789,61.720001220703125,61.130001068115234,61.4900016784668,1429400,56.46903610229492,0.0
HIG,2019-11-14,61.5099983215332,61.720001220703125,61.279998779296875,61.619998931884766,1205500,56.588417053222656,0.0
HIG,2019-11-15,61.90999984741211,62.06999969482422,61.689998626708984,62.0,2519500,56.93739318847656,0.0
HIG,2019-11-18,61.81999969482422,62.060001373291016,61.77000045776367,62.029998779296875,1478800,56.964942932128906,0.0
HIG,2019-11-19,61.93000030517578,62.5,61.91999816894531,62.150001525878906,1848700,57.07514572143555,0.0
HIG,2019-11-20,61.97999954223633,62.04999923706055,61.47999954223633,61.900001525878906,1624300,56.845550537109375,0.0
HIG,2019-11-21,61.90999984741211,61.95000076293945,61.369998931884766,61.630001068115234,1390300,56.59760665893555,0.0
HIG,2019-11-22,61.68000030517578,61.93000030517578,61.400001525878906,61.59000015258789,1307400,56.56086730957031,0.0
HIG,2019-11-25,61.72999954223633,62.08000183105469,61.72999954223633,61.849998474121094,1315300,56.79964065551758,0.0
HIG,2019-11-26,62.0,62.599998474121094,61.779998779296875,62.59000015258789,4414200,57.479217529296875,0.0
HIG,2019-11-27,62.66999816894531,62.75,62.25,62.52000045776367,1584200,57.4149284362793,0.0
HIG,2019-11-29,62.15999984741211,62.36000061035156,61.7400016784668,61.86000061035156,903900,57.082733154296875,0.3
HIG,2019-12-02,61.970001220703125,62.06999969482422,61.41999816894531,61.45000076293945,1489700,56.704402923583984,0.0
HIG,2019-12-03,61.09000015258789,61.119998931884766,60.2400016784668,60.29999923706055,2121900,55.64320755004883,0.0
HIG,2019-12-04,60.06999969482422,61.16999816894531,60.06999969482422,60.79999923706055,1377200,56.104591369628906,0.0
HIG,2019-12-05,60.29999923706055,60.86000061035156,60.29999923706055,60.52000045776367,1603900,55.846214294433594,0.0
HIG,2019-12-06,60.91999816894531,61.150001525878906,60.63999938964844,60.84000015258789,1758600,56.141502380371094,0.0
HIG,2019-12-09,60.83000183105469,61.220001220703125,60.630001068115234,61.040000915527344,1577600,56.32605743408203,0.0
HIG,2019-12-10,61.08000183105469,61.36000061035156,60.880001068115234,61.16999816894531,1365500,56.44601821899414,0.0
HIG,2019-12-11,61.09000015258789,61.31999969482422,60.84000015258789,60.91999816894531,1642800,56.21532440185547,0.0
HIG,2019-12-12,60.90999984741211,61.689998626708984,60.84000015258789,61.279998779296875,1485500,56.547523498535156,0.0
HIG,2019-12-13,60.95000076293945,61.400001525878906,60.7400016784668,61.06999969482422,1234800,56.35374069213867,0.0
HIG,2019-12-16,61.41999816894531,61.63999938964844,60.810001373291016,61.060001373291016,1745000,56.34451675415039,0.0
HIG,2019-12-17,61.099998474121094,61.599998474121094,60.849998474121094,60.88999938964844,2260200,56.18764877319336,0.0
HIG,2019-12-18,61.060001373291016,61.310001373291016,60.63999938964844,60.90999984741211,1926700,56.20609664916992,0.0
HIG,2019-12-19,60.77000045776367,61.08000183105469,60.5,60.779998779296875,1724900,56.08613967895508,0.0
HIG,2019-12-20,61.290000915527344,61.45000076293945,60.79999923706055,60.90999984741211,2973600,56.20609664916992,0.0
HIG,2019-12-23,61.04999923706055,61.04999923706055,59.88999938964844,60.099998474121094,1421100,55.458648681640625,0.0
HIG,2019-12-24,60.029998779296875,60.18000030517578,59.93000030517578,60.060001373291016,495300,55.4217414855957,0.0
HIG,2019-12-26,60.369998931884766,60.540000915527344,60.06999969482422,60.27000045776367,1254200,55.61552047729492,0.0
HIG,2019-12-27,60.369998931884766,60.68000030517578,60.2400016784668,60.560001373291016,965500,55.88313674926758,0.0
HIG,2019-12-30,60.70000076293945,60.75,60.439998626708984,60.689998626708984,771300,56.003082275390625,0.0
HIG,2019-12-31,60.599998474121094,60.869998931884766,60.45000076293945,60.77000045776367,1106200,56.07691192626953,0.0
HIG,2020-01-02,60.959999084472656,61.0099983215332,60.22999954223633,60.95000076293945,1612000,56.24301528930664,0.0
HIG,2020-01-03,60.29999923706055,60.77000045776367,60.290000915527344,60.63999938964844,1326800,55.95695114135742,0.0
HIG,2020-01-06,60.52000045776367,60.83000183105469,60.31999969482422,60.47999954223633,2050400,55.80931091308594,0.0
HIG,2020-01-07,60.09000015258789,60.4900016784668,59.84000015258789,59.939998626708984,1413900,55.311004638671875,0.0
HIG,2020-01-08,60.060001373291016,60.83000183105469,59.939998626708984,60.2599983215332,1656100,55.606292724609375,0.0
HIG,2020-01-09,60.5099983215332,60.630001068115234,60.11000061035156,60.619998931884766,1774900,55.93849563598633,0.0
HIG,2020-01-10,60.599998474121094,60.619998931884766,59.7400016784668,59.7599983215332,2479800,55.14490509033203,0.0
HIG,2020-01-13,59.81999969482422,59.97999954223633,59.130001068115234,59.5,2715500,54.90498733520508,0.0
HIG,2020-01-14,59.38999938964844,60.22999954223633,59.349998474121094,59.7599983215332,2348600,55.14490509033203,0.0
HIG,2020-01-15,59.560001373291016,60.04999923706055,59.540000915527344,59.599998474121094,1639800,54.997257232666016,0.0
HIG,2020-01-16,59.83000183105469,60.470001220703125,59.83000183105469,60.27000045776367,2772500,55.61552047729492,0.0
HIG,2020-01-17,60.54999923706055,61.220001220703125,60.529998779296875,61.220001220703125,2080500,56.49216079711914,0.0
HIG,2020-01-21,61.060001373291016,61.31999969482422,60.38999938964844,60.4900016784668,1460000,55.81853485107422,0.0
HIG,2020-01-22,60.4900016784668,60.4900016784668,59.58000183105469,59.900001525878906,2218500,55.27410125732422,0.0
HIG,2020-01-23,59.29999923706055,59.310001373291016,58.380001068115234,58.810001373291016,2668400,54.26827621459961,0.0
HIG,2020-01-24,58.810001373291016,59.04999923706055,58.4900016784668,58.97999954223633,2077800,54.425148010253906,0.0
HIG,2020-01-27,58.2400016784668,58.77000045776367,58.060001373291016,58.09000015258789,2261700,53.603878021240234,0.0
HIG,2020-01-28,58.22999954223633,58.959999084472656,58.150001525878906,58.68000030517578,2653800,54.1483154296875,0.0
HIG,2020-01-29,58.84000015258789,59.0099983215332,58.33000183105469,58.52000045776367,1585800,54.00067138671875,0.0
HIG,2020-01-30,58.22999954223633,59.63999938964844,58.060001373291016,59.52000045776367,2759500,54.92344284057617,0.0
HIG,2020-01-31,59.20000076293945,59.63999938964844,58.90999984741211,59.279998779296875,2946600,54.70198059082031,0.0
HIG,2020-02-03,59.56999969482422,60.40999984741211,59.40999984741211,60.13999938964844,2855500,55.49556350708008,0.0
HIG,2020-02-04,59.38999938964844,60.25,57.68000030517578,57.720001220703125,4980000,53.262454986572266,0.0
HIG,2020-02-05,58.220001220703125,59.810001373291016,58.16999816894531,59.40999984741211,2841200,54.82194900512695,0.0
HIG,2020-02-06,59.599998474121094,59.90999984741211,59.20000076293945,59.619998931884766,2142600,55.01572036743164,0.0
HIG,2020-02-07,59.43000030517578,59.91999816894531,59.20000076293945,59.810001373291016,2156400,55.1910514831543,0.0
HIG,2020-02-10,59.790000915527344,59.869998931884766,58.72999954223633,59.0,2967500,54.44359588623047,0.0
HIG,2020-02-11,59.11000061035156,59.75,58.970001220703125,59.47999954223633,1750100,54.886539459228516,0.0
HIG,2020-02-12,59.599998474121094,59.90999984741211,58.900001525878906,58.900001525878906,1927200,54.35132598876953,0.0
HIG,2020-02-13,58.93000030517578,59.33000183105469,58.61000061035156,59.2400016784668,1457400,54.665061950683594,0.0
HIG,2020-02-14,59.16999816894531,59.43000030517578,58.779998779296875,59.099998474121094,2059800,54.53588104248047,0.0
HIG,2020-02-18,58.79999923706055,58.95000076293945,58.040000915527344,58.529998779296875,2071200,54.0098876953125,0.0
HIG,2020-02-19,58.70000076293945,58.709999084472656,58.060001373291016,58.09000015258789,1587600,53.603878021240234,0.0
HIG,2020-02-20,57.88999938964844,58.11000061035156,57.34000015258789,58.08000183105469,2048900,53.59465789794922,0.0
HIG,2020-02-21,57.90999984741211,58.310001373291016,57.72999954223633,58.04999923706055,2380300,53.56697463989258,0.0
HIG,2020-02-24,57.16999816894531,57.81999969482422,56.369998931884766,56.59000015258789,1988400,52.21971893310547,0.0
HIG,2020-02-25,56.63999938964844,56.77000045776367,55.040000915527344,55.27000045776367,2534400,51.00165557861328,0.0
HIG,2020-02-26,55.54999923706055,55.88999938964844,54.439998626708984,54.45000076293945,2869800,50.24497985839844,0.0
HIG,2020-02-27,53.86000061035156,54.47999954223633,51.959999084472656,51.959999084472656,3371000,47.9472770690918,0.0
HIG,2020-02-28,50.439998626708984,51.060001373291016,48.93000030517578,49.95000076293945,4905100,46.38261795043945,0.325
HIG,2020-03-02,50.119998931884766,53.119998931884766,49.91999816894531,53.119998931884766,3819400,49.32622146606445,0.0
HIG,2020-03-03,54.189998626708984,54.22999954223633,50.91999816894531,51.58000183105469,3937800,47.896209716796875,0.0
HIG,2020-03-04,52.529998779296875,54.06999969482422,51.7599983215332,53.900001525878906,2835600,50.050514221191406,0.0
HIG,2020-03-05,52.04999923706055,52.75,51.08000183105469,51.70000076293945,2488500,48.00764083862305,0.0
HIG,2020-03-06,49.7599983215332,51.209999084472656,49.59000015258789,50.959999084472656,2803900,47.32048797607422,0.0
HIG,2020-03-09,47.45000076293945,48.04999923706055,45.279998779296875,46.619998931884766,2911500,43.290443420410156,0.0
HIG,2020-03-10,48.540000915527344,48.84000015258789,46.40999984741211,48.29999923706055,2534200,44.8504638671875,0.0
HIG,2020-03-11,46.68000030517578,47.029998779296875,44.2400016784668,45.130001068115234,3443500,41.9068603515625,0.0
HIG,2020-03-12,41.97999954223633,43.5,36.56999969482422,40.18000030517578,3921200,37.310386657714844,0.0
HIG,2020-03-13,42.59000015258789,43.02000045776367,38.540000915527344,42.52000045776367,4190600,39.48326873779297,0.0
HIG,2020-03-16,36.5,37.119998931884766,32.349998474121094,33.5,6291700,31.10746192932129,0.0
HIG,2020-03-17,34.459999084472656,35.36000061035156,30.90999984741211,33.310001373291016,7305500,30.931039810180664,0.0
HIG,2020-03-18,31.209999084472656,31.209999084472656,19.040000915527344,26.25,8205700,24.3752498626709,0.0
HIG,2020-03-19,25.979999542236328,34.2400016784668,25.43000030517578,33.52000045776367,7880300,31.126033782958984,0.0
HIG,2020-03-20,34.11000061035156,35.31999969482422,31.219999313354492,31.270000457763672,6196100,29.036724090576172,0.0
HIG,2020-03-23,31.43000030517578,31.639999389648438,28.84000015258789,30.709999084472656,4187400,28.5167236328125,0.0
HIG,2020-03-24,31.31999969482422,34.709999084472656,31.209999084472656,34.630001068115234,4384700,32.156768798828125,0.0
HIG,2020-03-25,34.47999954223633,35.70000076293945,31.540000915527344,33.209999084472656,5510700,30.838172912597656,0.0
HIG,2020-03-26,33.70000076293945,35.119998931884766,32.400001525878906,34.939998626708984,5248800,32.444618225097656,0.0
HIG,2020-03-27,33.5,36.36000061035156,32.08000183105469,35.130001068115234,4686500,32.62104797363281,0.0
HIG,2020-03-30,34.970001220703125,36.40999984741211,33.0,35.84000015258789,3366600,33.28034591674805,0.0
HIG,2020-03-31,35.29999923706055,35.72999954223633,34.75,35.2400016784668,3949600,32.72319030761719,0.0
HIG,2020-04-01,34.09000015258789,34.72999954223633,33.22999954223633,33.459999084472656,4283900,31.070316314697266,0.0
HIG,2020-04-02,33.15999984741211,34.86000061035156,32.790000915527344,33.27000045776367,4423700,30.893892288208008,0.0
HIG,2020-04-03,32.900001525878906,33.310001373291016,32.02000045776367,32.150001525878906,3300700,29.8538818359375,0.0
HIG,2020-04-06,34.04999923706055,34.27000045776367,32.72999954223633,33.95000076293945,4111900,31.52532386779785,0.0
HIG,2020-04-07,36.0,37.63999938964844,35.16999816894531,36.91999816894531,6481600,34.28321075439453,0.0
HIG,2020-04-08,37.27000045776367,39.369998931884766,37.25,38.70000076293945,4295400,35.93608474731445,0.0
HIG,2020-04-09,39.7400016784668,42.04999923706055,39.720001220703125,41.880001068115234,4670700,38.888973236083984,0.0
HIG,2020-04-13,41.72999954223633,41.75,40.20000076293945,40.93000030517578,3109900,38.00681686401367,0.0
HIG,2020-04-14,41.900001525878906,42.900001525878906,40.81999969482422,41.22999954223633,3887800,38.285396575927734,0.0
HIG,2020-04-15,39.369998931884766,39.83000183105469,38.54999923706055,38.72999954223633,3217900,35.96393966674805,0.0
HIG,2020-04-16,38.459999084472656,38.689998626708984,37.33000183105469,37.41999816894531,4115700,34.747501373291016,0.0
HIG,2020-04-17,39.04999923706055,40.25,38.959999084472656,40.0099983215332,3062700,37.152530670166016,0.0
HIG,2020-04-20,38.810001373291016,39.310001373291016,38.029998779296875,38.63999938964844,1756300,35.880367279052734,0.0
HIG,2020-04-21,37.029998779296875,38.06999969482422,36.65999984741211,36.7599983215332,2709200,34.13463592529297,0.0
HIG,2020-04-22,37.7400016784668,37.7400016784668,35.65999984741211,35.68000030517578,3066200,33.13177490234375,0.0
HIG,2020-04-23,36.18000030517578,36.939998626708984,35.7400016784668,35.93000030517578,2370800,33.36391067504883,0.0
HIG,2020-04-24,36.209999084472656,36.41999816894531,35.38999938964844,36.040000915527344,2819400,33.46605682373047,0.0
HIG,2020-04-27,36.02000045776367,38.31999969482422,36.02000045776367,38.029998779296875,2666600,35.31393051147461,0.0
HIG,2020-04-28,39.279998779296875,40.66999816894531,38.439998626708984,39.34000015258789,4165500,36.530372619628906,0.0
HIG,2020-04-29,40.54999923706055,41.5,39.869998931884766,41.150001525878906,3658300,38.21111297607422,0.0
HIG,2020-04-30,37.209999084472656,40.84000015258789,36.630001068115234,37.9900016784668,4924600,35.276790618896484,0.0
HIG,2020-05-01,36.810001373291016,37.2400016784668,35.5099983215332,35.689998626708984,2820800,33.14105987548828,0.0
HIG,2020-05-04,35.22999954223633,35.529998779296875,34.2599983215332,35.38999938964844,3513900,32.86248016357422,0.0
HIG,2020-05-05,35.7400016784668,36.560001373291016,35.150001525878906,35.15999984741211,3239600,32.64890670776367,0.0
HIG,2020-05-06,35.41999816894531,35.529998779296875,33.47999954223633,33.529998779296875,2335500,31.13532257080078,0.0
HIG,2020-05-07,34.029998779296875,35.689998626708984,34.029998779296875,34.90999984741211,2628000,32.41675567626953,0.0
HIG,2020-05-08,35.709999084472656,36.459999084472656,35.220001220703125,36.349998474121094,2099900,33.7539176940918,0.0
HIG,2020-05-11,36.09000015258789,36.09000015258789,34.630001068115234,34.93000030517578,2879800,32.43532943725586,0.0
HIG,2020-05-12,35.040000915527344,35.630001068115234,34.130001068115234,34.150001525878906,2899500,31.71104621887207,0.0
HIG,2020-05-13,33.63999938964844,33.849998474121094,31.899999618530273,32.06999969482422,3783600,29.779592514038086,0.0
HIG,2020-05-14,31.56999969482422,33.34000015258789,30.270000457763672,33.29999923706055,3599200,30.9217472076416,0.0
HIG,2020-05-15,33.0,33.439998626708984,32.31999969482422,33.25,4531700,30.87531280517578,0.0
HIG,2020-05-18,35.119998931884766,35.72999954223633,34.66999816894531,35.25,3159500,32.73248291015625,0.0
HIG,2020-05-19,34.91999816894531,35.20000076293945,34.130001068115234,34.34000015258789,2041400,31.887475967407227,0.0
HIG,2020-05-20,34.81999969482422,35.63999938964844,34.540000915527344,35.0099983215332,2303100,32.50962448120117,0.0
HIG,2020-05-21,35.0099983215332,37.29999923706055,35.0,37.11000061035156,4453700,34.45964050292969,0.0
HIG,2020-05-22,37.2599983215332,37.630001068115234,36.400001525878906,36.9900016784668,3959700,34.34821701049805,0.0
HIG,2020-05-26,38.86000061035156,39.540000915527344,38.5,38.61000061035156,3079800,35.85251235961914,0.0
HIG,2020-05-27,40.20000076293945,40.25,38.529998779296875,39.27000045776367,2863500,36.46537399291992,0.0
HIG,2020-05-28,39.689998626708984,39.83000183105469,38.40999984741211,39.22999954223633,3161400,36.4282341003418,0.0
HIG,2020-05-29,38.33000183105469,39.33000183105469,37.79999923706055,38.290000915527344,7541500,35.85238265991211,0.325
HIG,2020-06-01,38.599998474121094,39.150001525878906,37.90999984741211,38.869998931884766,3344100,36.39545822143555,0.0
HIG,2020-06-02,39.220001220703125,40.619998931884766,38.810001373291016,40.40999984741211,3237200,37.83741760253906,0.0
HIG,2020-06-03,41.439998626708984,42.900001525878906,41.119998931884766,42.08000183105469,5740500,39.40110778808594,0.0
HIG,2020-06-04,41.849998474121094,44.290000915527344,41.56999969482422,44.279998779296875,3732800,41.4610481262207,0.0
HIG,2020-06-05,47.61000061035156,48.59000015258789,46.130001068115234,46.66999816894531,4167900,43.69889831542969,0.0
HIG,2020-06-08,47.15999984741211,48.02000045776367,45.9900016784668,46.63999938964844,3751600,43.670806884765625,0.0
HIG,2020-06-09,45.0,45.34000015258789,44.2599983215332,44.97999954223633,2381100,42.11648178100586,0.0
HIG,2020-06-10,44.68000030517578,44.68000030517578,42.66999816894531,42.900001525878906,3515600,40.16890335083008,0.0
HIG,2020-06-11,40.099998474121094,41.099998474121094,38.939998626708984,39.09000015258789,3096900,36.6014518737793,0.0
HIG,2020-06-12,41.189998626708984,41.279998779296875,38.84000015258789,40.029998779296875,2229500,37.48161315917969,0.0
HIG,2020-06-15,38.33000183105469,41.130001068115234,37.849998474121094,40.86000061035156,2724100,38.25877380371094,0.0
HIG,2020-06-16,42.81999969482422,43.0,40.90999984741211,41.4900016784668,2636200,38.848663330078125,0.0
HIG,2020-06-17,41.34000015258789,42.040000915527344,40.91999816894531,41.06999969482422,2271400,38.45540237426758,0.0
HIG,2020-06-18,40.47999954223633,41.529998779296875,40.20000076293945,41.209999084472656,2004300,38.586490631103516,0.0
HIG,2020-06-19,42.2400016784668,42.279998779296875,39.869998931884766,39.97999954223633,9045100,37.4348030090332,0.0
HIG,2020-06-22,39.400001525878906,39.52000045776367,38.7400016784668,39.130001068115234,3470100,36.6389045715332,0.0
HIG,2020-06-23,39.880001068115234,40.099998474121094,39.4900016784668,39.5099983215332,2120800,36.994720458984375,0.0
HIG,2020-06-24,38.77000045776367,38.93000030517578,37.470001220703125,37.86000061035156,2195300,35.44976043701172,0.0
HIG,2020-06-25,37.459999084472656,38.619998931884766,37.279998779296875,38.36000061035156,2370000,35.917930603027344,0.0
HIG,2020-06-26,37.790000915527344,38.060001373291016,37.0099983215332,37.439998626708984,3414600,35.05649185180664,0.0
HIG,2020-06-29,38.029998779296875,38.529998779296875,37.439998626708984,38.33000183105469,1919800,35.88984298706055,0.0
HIG,2020-06-30,38.13999938964844,39.02000045776367,38.13999938964844,38.54999923706055,2473300,36.0958366394043,0.0
HIG,2020-07-01,38.5099983215332,39.029998779296875,37.4900016784668,37.70000076293945,1970400,35.2999382019043,0.0
HIG,2020-07-02,38.720001220703125,39.060001373291016,37.349998474121094,37.5,2049400,35.11267852783203,0.0
HIG,2020-07-06,38.61000061035156,38.900001525878906,37.83000183105469,38.29999923706055,1456400,35.86174392700195,0.0
HIG,2020-07-07,37.84000015258789,38.0099983215332,37.06999969482422,37.18000030517578,2379400,34.81304931640625,0.0
HIG,2020-07-08,37.060001373291016,37.900001525878906,36.93000030517578,37.650001525878906,1672600,35.25313186645508,0.0
HIG,2020-07-09,37.470001220703125,37.560001373291016,35.70000076293945,35.810001373291016,1702100,33.530269622802734,0.0
HIG,2020-07-10,35.939998626708984,37.560001373291016,35.79999923706055,37.40999984741211,1932000,35.028404235839844,0.0
HIG,2020-07-13,37.75,38.279998779296875,36.630001068115234,37.599998474121094,2265700,35.20630645751953,0.0
HIG,2020-07-14,37.7599983215332,38.849998474121094,37.290000915527344,38.7400016784668,1926600,36.27373504638672,0.0
HIG,2020-07-15,39.939998626708984,40.599998474121094,39.5,40.40999984741211,2732400,37.83741760253906,0.0
HIG,2020-07-16,41.18000030517578,43.119998931884766,40.7599983215332,42.310001373291016,3260500,39.616458892822266,0.0
HIG,2020-07-17,42.290000915527344,42.369998931884766,41.45000076293945,41.95000076293945,2265300,39.279380798339844,0.0
HIG,2020-07-20,41.88999938964844,41.88999938964844,40.83000183105469,41.09000015258789,1810500,38.4741325378418,0.0
HIG,2020-07-21,41.43000030517578,42.34000015258789,41.43000030517578,41.63999938964844,1485100,38.98912048339844,0.0
HIG,2020-07-22,41.15999984741211,42.400001525878906,40.91999816894531,42.119998931884766,1396000,39.438568115234375,0.0
HIG,2020-07-23,41.779998779296875,42.5099983215332,41.36000061035156,42.400001525878906,1913800,39.70073318481445,0.0
HIG,2020-07-24,42.439998626708984,42.66999816894531,41.29999923706055,41.47999954223633,1888700,38.83930206298828,0.0
HIG,2020-07-27,41.209999084472656,41.22999954223633,40.290000915527344,40.84000015258789,1770600,38.24003982543945,0.0
HIG,2020-07-28,40.54999923706055,40.9900016784668,40.349998474121094,40.45000076293945,1479900,37.8748779296875,0.0
HIG,2020-07-29,40.41999816894531,41.56999969482422,40.060001373291016,41.439998626708984,1539600,38.80184555053711,0.0
HIG,2020-07-30,40.279998779296875,40.81999969482422,39.83000183105469,40.5,1574000,37.921695709228516,0.0
HIG,2020-07-31,42.0,42.79999923706055,40.779998779296875,42.31999969482422,4126500,39.62582015991211,0.0
HIG,2020-08-03,42.29999923706055,42.86000061035156,41.66999816894531,42.0,3207200,39.32619857788086,0.0
HIG,2020-08-04,41.83000183105469,41.95000076293945,40.5099983215332,40.56999969482422,2641600,37.987239837646484,0.0
HIG,2020-08-05,41.040000915527344,42.33000183105469,40.959999084472656,42.029998779296875,2177500,39.35428237915039,0.0
HIG,2020-08-06,41.58000183105469,42.47999954223633,41.380001068115234,41.58000183105469,1775100,38.93293762207031,0.0
HIG,2020-08-07,41.380001068115234,42.86000061035156,41.09000015258789,42.79999923706055,1345100,40.075260162353516,0.0
HIG,2020-08-10,42.900001525878906,43.77000045776367,42.810001373291016,43.65999984741211,1610900,40.880516052246094,0.0
HIG,2020-08-11,44.79999923706055,45.689998626708984,43.7599983215332,43.81999969482422,2696600,41.03033447265625,0.0
HIG,2020-08-12,44.599998474121094,44.599998474121094,42.279998779296875,42.79999923706055,2364300,40.075260162353516,0.0
HIG,2020-08-13,42.29999923706055,42.47999954223633,41.529998779296875,42.459999084472656,2797100,39.75690841674805,0.0
HIG,2020-08-14,42.13999938964844,43.20000076293945,41.97999954223633,42.810001373291016,2060300,40.08463668823242,0.0
HIG,2020-08-17,42.58000183105469,42.63999938964844,41.709999084472656,41.83000183105469,1551200,39.16702651977539,0.0
HIG,2020-08-18,41.91999816894531,42.130001068115234,41.189998626708984,41.279998779296875,1082500,38.652034759521484,0.0
HIG,2020-08-19,41.22999954223633,41.93000030517578,40.72999954223633,40.790000915527344,1214900,38.19322967529297,0.0
HIG,2020-08-20,40.310001373291016,40.709999084472656,40.20000076293945,40.290000915527344,1538800,37.72506332397461,0.0
HIG,2020-08-21,40.2599983215332,40.439998626708984,39.7400016784668,39.849998474121094,1418500,37.31306838989258,0.0
HIG,2020-08-24,40.02000045776367,41.90999984741211,39.720001220703125,41.349998474121094,3080600,38.717567443847656,0.0
HIG,2020-08-25,41.970001220703125,42.43000030517578,41.380001068115234,41.52000045776367,2706800,38.87675476074219,0.0
HIG,2020-08-26,41.459999084472656,41.459999084472656,40.220001220703125,40.459999084472656,1762900,37.884239196777344,0.0
HIG,2020-08-27,41.0,42.66999816894531,40.939998626708984,41.4900016784668,2170800,38.848663330078125,0.0
HIG,2020-08-28,41.95000076293945,42.06999969482422,41.150001525878906,41.5099983215332,1645200,38.867393493652344,0.0
HIG,2020-08-31,40.970001220703125,40.970001220703125,40.02000045776367,40.45000076293945,2092600,38.17375946044922,0.325
HIG,2020-09-01,40.13999938964844,41.040000915527344,39.83000183105469,41.040000915527344,1754100,38.730552673339844,0.0
HIG,2020-09-02,40.9900016784668,41.70000076293945,40.220001220703125,41.560001373291016,2023700,39.22128677368164,0.0
HIG,2020-09-03,41.97999954223633,43.09000015258789,40.630001068115234,41.029998779296875,1748400,38.72111511230469,0.0
HIG,2020-09-04,42.040000915527344,42.04999923706055,40.47999954223633,40.939998626708984,1473300,38.63617706298828,0.0
HIG,2020-09-08,40.560001373291016,40.68000030517578,39.18000030517578,39.54999923706055,2144100,37.32440185546875,0.0
HIG,2020-09-09,39.91999816894531,40.34000015258789,39.310001373291016,39.47999954223633,3001800,37.25833511352539,0.0
HIG,2020-09-10,39.54999923706055,39.90999984741211,38.68000030517578,38.900001525878906,2586500,36.71097946166992,0.0
HIG,2020-09-11,38.849998474121094,38.91999816894531,38.18000030517578,38.63999938964844,1718600,36.46560287475586,0.0
HIG,2020-09-14,38.9900016784668,39.58000183105469,38.83000183105469,38.88999938964844,1853200,36.7015380859375,0.0
HIG,2020-09-15,38.66999816894531,38.959999084472656,37.439998626708984,37.47999954223633,3239700,35.37088394165039,0.0
HIG,2020-09-16,37.720001220703125,38.529998779296875,37.25,38.13999938964844,3382600,35.99374008178711,0.0
HIG,2020-09-17,37.529998779296875,38.029998779296875,37.16999816894531,37.650001525878906,3415200,35.53131866455078,0.0
HIG,2020-09-18,37.4900016784668,38.18000030517578,37.189998626708984,37.25,3399600,35.15382766723633,0.0
HIG,2020-09-21,36.040000915527344,36.869998931884766,35.58000183105469,36.2400016784668,2355600,34.20066833496094,0.0
HIG,2020-09-22,36.150001525878906,36.70000076293945,35.380001068115234,35.84000015258789,3977900,33.823177337646484,0.0
HIG,2020-09-23,35.97999954223633,36.54999923706055,35.2599983215332,35.290000915527344,3339800,33.30412292480469,0.0
HIG,2020-09-24,35.25,35.97999954223633,34.689998626708984,35.40999984741211,2614100,33.41737365722656,0.0
HIG,2020-09-25,35.029998779296875,35.939998626708984,34.959999084472656,35.79999923706055,1737300,33.785423278808594,0.0
HIG,2020-09-28,36.599998474121094,37.38999938964844,36.529998779296875,36.880001068115234,1928200,34.804649353027344,0.0
HIG,2020-09-29,36.68000030517578,36.7599983215332,35.619998931884766,36.529998779296875,1872500,34.47433853149414,0.0
HIG,2020-09-30,36.81999969482422,37.27000045776367,36.47999954223633,36.86000061035156,2773400,34.7857780456543,0.0
HIG,2020-10-01,36.88999938964844,37.220001220703125,36.279998779296875,36.77000045776367,1675100,34.70083999633789,0.0
HIG,2020-10-02,36.13999938964844,37.83000183105469,36.099998474121094,37.560001373291016,2299900,35.446388244628906,0.0
HIG,2020-10-05,38.779998779296875,39.630001068115234,38.56999969482422,39.22999954223633,3406200,37.02240753173828,0.0
HIG,2020-10-06,39.400001525878906,39.630001068115234,37.869998931884766,37.90999984741211,2566400,35.77668762207031,0.0
HIG,2020-10-07,38.29999923706055,38.93000030517578,37.88999938964844,37.95000076293945,2534200,35.814430236816406,0.0
HIG,2020-10-08,38.31999969482422,39.36000061035156,38.04999923706055,39.33000183105469,2886700,37.11678695678711,0.0
HIG,2020-10-09,39.38999938964844,39.470001220703125,38.52000045776367,38.61000061035156,3215400,36.43729782104492,0.0
HIG,2020-10-12,38.59000015258789,39.209999084472656,38.38999938964844,39.040000915527344,1407100,36.843101501464844,0.0
HIG,2020-10-13,38.810001373291016,38.810001373291016,37.61000061035156,37.7400016784668,1608300,35.61625289916992,0.0
HIG,2020-10-14,37.7400016784668,38.54999923706055,37.38999938964844,37.41999816894531,1318200,35.31426239013672,0.0
HIG,2020-10-15,36.93000030517578,38.08000183105469,36.900001525878906,37.83000183105469,1440000,35.70119094848633,0.0
HIG,2020-10-16,37.84000015258789,38.41999816894531,37.5,37.70000076293945,1541900,35.57849884033203,0.0
HIG,2020-10-19,37.86000061035156,38.209999084472656,37.130001068115234,37.189998626708984,1616800,35.097198486328125,0.0
HIG,2020-10-20,37.720001220703125,38.68000030517578,37.56999969482422,38.38999938964844,2292100,36.229679107666016,0.0
HIG,2020-10-21,38.15999984741211,40.689998626708984,38.08000183105469,40.400001525878906,4293500,38.12657165527344,0.0
HIG,2020-10-22,38.900001525878906,40.099998474121094,38.029998779296875,39.970001220703125,4095300,37.720767974853516,0.0
HIG,2020-10-23,40.470001220703125,40.880001068115234,39.77000045776367,40.61000061035156,1447700,38.32474899291992,0.0
HIG,2020-10-26,39.97999954223633,40.06999969482422,38.52000045776367,39.0,2856400,36.80534744262695,0.0
HIG,2020-10-27,39.0,39.099998474121094,37.439998626708984,37.560001373291016,2552600,35.446388244628906,0.0
HIG,2020-10-28,36.869998931884766,37.790000915527344,36.619998931884766,37.349998474121094,3011900,35.24820327758789,0.0
HIG,2020-10-29,37.290000915527344,38.849998474121094,36.77000045776367,38.689998626708984,2973700,36.512786865234375,0.0
HIG,2020-10-30,38.11000061035156,39.709999084472656,37.9900016784668,38.52000045776367,3732600,36.35236358642578,0.0
HIG,2020-11-02,39.369998931884766,39.619998931884766,38.43000030517578,39.34000015258789,2606600,37.126216888427734,0.0
HIG,2020-11-03,39.95000076293945,40.400001525878906,39.470001220703125,39.52000045776367,2640900,37.29608917236328,0.0
HIG,2020-11-04,38.7599983215332,39.31999969482422,37.869998931884766,38.209999084472656,2923100,36.0598030090332,0.0
HIG,2020-11-05,38.779998779296875,40.45000076293945,38.65999984741211,39.939998626708984,2884400,37.692447662353516,0.0
HIG,2020-11-06,40.16999816894531,40.54999923706055,39.29999923706055,39.400001525878906,2677200,37.182838439941406,0.0
HIG,2020-11-09,43.290000915527344,46.34000015258789,43.290000915527344,44.869998931884766,4445300,42.34502029418945,0.0
HIG,2020-11-10,45.15999984741211,46.27000045776367,44.810001373291016,45.81999969482422,2400200,43.2415657043457,0.0
HIG,2020-11-11,45.939998626708984,45.939998626708984,44.599998474121094,45.209999084472656,1386800,42.6658935546875,0.0
HIG,2020-11-12,44.459999084472656,45.310001373291016,44.11000061035156,44.72999954223633,1678600,42.21290588378906,0.0
HIG,2020-11-13,45.189998626708984,45.880001068115234,44.7599983215332,45.209999084472656,1891300,42.6658935546875,0.0
HIG,2020-11-16,46.95000076293945,47.04999923706055,45.84000015258789,46.34000015258789,1903100,43.732303619384766,0.0
HIG,2020-11-17,45.810001373291016,46.83000183105469,45.22999954223633,46.43000030517578,1482100,43.81723403930664,0.0
HIG,2020-11-18,46.43000030517578,47.20000076293945,45.869998931884766,45.880001068115234,1273100,43.29819107055664,0.0
HIG,2020-11-19,45.38999938964844,46.349998474121094,44.709999084472656,46.2400016784668,2027600,43.63793182373047,0.0
HIG,2020-11-20,45.77000045776367,46.31999969482422,45.34000015258789,45.77000045776367,1454900,43.19438552856445,0.0
HIG,2020-11-23,46.5099983215332,46.61000061035156,45.779998779296875,46.34000015258789,1346800,43.732303619384766,0.0
HIG,2020-11-24,47.25,47.97999954223633,46.36000061035156,47.529998779296875,2224400,44.85533142089844,0.0
HIG,2020-11-25,47.290000915527344,47.290000915527344,46.33000183105469,46.58000183105469,2284900,43.95880126953125,0.0
HIG,2020-11-27,46.52000045776367,46.58000183105469,45.7400016784668,45.83000183105469,1137800,43.25100326538086,0.0
HIG,2020-11-30,45.0,45.41999816894531,43.93000030517578,44.20000076293945,7693700,42.010643005371094,0.325
HIG,2020-12-01,45.31999969482422,45.650001525878906,44.84000015258789,45.43000030517578,2851200,43.179718017578125,0.0
HIG,2020-12-02,45.06999969482422,45.54999923706055,44.720001220703125,45.459999084472656,2656800,43.20823287963867,0.0
HIG,2020-12-03,45.400001525878906,46.27000045776367,45.11000061035156,45.84000015258789,1485000,43.56940460205078,0.0
HIG,2020-12-04,46.150001525878906,46.849998474121094,46.150001525878906,46.4900016784668,2747400,44.18721389770508,0.0
HIG,2020-12-07,46.150001525878906,46.349998474121094,45.41999816894531,45.540000915527344,1496400,43.284271240234375,0.0
HIG,2020-12-08,44.83000183105469,46.310001373291016,44.7599983215332,46.20000076293945,1909100,43.91157913208008,0.0
HIG,2020-12-09,46.65999984741211,47.790000915527344,46.34000015258789,47.56999969482422,3917000,45.213714599609375,0.0
HIG,2020-12-10,47.09000015258789,47.83000183105469,46.54999923706055,47.400001525878906,1849800,45.05213928222656,0.0
HIG,2020-12-11,46.84000015258789,47.2599983215332,46.22999954223633,46.2400016784668,1331100,43.94959259033203,0.0
HIG,2020-12-14,46.7599983215332,46.95000076293945,45.52000045776367,45.540000915527344,1649000,43.284271240234375,0.0
HIG,2020-12-15,46.04999923706055,46.150001525878906,44.970001220703125,45.75,3174900,43.483863830566406,0.0
HIG,2020-12-16,45.9900016784668,46.540000915527344,45.619998931884766,46.290000915527344,2523500,43.99712371826172,0.0
HIG,2020-12-17,46.25,46.91999816894531,45.970001220703125,46.779998779296875,2206500,44.46284866333008,0.0
HIG,2020-12-18,46.689998626708984,47.75,46.650001525878906,47.650001525878906,6120000,45.289764404296875,0.0
HIG,2020-12-21,47.43000030517578,47.619998931884766,46.5099983215332,47.5,3493200,45.147186279296875,0.0
HIG,2020-12-22,47.529998779296875,47.779998779296875,47.36000061035156,47.63999938964844,2475900,45.280250549316406,0.0
HIG,2020-12-23,47.95000076293945,48.75,47.95000076293945,48.27000045776367,1562700,45.87904357910156,0.0
HIG,2020-12-24,48.16999816894531,48.41999816894531,47.720001220703125,48.40999984741211,490700,46.01210403442383,0.0
HIG,2020-12-28,48.599998474121094,48.79999923706055,48.099998474121094,48.20000076293945,1866700,45.8125114440918,0.0
HIG,2020-12-29,48.33000183105469,48.41999816894531,47.36000061035156,47.529998779296875,1748700,45.17569351196289,0.0
HIG,2020-12-30,47.630001068115234,48.380001068115234,47.630001068115234,47.939998626708984,1345500,45.565391540527344,0.0
HIG,2020-12-31,48.06999969482422,49.060001373291016,47.65999984741211,48.97999954223633,1775800,46.55387878417969,0.0
HIG,2021-01-04,49.630001068115234,49.810001373291016,48.02000045776367,48.290000915527344,2963900,45.89805603027344,0.0
HIG,2021-01-05,48.400001525878906,48.599998474121094,47.65999984741211,47.970001220703125,2612500,45.593910217285156,0.0
HIG,2021-01-06,49.0099983215332,51.060001373291016,48.90999984741211,50.86000061035156,2535300,48.340755462646484,0.0
HIG,2021-01-07,50.75,51.16999816894531,50.08000183105469,50.400001525878906,2556200,47.90353775024414,0.0
HIG,2021-01-08,50.40999984741211,50.529998779296875,48.9900016784668,49.88999938964844,2032100,47.418800354003906,0.0
HIG,2021-01-11,49.45000076293945,50.68000030517578,49.369998931884766,50.25,1804800,47.7609748840332,0.0
HIG,2021-01-12,50.70000076293945,51.95000076293945,50.56999969482422,51.86000061035156,2872700,49.29121780395508,0.0
HIG,2021-01-13,51.59000015258789,52.47999954223633,51.369998931884766,51.900001525878906,2381500,49.329246520996094,0.0
HIG,2021-01-14,52.09000015258789,52.959999084472656,51.77000045776367,52.369998931884766,1669200,49.77595901489258,0.0
HIG,2021-01-15,51.790000915527344,52.09000015258789,51.150001525878906,51.66999816894531,1804600,49.110626220703125,0.0
HIG,2021-01-19,52.439998626708984,52.959999084472656,51.619998931884766,52.65999984741211,1897700,50.05158615112305,0.0
HIG,2021-01-20,52.380001068115234,53.040000915527344,52.099998474121094,52.4900016784668,1478400,49.89002227783203,0.0
HIG,2021-01-21,52.31999969482422,52.91999816894531,50.95000076293945,51.02000045776367,2624400,48.492828369140625,0.0
HIG,2021-01-22,50.84000015258789,50.84000015258789,49.43000030517578,50.369998931884766,1831500,47.87501525878906,0.0
HIG,2021-01-25,49.68000030517578,50.79999923706055,49.52000045776367,50.70000076293945,1582800,48.18867874145508,0.0
HIG,2021-01-26,51.0,51.130001068115234,49.88999938964844,49.90999984741211,1117500,47.43780517578125,0.0
HIG,2021-01-27,49.22999954223633,49.63999938964844,47.709999084472656,48.0099983215332,1753700,45.631919860839844,0.0
HIG,2021-01-28,48.529998779296875,49.439998626708984,48.36000061035156,48.9900016784668,1356000,46.563385009765625,0.0
HIG,2021-01-29,48.599998474121094,48.880001068115234,47.470001220703125,48.02000045776367,1572500,45.641422271728516,0.0
HIG,2021-02-01,48.369998931884766,48.70000076293945,47.900001525878906,48.34000015258789,1380800,45.945579528808594,0.0
HIG,2021-02-02,48.81999969482422,49.540000915527344,48.63999938964844,49.27000045776367,2066900,46.82951354980469,0.0
HIG,2021-02-03,49.040000915527344,49.650001525878906,48.97999954223633,49.43000030517578,1527000,46.98158645629883,0.0
HIG,2021-02-04,49.779998779296875,51.09000015258789,49.47999954223633,50.939998626708984,2600100,48.41679000854492,0.0
HIG,2021-02-05,50.599998474121094,51.33000183105469,50.0,50.439998626708984,2965300,47.94156265258789,0.0
HIG,2021-02-08,50.5,50.54999923706055,49.59000015258789,50.310001373291016,1868700,47.817996978759766,0.0
HIG,2021-02-09,50.25,50.470001220703125,49.720001220703125,50.2400016784668,1909200,47.751461029052734,0.0
HIG,2021-02-10,50.20000076293945,50.779998779296875,50.0099983215332,50.54999923706055,1535900,48.046112060546875,0.0
HIG,2021-02-11,50.58000183105469,51.59000015258789,50.16999816894531,50.36000061035156,1414200,47.86552047729492,0.0
HIG,2021-02-12,49.90999984741211,50.38999938964844,48.84000015258789,49.61000061035156,2104000,47.15266799926758,0.0
HIG,2021-02-16,49.970001220703125,50.0,48.7400016784668,48.79999923706055,2707500,46.38279724121094,0.0
HIG,2021-02-17,48.65999984741211,50.38999938964844,48.599998474121094,50.099998474121094,3598900,47.61840057373047,0.0
HIG,2021-02-18,49.63999938964844,50.0099983215332,49.369998931884766,49.41999816894531,1943900,46.97208023071289,0.0
HIG,2021-02-19,49.79999923706055,50.099998474121094,49.470001220703125,49.86000061035156,2333700,47.39028549194336,0.0
HIG,2021-02-22,49.9900016784668,51.099998474121094,49.86000061035156,51.029998779296875,1626400,48.50233459472656,0.0
HIG,2021-02-23,51.560001373291016,52.560001373291016,51.27000045776367,51.869998931884766,2731700,49.30073165893555,0.0
HIG,2021-02-24,51.970001220703125,53.790000915527344,51.90999984741211,53.150001525878906,2515700,50.51732635498047,0.0
HIG,2021-02-25,53.45000076293945,53.95000076293945,51.86000061035156,51.88999938964844,2277900,49.31973648071289,0.0
HIG,2021-02-26,51.4900016784668,51.66999816894531,50.369998931884766,50.689998626708984,2611100,48.506351470947266,0.35
HIG,2021-03-01,51.45000076293945,52.43000030517578,51.45000076293945,51.959999084472656,1828700,49.72163772583008,0.0
HIG,2021-03-02,51.810001373291016,52.0099983215332,51.54999923706055,51.599998474121094,1885300,49.37714767456055,0.0
HIG,2021-03-03,51.79999923706055,53.13999938964844,51.61000061035156,52.41999816894531,2205500,50.161827087402344,0.0
HIG,2021-03-04,52.47999954223633,52.81999969482422,50.630001068115234,52.04999923706055,2270500,49.80776596069336,0.0
HIG,2021-03-05,52.68000030517578,53.86000061035156,52.2599983215332,53.619998931884766,2234500,51.31012725830078,0.0
HIG,2021-03-08,54.2599983215332,55.869998931884766,53.790000915527344,54.790000915527344,2475000,52.42973327636719,0.0
HIG,2021-03-09,54.119998931884766,55.5,53.65999984741211,54.40999984741211,2615700,52.06610107421875,0.0
HIG,2021-03-10,54.54999923706055,55.09000015258789,54.13999938964844,54.709999084472656,1483300,52.35317611694336,0.0
HIG,2021-03-11,54.33000183105469,55.08000183105469,54.18000030517578,54.40999984741211,1613500,52.06610107421875,0.0
HIG,2021-03-12,55.27000045776367,55.83000183105469,54.790000915527344,55.45000076293945,1557200,53.061302185058594,0.0
HIG,2021-03-15,55.31999969482422,57.540000915527344,55.02000045776367,57.5,3641000,55.022987365722656,0.0
HIG,2021-03-16,56.939998626708984,57.18000030517578,55.880001068115234,56.70000076293945,2795000,54.2574462890625,0.0
HIG,2021-03-17,57.09000015258789,57.599998474121094,56.13999938964844,57.40999984741211,2257000,54.93686294555664,0.0
HIG,2021-03-18,57.939998626708984,68.94999694824219,57.70000076293945,68.1500015258789,23914200,65.21420288085938,0.0
HIG,2021-03-19,67.9000015258789,69.0,67.0999984741211,67.68000030517578,16201300,64.76445007324219,0.0
HIG,2021-03-22,67.70999908447266,67.98999786376953,66.5999984741211,67.29000091552734,4737300,64.39125061035156,0.0
HIG,2021-03-23,65.76000213623047,67.62000274658203,65.69999694824219,67.30000305175781,5909700,64.40082550048828,0.0
HIG,2021-03-24,68.0,69.5999984741211,66.97000122070312,67.05000305175781,5992500,64.16158294677734,0.0
HIG,2021-03-25,67.62000274658203,69.44999694824219,66.41000366210938,69.16999816894531,4123000,66.19025421142578,0.0
HIG,2021-03-26,69.20999908447266,69.38999938964844,67.2300033569336,67.69999694824219,3946000,64.78358459472656,0.0
HIG,2021-03-29,65.0999984741211,66.6500015258789,64.81999969482422,65.95999908447266,5991900,63.11853790283203,0.0
HIG,2021-03-30,65.94999694824219,67.88999938964844,65.08999633789062,67.70999908447266,6558800,64.79315185546875,0.0
HIG,2021-03-31,68.0,68.16999816894531,66.26000213623047,66.79000091552734,3539800,63.912784576416016,0.0
HIG,2021-04-01,66.37000274658203,68.3499984741211,65.7300033569336,68.27999877929688,3143500,65.3386001586914,0.0
HIG,2021-04-05,68.95999908447266,69.47000122070312,68.04000091552734,68.30000305175781,2494100,65.35774230957031,0.0
HIG,2021-04-06,68.06999969482422,68.30000305175781,67.33999633789062,67.80000305175781,2254300,64.8792724609375,0.0
HIG,2021-04-07,67.80999755859375,68.20999908447266,67.26000213623047,68.1500015258789,1691900,65.21420288085938,0.0
HIG,2021-04-08,67.54000091552734,67.95999908447266,66.55000305175781,66.55999755859375,3425400,63.69268798828125,0.0
HIG,2021-04-09,67.2300033569336,67.30999755859375,65.83000183105469,66.79000091552734,2390800,63.912784576416016,0.0
HIG,2021-04-12,67.08000183105469,67.33000183105469,66.12999725341797,66.5199966430664,1652800,63.654415130615234,0.0
HIG,2021-04-13,66.33000183105469,66.7699966430664,65.91999816894531,66.61000061035156,2219800,63.74053955078125,0.0
HIG,2021-04-14,66.5,66.77999877929688,66.01000213623047,66.11000061035156,2682700,63.26209259033203,0.0
HIG,2021-04-15,66.11000061035156,67.0199966430664,65.73999786376953,66.88999938964844,2346500,64.00847625732422,0.0
HIG,2021-04-16,67.3499984741211,67.66999816894531,66.08000183105469,66.25,2251300,63.39604949951172,0.0
HIG,2021-04-19,66.3499984741211,66.9000015258789,65.70999908447266,66.7300033569336,2262900,63.855377197265625,0.0
HIG,2021-04-20,66.45999908447266,66.48999786376953,65.45999908447266,65.7300033569336,2574100,62.89845657348633,0.0
HIG,2021-04-21,65.91999816894531,67.48999786376953,65.73999786376953,67.44999694824219,1571500,64.54434967041016,0.0
HIG,2021-04-22,65.75,67.69000244140625,65.69999694824219,66.66000366210938,6728100,63.78839111328125,0.0
HIG,2021-04-23,67.23999786376953,68.54000091552734,66.98999786376953,68.33000183105469,3660300,65.38644409179688,0.0
HIG,2021-04-26,68.5,69.33000183105469,68.44000244140625,68.69000244140625,3665600,65.73094177246094,0.0
HIG,2021-04-27,68.54000091552734,69.94000244140625,68.3499984741211,69.5,5660900,66.50605010986328,0.0
HIG,2021-04-28,67.5199966430664,68.12999725341797,65.80000305175781,67.5999984741211,7324600,64.6878890991211,0.0
HIG,2021-04-29,67.97000122070312,68.4800033569336,65.86000061035156,66.6500015258789,4174800,63.7788200378418,0.0
HIG,2021-04-30,66.62999725341797,66.94000244140625,65.43000030517578,65.95999908447266,4108600,63.11853790283203,0.0
HIG,2021-05-03,66.47000122070312,66.73999786376953,65.56999969482422,66.05000305175781,2230500,63.20466232299805,0.0
HIG,2021-05-04,66.22000122070312,67.05999755859375,65.68000030517578,66.80999755859375,2277700,63.93192672729492,0.0
HIG,2021-05-05,66.68000030517578,66.95999908447266,65.44000244140625,66.69999694824219,2851700,63.8266716003418,0.0
HIG,2021-05-06,66.6500015258789,67.13999938964844,66.37000274658203,66.88999938964844,2252000,64.00847625732422,0.0
HIG,2021-05-07,65.87000274658203,67.02999877929688,65.72000122070312,66.6500015258789,3313900,63.7788200378418,0.0
HIG,2021-05-10,66.86000061035156,67.25,65.80000305175781,65.88999938964844,1980800,63.05156707763672,0.0
HIG,2021-05-11,65.5,65.55999755859375,63.779998779296875,63.9900016784668,3331000,61.23340606689453,0.0
HIG,2021-05-12,64.66000366210938,64.66000366210938,63.22999954223633,63.380001068115234,2137900,60.649688720703125,0.0
HIG,2021-05-13,63.400001525878906,65.08000183105469,63.220001220703125,64.81999969482422,2364000,62.02765655517578,0.0
HIG,2021-05-14,65.0,66.30000305175781,64.97000122070312,66.06999969482422,1678500,63.22380065917969,0.0
HIG,2021-05-17,66.05999755859375,66.94999694824219,65.62000274658203,66.1500015258789,3362000,63.300357818603516,0.0
HIG,2021-05-18,66.16999816894531,66.66000366210938,65.41999816894531,65.43000030517578,2924400,62.61137008666992,0.0
HIG,2021-05-19,64.73999786376953,66.05000305175781,64.16000366210938,65.93000030517578,2516600,63.08982467651367,0.0
HIG,2021-05-20,66.08999633789062,66.22000122070312,65.44999694824219,65.68000030517578,1699000,62.85060501098633,0.0
HIG,2021-05-21,65.97000122070312,66.73999786376953,65.20999908447266,65.41000366210938,3061300,62.59223937988281,0.0
HIG,2021-05-24,65.66000366210938,66.22000122070312,65.11000061035156,65.23999786376953,2976100,62.42955780029297,0.0
HIG,2021-05-25,65.2300033569336,65.79000091552734,64.52999877929688,64.58000183105469,3003200,61.79799270629883,0.0
HIG,2021-05-26,65.0199966430664,65.41000366210938,64.54000091552734,64.94000244140625,1940600,62.14247512817383,0.0
HIG,2021-05-27,65.61000061035156,65.9800033569336,65.16999816894531,65.76000213623047,3836800,62.92716598510742,0.0
HIG,2021-05-28,65.4800033569336,65.79000091552734,64.87000274658203,65.3499984741211,2377200,62.86942672729492,0.35
HIG,2021-06-01,66.0,66.4000015258789,65.19999694824219,65.48999786376953,1604600,63.004119873046875,0.0
HIG,2021-06-02,65.6500015258789,65.8499984741211,65.30999755859375,65.51000213623047,1168700,63.02336120605469,0.0
HIG,2021-06-03,65.25,65.87000274658203,64.9800033569336,65.62000274658203,1011000,63.12919235229492,0.0
HIG,2021-06-04,65.63999938964844,65.83999633789062,64.97000122070312,65.79000091552734,1555500,63.29273223876953,0.0
HIG,2021-06-07,65.87999725341797,65.95999908447266,64.9800033569336,65.16999816894531,1221900,62.69626998901367,0.0
HIG,2021-06-08,64.9000015258789,66.12000274658203,64.7699966430664,65.88999938964844,1846700,63.38895034790039,0.0
HIG,2021-06-09,65.66999816894531,66.31999969482422,65.06999969482422,66.0,2658400,63.4947624206543,0.0
HIG,2021-06-10,66.75,66.91000366210938,64.86000061035156,64.87999725341797,1712700,62.417274475097656,0.0
HIG,2021-06-11,65.02999877929688,65.44000244140625,64.87999725341797,65.12000274658203,1207600,62.648170471191406,0.0
HIG,2021-06-14,65.0,65.23999786376953,64.52999877929688,64.70999908447266,1641600,62.25372314453125,0.0
HIG,2021-06-15,64.75,65.41999816894531,64.47000122070312,64.7699966430664,1654900,62.31144714355469,0.0
HIG,2021-06-16,64.44000244140625,65.08999633789062,64.22000122070312,64.5999984741211,1440000,62.14789962768555,0.0
HIG,2021-06-17,64.73999786376953,64.73999786376953,62.72999954223633,62.86000061035156,2505700,60.47395324707031,0.0
HIG,2021-06-18,61.86000061035156,62.380001068115234,60.77000045776367,60.849998474121094,3300400,58.54024887084961,0.0
HIG,2021-06-21,61.290000915527344,62.16999816894531,60.869998931884766,62.150001525878906,2513800,59.79090118408203,0.0
HIG,2021-06-22,62.189998626708984,62.279998779296875,61.439998626708984,61.869998931884766,2180000,59.52152633666992,0.0
HIG,2021-06-23,61.900001525878906,62.470001220703125,61.439998626708984,61.81999969482422,1834600,59.473426818847656,0.0
HIG,2021-06-24,61.91999816894531,62.34000015258789,61.459999084472656,62.209999084472656,1208300,59.84862518310547,0.0
HIG,2021-06-25,62.599998474121094,63.61000061035156,62.27000045776367,63.41999816894531,1573800,61.012691497802734,0.0
HIG,2021-06-28,63.29999923706055,63.29999923706055,61.65999984741211,62.2400016784668,2697800,59.87748718261719,0.0
HIG,2021-06-29,62.66999816894531,63.119998931884766,61.650001525878906,62.08000183105469,2460600,59.72356033325195,0.0
HIG,2021-06-30,61.709999084472656,62.34000015258789,61.439998626708984,61.970001220703125,2085800,59.61773681640625,0.0
HIG,2021-07-01,62.40999984741211,63.18000030517578,62.16999816894531,62.689998626708984,991600,60.31040573120117,0.0
HIG,2021-07-02,62.720001220703125,62.91999816894531,61.97999954223633,62.15999984741211,1469000,59.80052185058594,0.0
HIG,2021-07-06,61.7400016784668,61.7599983215332,60.439998626708984,61.22999954223633,1402300,58.905818939208984,0.0
HIG,2021-07-07,60.72999954223633,61.88999938964844,60.58000183105469,61.86000061035156,1280700,59.511905670166016,0.0
HIG,2021-07-08,61.130001068115234,61.279998779296875,59.86000061035156,60.09000015258789,2465500,57.8090934753418,0.0
HIG,2021-07-09,61.22999954223633,61.790000915527344,60.849998474121094,61.58000183105469,1353900,59.2425422668457,0.0
HIG,2021-07-12,61.38999938964844,63.75,60.970001220703125,63.310001373291016,2210500,60.9068717956543,0.0
HIG,2021-07-13,63.2599983215332,63.29999923706055,62.529998779296875,62.599998474121094,1542100,60.22382354736328,0.0
HIG,2021-07-14,62.47999954223633,63.20000076293945,62.16999816894531,62.77000045776367,1109800,60.387367248535156,0.0
HIG,2021-07-15,61.93000030517578,63.47999954223633,61.93000030517578,63.27000045776367,1369100,60.86838912963867,0.0
HIG,2021-07-16,63.630001068115234,63.689998626708984,62.97999954223633,63.31999969482422,1263800,60.91648864746094,0.0
HIG,2021-07-19,62.0,62.36000061035156,60.81999969482422,61.380001068115234,1595600,59.050132751464844,0.0
HIG,2021-07-20,61.5099983215332,63.16999816894531,61.209999084472656,62.33000183105469,1616200,59.964073181152344,0.0
HIG,2021-07-21,62.97999954223633,63.599998474121094,62.45000076293945,62.61000061035156,1051000,60.23344421386719,0.0
HIG,2021-07-22,62.400001525878906,62.61000061035156,61.54999923706055,61.58000183105469,1565900,59.2425422668457,0.0
HIG,2021-07-23,61.70000076293945,62.27000045776367,61.209999084472656,61.400001525878906,1395100,59.069374084472656,0.0
HIG,2021-07-26,61.43000030517578,62.099998474121094,61.220001220703125,61.93000030517578,1318400,59.579254150390625,0.0
HIG,2021-07-27,61.18000030517578,62.27000045776367,60.91999816894531,61.900001525878906,1018000,59.550384521484375,0.0
HIG,2021-07-28,62.2599983215332,62.560001373291016,60.310001373291016,60.86000061035156,1478800,58.549869537353516,0.0
HIG,2021-07-29,61.869998931884766,63.529998779296875,61.150001525878906,63.209999084472656,2534100,60.810665130615234,0.0
HIG,2021-07-30,63.5,65.05000305175781,63.2599983215332,63.619998931884766,2265200,61.205101013183594,0.0
HIG,2021-08-02,64.13999938964844,65.30000305175781,63.810001373291016,64.41999816894531,1660400,61.9747314453125,0.0
HIG,2021-08-03,64.9000015258789,65.26000213623047,63.95000076293945,65.20999908447266,1479100,62.734745025634766,0.0
HIG,2021-08-04,64.66999816894531,65.5,64.44999694824219,64.48999786376953,1671100,62.04207992553711,0.0
HIG,2021-08-05,65.12000274658203,65.68000030517578,64.55000305175781,65.41000366210938,1385500,62.92716598510742,0.0
HIG,2021-08-06,66.20999908447266,66.93000030517578,65.87000274658203,66.4000015258789,1201000,63.87958908081055,0.0
HIG,2021-08-09,66.2300033569336,67.1500015258789,65.98999786376953,66.7300033569336,1456600,64.19705963134766,0.0
HIG,2021-08-10,66.48999786376953,67.69999694824219,66.44000244140625,66.83999633789062,1962400,64.30288696289062,0.0
HIG,2021-08-11,66.87999725341797,67.94000244140625,66.51000213623047,67.52999877929688,1428800,64.96668243408203,0.0
HIG,2021-08-12,67.87999725341797,68.2300033569336,67.4800033569336,67.98999786376953,2275200,65.40923309326172,0.0
HIG,2021-08-13,68.02999877929688,68.3499984741211,67.63999938964844,68.04000091552734,1096300,65.45733642578125,0.0
HIG,2021-08-16,67.83999633789062,68.41999816894531,67.5,67.77999877929688,1500900,65.20719909667969,0.0
HIG,2021-08-17,67.19999694824219,68.22000122070312,67.11000061035156,67.5,1167000,64.93782806396484,0.0
HIG,2021-08-18,67.22000122070312,67.9800033569336,66.63999938964844,66.70999908447266,2716500,64.17781829833984,0.0
HIG,2021-08-19,66.0199966430664,66.95999908447266,65.51000213623047,65.93000030517578,1604500,63.42741394042969,0.0
HIG,2021-08-20,65.86000061035156,66.5199966430664,65.56999969482422,66.23999786376953,2943900,63.725650787353516,0.0
HIG,2021-08-23,66.83000183105469,67.43000030517578,66.51000213623047,66.86000061035156,1346300,64.32212829589844,0.0
HIG,2021-08-24,66.86000061035156,67.3499984741211,66.55999755859375,67.18000030517578,996900,64.62997436523438,0.0
HIG,2021-08-25,67.25,68.18000030517578,66.87000274658203,67.86000061035156,893200,65.28417205810547,0.0
HIG,2021-08-26,67.88999938964844,67.97000122070312,67.02999877929688,67.2699966430664,1224900,64.716552734375,0.0
HIG,2021-08-27,67.38999938964844,68.33999633789062,67.12999725341797,68.18000030517578,1377000,65.5920181274414,0.0
HIG,2021-08-30,68.4000015258789,68.5,66.98999786376953,67.01000213623047,1035400,64.46642303466797,0.0
HIG,2021-08-31,66.51000213623047,67.52999877929688,66.51000213623047,67.22000122070312,1813800,65.00801086425781,0.35
HIG,2021-09-01,67.4800033569336,70.87999725341797,66.77999877929688,67.81999969482422,3617400,65.5882568359375,0.0
HIG,2021-09-02,67.98999786376953,68.5999984741211,67.75,68.47000122070312,1846100,66.21686553955078,0.0
HIG,2021-09-03,68.41999816894531,68.61000061035156,67.80999755859375,68.08999633789062,2183700,65.849365234375,0.0
HIG,2021-09-07,68.0999984741211,68.69999694824219,67.52999877929688,67.55999755859375,1356800,65.33680725097656,0.0
HIG,2021-09-08,67.33999633789062,68.62000274658203,67.06999969482422,68.58999633789062,2185800,66.3329086303711,0.0
HIG,2021-09-09,69.33000183105469,70.44000244140625,68.55999755859375,68.62000274658203,4067700,66.36193084716797,0.0
HIG,2021-09-10,69.08000183105469,69.44999694824219,68.37999725341797,68.94000244140625,1854100,66.67139434814453,0.0
HIG,2021-09-13,69.70999908447266,70.4800033569336,69.23999786376953,70.31999969482422,2048800,68.00598907470703,0.0
HIG,2021-09-14,70.26000213623047,70.38999938964844,69.36000061035156,70.12000274658203,2878900,67.81256866455078,0.0
HIG,2021-09-15,70.05000305175781,70.86000061035156,69.6500015258789,70.41999816894531,2650700,68.10269165039062,0.0
HIG,2021-09-16,70.3499984741211,70.8499984741211,69.73999786376953,70.55000305175781,2033400,68.2284164428711,0.0
HIG,2021-09-17,70.54000091552734,71.30999755859375,69.37999725341797,69.55999755859375,6444500,67.27099609375,0.0
HIG,2021-09-20,68.25,68.94999694824219,67.27999877929688,68.48999786376953,2681800,66.2362060546875,0.0
HIG,2021-09-21,68.80000305175781,69.16000366210938,67.77999877929688,67.81999969482422,1613800,65.5882568359375,0.0
HIG,2021-09-22,68.79000091552734,69.18000030517578,68.37000274658203,68.93000030517578,2086500,66.6617202758789,0.0
HIG,2021-09-23,69.58000183105469,70.30999755859375,69.19000244140625,69.37999725341797,2181800,67.09690856933594,0.0
HIG,2021-09-24,69.55000305175781,69.98999786376953,69.29000091552734,69.4000015258789,1863100,67.11625671386719,0.0
HIG,2021-09-27,69.73999786376953,70.97000122070312,69.43000030517578,70.87999725341797,1833100,68.54756164550781,0.0
HIG,2021-09-28,70.93000030517578,71.27999877929688,70.37999725341797,70.73999786376953,2398000,68.41216278076172,0.0
HIG,2021-09-29,70.93000030517578,71.7699966430664,70.69000244140625,71.68000030517578,2077300,69.32123565673828,0.0
HIG,2021-09-30,72.0,72.19999694824219,70.16000366210938,70.25,2501600,67.93829345703125,0.0
HIG,2021-10-01,70.44999694824219,71.69999694824219,69.97000122070312,71.01000213623047,1511200,68.67327880859375,0.0
HIG,2021-10-04,70.8499984741211,71.7699966430664,69.9800033569336,70.16999816894531,1477900,67.86091613769531,0.0
HIG,2021-10-05,70.06999969482422,72.1500015258789,69.91999816894531,71.72000122070312,1828900,69.35992431640625,0.0
HIG,2021-10-06,71.27999877929688,72.5199966430664,70.73999786376953,72.43000030517578,1802400,70.04654693603516,0.0
HIG,2021-10-07,73.12999725341797,73.9800033569336,72.38999938964844,72.41999816894531,2125600,70.03688049316406,0.0
HIG,2021-10-08,71.91999816894531,73.12000274658203,71.41999816894531,73.01000213623047,2190300,70.60746765136719,0.0
HIG,2021-10-11,73.47000122070312,73.94999694824219,72.55999755859375,72.61000061035156,1216800,70.22062683105469,0.0
HIG,2021-10-12,72.4000015258789,72.98999786376953,71.69999694824219,71.95999908447266,1297400,69.5920181274414,0.0
HIG,2021-10-13,71.4800033569336,72.0,70.54000091552734,71.58999633789062,1626500,69.23418426513672,0.0
HIG,2021-10-14,72.18000030517578,72.69999694824219,71.41999816894531,72.41000366210938,1985300,70.02721405029297,0.0
HIG,2021-10-15,72.94999694824219,73.0999984741211,71.69999694824219,72.12000274658203,1498500,69.74675750732422,0.0
HIG,2021-10-18,71.94000244140625,72.77999877929688,71.6500015258789,71.7300033569336,1810000,69.36958312988281,0.0
HIG,2021-10-19,72.38999938964844,72.58000183105469,71.88999938964844,72.33999633789062,1267600,69.95951080322266,0.0
HIG,2021-10-20,72.12999725341797,73.19999694824219,72.08000183105469,73.0999984741211,1244500,70.69449615478516,0.0
HIG,2021-10-21,72.94000244140625,73.43000030517578,72.66999816894531,72.97000122070312,1166700,70.56878662109375,0.0
HIG,2021-10-22,73.27999877929688,74.37000274658203,73.01000213623047,74.0999984741211,2038100,71.66160583496094,0.0
HIG,2021-10-25,74.5,74.5,73.2300033569336,73.80000305175781,1760100,71.37147521972656,0.0
HIG,2021-10-26,74.02999877929688,74.29000091552734,72.88999938964844,72.94000244140625,1139200,70.53977966308594,0.0
HIG,2021-10-27,73.58999633789062,73.93000030517578,72.72000122070312,72.80999755859375,1446200,70.41404724121094,0.0
HIG,2021-10-28,72.83999633789062,73.83999633789062,72.83999633789062,73.77999877929688,1760600,71.35212707519531,0.0
HIG,2021-10-29,75.0,78.16999816894531,72.69999694824219,72.93000030517578,2521100,70.53010559082031,0.0
HIG,2021-11-01,73.61000061035156,73.98999786376953,72.23999786376953,73.13999938964844,1864100,70.73319244384766,0.0
HIG,2021-11-02,73.2699966430664,73.68000030517578,72.73999786376953,72.77999877929688,1375200,70.3850326538086,0.0
HIG,2021-11-03,72.68000030517578,74.63999938964844,72.68000030517578,74.06999969482422,1491700,71.63258361816406,0.0
HIG,2021-11-04,73.8499984741211,73.8499984741211,71.51000213623047,71.94000244140625,1635200,69.57267761230469,0.0
HIG,2021-11-05,72.55999755859375,72.91000366210938,71.2300033569336,71.83000183105469,1640000,69.46629333496094,0.0
HIG,2021-11-08,72.30999755859375,72.31999969482422,70.69999694824219,71.48999786376953,1461800,69.13748168945312,0.0
HIG,2021-11-09,71.18000030517578,72.27999877929688,71.1500015258789,72.16999816894531,1483300,69.79509735107422,0.0
HIG,2021-11-10,72.05000305175781,72.94000244140625,71.95999908447266,72.48999786376953,1424300,70.10456848144531,0.0
HIG,2021-11-11,72.48999786376953,73.4800033569336,72.08000183105469,73.18000030517578,1145100,70.7718734741211,0.0
HIG,2021-11-12,73.0,73.38999938964844,71.66999816894531,71.75,1515900,69.3889389038086,0.0
HIG,2021-11-15,72.0999984741211,72.72000122070312,71.62000274658203,72.33000183105469,1122500,69.94984436035156,0.0
HIG,2021-11-16,72.68000030517578,72.97000122070312,71.19000244140625,71.2699966430664,1881200,68.92472076416016,0.0
HIG,2021-11-17,71.08999633789062,71.80000305175781,70.83000183105469,71.11000061035156,1713300,68.77000427246094,0.0
HIG,2021-11-18,71.05999755859375,71.38999938964844,70.29000091552734,70.5,1735400,68.18006896972656,0.0
HIG,2021-11-19,69.79000091552734,70.48999786376953,69.4000015258789,69.68000030517578,2086500,67.38704681396484,0.0
HIG,2021-11-22,70.05999755859375,71.41000366210938,69.83000183105469,70.62999725341797,1490400,68.3057861328125,0.0
HIG,2021-11-23,71.25,72.5999984741211,71.04000091552734,72.5,1741600,70.11425018310547,0.0
HIG,2021-11-24,72.25,72.58999633789062,71.44000244140625,71.5199966430664,1144500,69.16648864746094,0.0
HIG,2021-11-26,69.5,69.97000122070312,68.56999969482422,69.25,1512800,66.97119140625,0.0
HIG,2021-11-29,70.02999877929688,70.22000122070312,68.55999755859375,68.61000061035156,1664300,66.35225677490234,0.0
HIG,2021-11-30,67.75,67.91999816894531,65.76000213623047,66.0999984741211,3631800,64.28557586669922,0.385
HIG,2021-12-01,67.12999725341797,68.12000274658203,64.86000061035156,64.97000122070312,1582100,63.18659973144531,0.0
HIG,2021-12-02,65.5199966430664,67.75,65.29000091552734,67.05999755859375,2063900,65.21923828125,0.0
HIG,2021-12-03,67.01000213623047,67.70999908447266,66.11000061035156,66.63999938964844,1760400,64.8107681274414,0.0
HIG,2021-12-06,67.58000183105469,68.41000366210938,67.16999816894531,67.66999816894531,2738500,65.81248474121094,0.0
HIG,2021-12-07,68.12999725341797,69.04000091552734,67.51000213623047,68.25,1610600,66.37657165527344,0.0
HIG,2021-12-08,68.29000091552734,68.8499984741211,68.0,68.51000213623047,1420300,66.62944030761719,0.0
HIG,2021-12-09,68.20999908447266,68.66000366210938,67.75,68.2300033569336,1246300,66.35712432861328,0.0
HIG,2021-12-10,68.69999694824219,69.16000366210938,67.68000030517578,68.1500015258789,1514200,66.2793197631836,0.0
HIG,2021-12-13,67.88999938964844,68.02999877929688,67.0,67.23999786376953,1507000,65.39429473876953,0.0
HIG,2021-12-14,67.4800033569336,69.12999725341797,67.33000183105469,68.05000305175781,1963900,66.18206787109375,0.0
HIG,2021-12-15,68.22000122070312,68.58000183105469,67.5,67.97000122070312,1622500,66.10426330566406,0.0
HIG,2021-12-16,68.68000030517578,69.63999938964844,67.88999938964844,69.0999984741211,2178500,67.20323181152344,0.0
HIG,2021-12-17,69.06999969482422,69.06999969482422,67.38999938964844,67.69999694824219,4613200,65.84165954589844,0.0
HIG,2021-12-20,66.88999938964844,66.88999938964844,65.12999725341797,66.0999984741211,1588200,64.28557586669922,0.0
HIG,2021-12-21,66.72000122070312,68.0199966430664,66.5199966430664,67.54000091552734,1820100,65.6860580444336,0.0
HIG,2021-12-22,67.36000061035156,68.04000091552734,67.36000061035156,67.62999725341797,1099600,65.77357482910156,0.0
HIG,2021-12-23,67.94000244140625,68.47000122070312,67.7300033569336,68.2699966430664,742300,66.3960189819336,0.0
HIG,2021-12-27,68.16999816894531,68.88999938964844,67.83000183105469,68.83999633789062,473400,66.95036315917969,0.0
HIG,2021-12-28,68.8499984741211,69.58999633789062,68.69000244140625,69.13999938964844,574500,67.24213409423828,0.0
HIG,2021-12-29,69.11000061035156,69.83999633789062,68.7699966430664,69.56999969482422,632900,67.66033172607422,0.0
HIG,2021-12-30,69.72000122070312,70.0999984741211,69.08999633789062,69.12000274658203,637500,67.22269439697266,0.0
HIG,2021-12-31,68.97000122070312,69.4800033569336,68.88999938964844,69.04000091552734,582700,67.14488983154297,0.0
HIG,2022-01-03,69.30000305175781,70.11000061035156,69.18000030517578,69.51000213623047,1048300,67.60198211669922,0.0
HIG,2022-01-04,70.0,71.16000366210938,69.9800033569336,70.83000183105469,1573400,68.8857650756836,0.0
HIG,2022-01-05,71.16000366210938,71.8499984741211,70.27999877929688,70.36000061035156,1360100,68.42864990234375,0.0
HIG,2022-01-06,71.16000366210938,71.69999694824219,70.33999633789062,71.5,1835700,69.537353515625,0.0
HIG,2022-01-07,71.69000244140625,72.08000183105469,71.25,72.05999755859375,1575500,70.08199310302734,0.0
HIG,2022-01-10,72.44999694824219,72.77999877929688,71.31999969482422,71.83999633789062,1409100,69.86802673339844,0.0
HIG,2022-01-11,72.06999969482422,72.44000244140625,70.93000030517578,72.4000015258789,1325100,70.41265869140625,0.0
HIG,2022-01-12,72.5199966430664,73.11000061035156,72.19000244140625,72.31999969482422,1122600,70.33484649658203,0.0
HIG,2022-01-13,72.66999816894531,73.37999725341797,72.13999938964844,72.41000366210938,2483400,70.4223861694336,0.0
HIG,2022-01-14,71.81999969482422,72.62999725341797,71.62999725341797,72.44999694824219,1894700,70.4612808227539,0.0
HIG,2022-01-18,72.31999969482422,72.69000244140625,71.06999969482422,71.31999969482422,1867400,69.3623046875,0.0
HIG,2022-01-19,71.58000183105469,71.87999725341797,70.37000274658203,70.45999908447266,1589500,68.5259017944336,0.0
HIG,2022-01-20,71.0999984741211,73.12999725341797,70.69999694824219,71.0999984741211,2017500,69.1483383178711,0.0
HIG,2022-01-21,71.19999694824219,71.31999969482422,69.19999694824219,69.31999969482422,2235200,67.41719818115234,0.0
HIG,2022-01-24,68.63999938964844,71.0,67.29000091552734,70.58000183105469,2868300,68.64261627197266,0.0
HIG,2022-01-25,69.95999908447266,70.98999786376953,68.58000183105469,70.37999725341797,1709800,68.4480972290039,0.0
HIG,2022-01-26,70.36000061035156,71.52999877929688,69.41999816894531,70.2300033569336,1430200,68.3022232055664,0.0
HIG,2022-01-27,70.55000305175781,71.8499984741211,69.44999694824219,69.87000274658203,1792400,67.95210266113281,0.0
HIG,2022-01-28,69.91999816894531,71.25,69.69000244140625,71.19999694824219,2095100,69.24559020996094,0.0
HIG,2022-01-31,70.52999877929688,71.91999816894531,70.16999816894531,71.87000274658203,2507600,69.89720916748047,0.0
HIG,2022-02-01,71.58999633789062,72.31999969482422,70.93000030517578,72.12000274658203,1720700,70.14033508300781,0.0
HIG,2022-02-02,71.69999694824219,73.37000274658203,71.69999694824219,73.12000274658203,1838700,71.1128921508789,0.0
HIG,2022-02-03,73.38999938964844,73.63999938964844,71.91999816894531,72.19000244140625,2549500,70.20842742919922,0.0
HIG,2022-02-04,70.05000305175781,71.55000305175781,68.37999725341797,70.5199966430664,3954300,68.5842514038086,0.0
HIG,2022-02-07,70.30999755859375,70.86000061035156,69.88999938964844,70.2300033569336,3098000,68.3022232055664,0.0
HIG,2022-02-08,70.91000366210938,73.06999969482422,70.5,72.76000213623047,2585300,70.76278686523438,0.0
HIG,2022-02-09,72.95999908447266,73.76000213623047,72.9000015258789,73.0199966430664,1564700,71.015625,0.0
HIG,2022-02-10,72.66999816894531,74.91000366210938,72.48999786376953,72.95999908447266,2561100,70.95728302001953,0.0
HIG,2022-02-11,72.69000244140625,73.38999938964844,71.26000213623047,71.54000091552734,2303600,69.5762710571289,0.0
HIG,2022-02-14,71.68000030517578,72.11000061035156,68.95999908447266,69.66000366210938,3247900,67.74787139892578,0.0
HIG,2022-02-15,70.27999877929688,71.94999694824219,70.12000274658203,71.01000213623047,1500400,69.06080627441406,0.0
HIG,2022-02-16,70.7300033569336,71.7699966430664,70.5,71.22000122070312,1186900,69.2650375366211,0.0
HIG,2022-02-17,70.83999633789062,71.45999908447266,70.27999877929688,70.62000274658203,1325800,68.68152618408203,0.0
HIG,2022-02-18,70.30000305175781,71.36000061035156,70.2300033569336,70.52999877929688,1299500,68.59398651123047,0.0
HIG,2022-02-22,70.7300033569336,71.27999877929688,69.66999816894531,70.30999755859375,2010500,68.3800277709961,0.0
HIG,2022-02-23,70.68000030517578,70.97000122070312,69.20999908447266,69.41000366210938,2196300,67.5047378540039,0.0
HIG,2022-02-24,67.72000122070312,68.01000213623047,65.45999908447266,67.4800033569336,2813000,65.6277084350586,0.0
HIG,2022-02-25,67.95999908447266,70.88999938964844,67.66000366210938,70.73999786376953,1829500,68.7982177734375,0.0
HIG,2022-02-28,68.55999755859375,69.80000305175781,68.30999755859375,69.4800033569336,2283200,67.94258117675781,0.385
HIG,2022-03-01,68.7300033569336,69.11000061035156,66.1500015258789,66.48999786376953,2789400,65.01873779296875,0.0
HIG,2022-03-02,67.18000030517578,69.48999786376953,67.08999633789062,69.18000030517578,1528100,67.64922332763672,0.0
HIG,2022-03-03,69.41999816894531,69.77999877929688,68.4000015258789,69.2699966430664,1182100,67.73722839355469,0.0
HIG,2022-03-04,67.9800033569336,68.04000091552734,66.33999633789062,67.47000122070312,2977900,65.97705841064453,0.0
HIG,2022-03-07,66.66999816894531,66.9000015258789,65.19000244140625,65.37999725341797,3010000,63.93329620361328,0.0
HIG,2022-03-08,66.20999908447266,67.6500015258789,64.95999908447266,65.91999816894531,2348100,64.46135711669922,0.0
HIG,2022-03-09,67.88999938964844,68.87999725341797,67.62000274658203,67.88999938964844,1832800,66.38776397705078,0.0
HIG,2022-03-10,66.58999633789062,67.47000122070312,65.88999938964844,66.86000061035156,2227500,65.38055419921875,0.0
HIG,2022-03-11,67.68000030517578,68.44000244140625,66.72000122070312,66.94999694824219,2391600,65.46855926513672,0.0
HIG,2022-03-14,67.41999816894531,68.69999694824219,66.55999755859375,67.5,3115400,66.00639343261719,0.0
HIG,2022-03-15,68.2699966430664,68.41000366210938,67.06999969482422,68.08999633789062,1669300,66.58332824707031,0.0
HIG,2022-03-16,68.75,69.76000213623047,67.72000122070312,69.73999786376953,3276000,68.19682312011719,0.0
HIG,2022-03-17,69.23999786376953,70.5,68.93000030517578,70.33999633789062,2877300,68.78355407714844,0.0
HIG,2022-03-18,70.06999969482422,70.95999908447266,68.87000274658203,70.8499984741211,7605900,69.28227233886719,0.0
HIG,2022-03-21,71.6500015258789,72.5,70.58000183105469,71.51000213623047,1907000,69.92765808105469,0.0
HIG,2022-03-22,72.08000183105469,72.80999755859375,71.44000244140625,71.77999877929688,2259200,70.19168853759766,0.0
HIG,2022-03-23,71.33000183105469,71.9000015258789,70.7699966430664,70.87999725341797,2173000,69.31159973144531,0.0
HIG,2022-03-24,71.0199966430664,71.80999755859375,70.69000244140625,71.63999938964844,2562200,70.0547866821289,0.0
HIG,2022-03-25,71.68000030517578,72.83000183105469,71.68000030517578,72.70999908447266,2028500,71.10111236572266,0.0
HIG,2022-03-28,72.68000030517578,72.68000030517578,71.5999984741211,72.4000015258789,1299900,70.79796600341797,0.0
HIG,2022-03-29,73.1500015258789,73.5,72.54000091552734,73.37999725341797,1954400,71.75627899169922,0.0
HIG,2022-03-30,73.55999755859375,73.98999786376953,73.06999969482422,73.5199966430664,1333300,71.8931884765625,0.0
HIG,2022-03-31,73.79000091552734,73.9800033569336,71.80000305175781,71.80999755859375,2129400,69.78718566894531,0.0
HIG,2022-04-01,72.16999816894531,73.04000091552734,72.01000213623047,72.54000091552734,1534900,70.49662780761719,0.0
HIG,2022-04-04,72.2699966430664,72.37000274658203,70.80999755859375,71.0199966430664,1586700,69.0194320678711,0.0
HIG,2022-04-05,71.02999877929688,72.61000061035156,71.02999877929688,71.47000122070312,1649300,69.45675659179688,0.0
HIG,2022-04-06,71.43000030517578,72.81999969482422,71.26000213623047,71.93000030517578,1872100,69.90381622314453,0.0
HIG,2022-04-07,71.83000183105469,72.66000366210938,71.04000091552734,72.44999694824219,1720300,70.40914916992188,0.0
HIG,2022-04-08,73.0199966430664,74.4800033569336,72.37000274658203,74.12999725341797,1839300,72.04182434082031,0.0
HIG,2022-04-11,74.31999969482422,75.30000305175781,73.80999755859375,74.12000274658203,1631300,72.03211212158203,0.0
HIG,2022-04-12,74.51000213623047,75.5999984741211,74.22000122070312,74.41000366210938,1948100,72.31394958496094,0.0
HIG,2022-04-13,74.0,75.4000015258789,73.91999816894531,75.3499984741211,1401100,73.22746276855469,0.0
HIG,2022-04-14,75.41999816894531,76.0,74.88999938964844,74.94999694824219,1309300,72.8387222290039,0.0
HIG,2022-04-18,74.56999969482422,75.83000183105469,74.56999969482422,75.05000305175781,1300200,72.93592071533203,0.0
HIG,2022-04-19,75.29000091552734,75.86000061035156,72.22000122070312,73.47000122070312,2691200,71.40042114257812,0.0
HIG,2022-04-20,73.58000183105469,74.9800033569336,73.58000183105469,74.6500015258789,1450300,72.54718780517578,0.0
HIG,2022-04-21,75.66999816894531,76.0,72.95999908447266,73.11000061035156,2497500,71.0505599975586,0.0
HIG,2022-04-22,73.0199966430664,73.0199966430664,71.43000030517578,71.51000213623047,2390000,69.49563598632812,0.0
HIG,2022-04-25,71.05000305175781,71.4800033569336,69.5199966430664,71.4000015258789,2637300,69.38873291015625,0.0
HIG,2022-04-26,70.69000244140625,71.68000030517578,69.91999816894531,69.94000244140625,1379200,67.96986389160156,0.0
HIG,2022-04-27,70.11000061035156,70.80999755859375,69.69000244140625,69.98999786376953,2611900,68.01844787597656,0.0
HIG,2022-04-28,70.68000030517578,71.43000030517578,69.2699966430664,71.2699966430664,2324800,69.26239013671875,0.0
HIG,2022-04-29,70.25,72.6500015258789,69.2300033569336,69.93000030517578,3152800,67.96013641357422,0.0
HIG,2022-05-02,70.62000274658203,70.80999755859375,68.63999938964844,70.0999984741211,2786200,68.12535095214844,0.0
HIG,2022-05-03,70.6500015258789,71.93000030517578,69.91999816894531,70.66999816894531,2834000,68.67929077148438,0.0
HIG,2022-05-04,70.94000244140625,73.41000366210938,70.68000030517578,73.26000213623047,2090500,71.19635009765625,0.0
HIG,2022-05-05,72.4800033569336,73.30000305175781,71.29000091552734,72.01000213623047,1645600,69.9815444946289,0.0
HIG,2022-05-06,71.95999908447266,72.54000091552734,71.22000122070312,72.11000061035156,1583400,70.0787353515625,0.0
HIG,2022-05-09,71.56999969482422,72.12999725341797,70.5199966430664,70.80000305175781,2209100,68.80563354492188,0.0
HIG,2022-05-10,71.19000244140625,71.93000030517578,69.2699966430664,70.0199966430664,1874900,68.047607421875,0.0
HIG,2022-05-11,70.11000061035156,71.5,69.73999786376953,69.80000305175781,1447100,67.83380889892578,0.0
HIG,2022-05-12,69.86000061035156,70.47000122070312,68.3499984741211,69.0999984741211,2233100,67.15352630615234,0.0
HIG,2022-05-13,69.52999877929688,70.22000122070312,68.94000244140625,69.55000305175781,2220800,67.59085083007812,0.0
HIG,2022-05-16,69.7300033569336,70.47000122070312,69.08000183105469,69.26000213623047,1603600,67.30902099609375,0.0
HIG,2022-05-17,70.12000274658203,70.9800033569336,69.9000015258789,70.9800033569336,1834900,68.9805679321289,0.0
HIG,2022-05-18,70.51000213623047,70.94999694824219,68.55000305175781,68.76000213623047,2262300,66.8230972290039,0.0
HIG,2022-05-19,68.01000213623047,69.05000305175781,66.97000122070312,67.44000244140625,2742900,65.540283203125,0.0
HIG,2022-05-20,67.69000244140625,68.25,65.58999633789062,66.79000091552734,4071000,64.9085922241211,0.0
HIG,2022-05-23,68.05000305175781,69.18000030517578,67.29000091552734,68.62999725341797,2031800,66.6967544555664,0.0
HIG,2022-05-24,68.86000061035156,69.12000274658203,67.33999633789062,68.94999694824219,2276100,67.00774383544922,0.0
HIG,2022-05-25,68.86000061035156,70.41999816894531,68.5,69.8499984741211,1948800,67.88239288330078,0.0
HIG,2022-05-26,70.80000305175781,71.02999877929688,70.2699966430664,70.69999694824219,2619400,68.70845794677734,0.0
HIG,2022-05-27,70.73999786376953,72.73999786376953,70.4000015258789,72.69999694824219,1999200,70.65210723876953,0.0
HIG,2022-05-31,71.8499984741211,73.01000213623047,71.5,72.51000213623047,3083900,70.8426284790039,0.385
HIG,2022-06-01,72.68000030517578,72.70999908447266,70.51000213623047,71.27999877929688,2190100,69.64091491699219,0.0
HIG,2022-06-02,71.5999984741211,71.9800033569336,70.61000061035156,71.94999694824219,823200,70.29550170898438,0.0
HIG,2022-06-03,71.88999938964844,71.9800033569336,71.33000183105469,71.87999725341797,1197200,70.22711181640625,0.0
HIG,2022-06-06,72.43000030517578,73.11000061035156,71.7300033569336,72.7699966430664,1694800,71.09664916992188,0.0
HIG,2022-06-07,72.5199966430664,73.54000091552734,72.1500015258789,73.43000030517578,1223400,71.7414779663086,0.0
HIG,2022-06-08,73.06999969482422,73.06999969482422,71.66000366210938,71.79000091552734,1606900,70.13919067382812,0.0
HIG,2022-06-09,71.66999816894531,71.77999877929688,69.6500015258789,69.77999877929688,1748000,68.17539978027344,0.0
HIG,2022-06-10,68.41999816894531,69.0,67.83999633789062,68.27999877929688,1658000,66.70989990234375,0.0
HIG,2022-06-13,67.12000274658203,67.33999633789062,65.69999694824219,66.08999633789062,1814000,64.57025146484375,0.0
HIG,2022-06-14,66.4000015258789,67.2300033569336,66.0199966430664,66.5999984741211,1349800,65.06852722167969,0.0
HIG,2022-06-15,67.4000015258789,68.11000061035156,66.4000015258789,67.02999877929688,1819000,65.4886474609375,0.0
HIG,2022-06-16,65.66000366210938,65.75,63.880001068115234,64.37000274658203,2033000,62.88981246948242,0.0
HIG,2022-06-17,64.26000213623047,64.83999633789062,63.70000076293945,64.3499984741211,3909200,62.870269775390625,0.0
HIG,2022-06-21,65.54000091552734,65.63999938964844,64.62000274658203,65.06999969482422,1513400,63.57371139526367,0.0
HIG,2022-06-22,64.0199966430664,66.08000183105469,63.650001525878906,65.2300033569336,2103400,63.730037689208984,0.0
HIG,2022-06-23,65.36000061035156,65.38999938964844,62.400001525878906,62.810001373291016,1813200,61.36568069458008,0.0
HIG,2022-06-24,63.22999954223633,66.08000183105469,63.060001373291016,65.69000244140625,2649300,64.17945861816406,0.0
HIG,2022-06-27,65.86000061035156,66.1500015258789,65.05999755859375,65.7699966430664,1284200,64.25761413574219,0.0
HIG,2022-06-28,66.66999816894531,67.31999969482422,65.41999816894531,65.45999908447266,1238900,63.95473861694336,0.0
HIG,2022-06-29,65.79000091552734,65.80000305175781,64.81999969482422,64.93000030517578,1481100,63.43693542480469,0.0
HIG,2022-06-30,64.16000366210938,65.66000366210938,63.4900016784668,65.43000030517578,1951900,63.925437927246094,0.0
HIG,2022-07-01,65.4800033569336,66.44000244140625,64.5199966430664,66.23999786376953,1746900,64.71680450439453,0.0
HIG,2022-07-05,65.08999633789062,65.30000305175781,63.77000045776367,65.0199966430664,1965800,63.524864196777344,0.0
HIG,2022-07-06,64.91000366210938,65.83999633789062,64.41000366210938,65.38999938964844,1608800,63.8863525390625,0.0
HIG,2022-07-07,66.01000213623047,66.70999908447266,65.91000366210938,66.16000366210938,1555400,64.6386489868164,0.0
HIG,2022-07-08,66.52999877929688,66.88999938964844,65.62000274658203,65.66999816894531,1167100,64.159912109375,0.0
HIG,2022-07-11,65.31999969482422,65.83999633789062,64.56999969482422,65.0999984741211,1698600,63.60302734375,0.0
HIG,2022-07-12,64.62999725341797,66.01000213623047,64.56999969482422,64.93000030517578,1825100,63.43693542480469,0.0
HIG,2022-07-13,64.33999633789062,64.83000183105469,63.720001220703125,64.16000366210938,1235500,62.68463897705078,0.0
HIG,2022-07-14,62.599998474121094,62.86000061035156,61.59000015258789,61.63999938964844,2344300,60.22258758544922,0.0
HIG,2022-07-15,62.540000915527344,63.36000061035156,62.25,62.9900016784668,2009200,61.541542053222656,0.0
HIG,2022-07-18,63.33000183105469,64.0,61.59000015258789,61.90999984741211,1825500,60.48637771606445,0.0
HIG,2022-07-19,62.65999984741211,63.66999816894531,62.63999938964844,63.47999954223633,1479000,62.0202751159668,0.0
HIG,2022-07-20,63.31999969482422,63.70000076293945,62.900001525878906,63.290000915527344,1987200,61.83464431762695,0.0
HIG,2022-07-21,63.0099983215332,63.34000015258789,61.970001220703125,63.060001373291016,1542900,61.60993194580078,0.0
HIG,2022-07-22,63.2400016784668,64.08000183105469,63.0099983215332,63.779998779296875,1651500,62.31337356567383,0.0
HIG,2022-07-25,64.23999786376953,65.05999755859375,64.05999755859375,64.79000091552734,1366500,63.30015563964844,0.0
HIG,2022-07-26,64.44000244140625,64.93000030517578,64.11000061035156,64.36000061035156,1440700,62.880043029785156,0.0
HIG,2022-07-27,64.70999908447266,65.0,63.709999084472656,64.33999633789062,1886100,62.860496520996094,0.0
HIG,2022-07-28,64.22000122070312,64.47000122070312,62.2400016784668,62.849998474121094,3616300,61.404762268066406,0.0
HIG,2022-07-29,62.83000183105469,64.97000122070312,62.209999084472656,64.47000122070312,3984600,62.98751449584961,0.0
HIG,2022-08-01,63.650001525878906,64.02999877929688,62.779998779296875,63.43000030517578,2310800,61.9714241027832,0.0
HIG,2022-08-02,63.540000915527344,64.0199966430664,62.84000015258789,62.959999084472656,2666600,61.512229919433594,0.0
HIG,2022-08-03,63.2400016784668,63.72999954223633,62.56999969482422,63.45000076293945,1698400,61.990966796875,0.0
HIG,2022-08-04,63.400001525878906,64.0199966430664,62.9900016784668,63.130001068115234,2076900,61.67832565307617,0.0
HIG,2022-08-05,63.13999938964844,64.37999725341797,62.970001220703125,64.16000366210938,2244300,62.68463897705078,0.0
HIG,2022-08-08,64.62999725341797,65.31999969482422,64.58000183105469,64.5999984741211,1513100,63.114524841308594,0.0
HIG,2022-08-09,65.04000091552734,65.9000015258789,65.04000091552734,65.76000213623047,2066200,64.24784851074219,0.0
HIG,2022-08-10,66.62999725341797,67.0,66.48999786376953,66.81999969482422,1217500,65.28347778320312,0.0
HIG,2022-08-11,67.22000122070312,67.97000122070312,67.22000122070312,67.66000366210938,1408500,66.10417175292969,0.0
HIG,2022-08-12,68.05999755859375,69.01000213623047,67.95999908447266,68.95999908447266,1709300,67.37425994873047,0.0
HIG,2022-08-15,68.20999908447266,69.04000091552734,68.0999984741211,68.87999725341797,1105100,67.29609680175781,0.0
HIG,2022-08-16,68.69999694824219,70.04000091552734,68.51000213623047,69.69000244140625,1573700,68.08747863769531,0.0
HIG,2022-08-17,68.95999908447266,69.63999938964844,68.91000366210938,69.37999725341797,1173500,67.78460693359375,0.0
HIG,2022-08-18,69.52999877929688,69.91000366210938,69.29000091552734,69.80000305175781,1211100,68.19495391845703,0.0
HIG,2022-08-19,69.75,69.75,68.47000122070312,68.80999755859375,1577800,67.22771453857422,0.0
HIG,2022-08-22,67.93000030517578,68.01000213623047,67.06999969482422,67.25,2756800,65.70358276367188,0.0
HIG,2022-08-23,67.37000274658203,67.62000274658203,66.94000244140625,67.16999816894531,2233100,65.62541198730469,0.0
HIG,2022-08-24,67.22000122070312,67.2699966430664,65.19999694824219,67.04000091552734,1632100,65.4984130859375,0.0
HIG,2022-08-25,67.23999786376953,67.73999786376953,66.7699966430664,67.68000030517578,1686600,66.12368774414062,0.0
HIG,2022-08-26,67.6500015258789,67.91000366210938,66.12000274658203,66.19999694824219,1233900,64.67772674560547,0.0
HIG,2022-08-29,65.81999969482422,66.33000183105469,64.91999816894531,65.7300033569336,1651000,64.21854400634766,0.0
HIG,2022-08-30,65.7699966430664,65.91000366210938,64.77999877929688,65.05000305175781,2034900,63.55418014526367,0.0
HIG,2022-08-31,64.91999816894531,65.25,64.29000091552734,64.30999755859375,2276500,63.20526885986328,0.385
HIG,2022-09-01,64.16999816894531,65.20999908447266,64.16000366210938,65.16000366210938,1354800,64.0406723022461,0.0
HIG,2022-09-02,65.83000183105469,66.54000091552734,64.66000366210938,64.98999786376953,1153200,63.873592376708984,0.0
HIG,2022-09-06,65.08999633789062,65.6500015258789,64.41999816894531,65.0,1793800,63.8834228515625,0.0
HIG,2022-09-07,64.91999816894531,65.77999877929688,64.61000061035156,65.75,1385600,64.62053680419922,0.0
HIG,2022-09-08,65.51000213623047,66.63999938964844,65.29000091552734,66.37000274658203,1795000,65.2298812866211,0.0
HIG,2022-09-09,66.66000366210938,67.37000274658203,66.41000366210938,67.0199966430664,1334200,65.86871337890625,0.0
HIG,2022-09-12,67.37000274658203,68.13999938964844,67.30000305175781,67.80000305175781,1517700,66.63531494140625,0.0
HIG,2022-09-13,66.87999725341797,67.25,66.08000183105469,66.31999969482422,1714600,65.18074798583984,0.0
HIG,2022-09-14,66.4000015258789,66.7300033569336,65.05000305175781,65.66000366210938,1561000,64.5320816040039,0.0
HIG,2022-09-15,65.76000213623047,66.62000274658203,65.38999938964844,65.69999694824219,1786900,64.57139587402344,0.0
HIG,2022-09-16,65.36000061035156,65.51000213623047,64.69000244140625,65.3499984741211,3239600,64.22740173339844,0.0
HIG,2022-09-19,64.7699966430664,65.94999694824219,64.5199966430664,65.81999969482422,1072200,64.68933868408203,0.0
HIG,2022-09-20,65.44999694824219,65.5199966430664,64.0999984741211,64.95999908447266,1741900,63.84410095214844,0.0
HIG,2022-09-21,65.43000030517578,65.48999786376953,63.02000045776367,63.06999969482422,1434200,61.986572265625,0.0
HIG,2022-09-22,63.06999969482422,63.08000183105469,61.939998626708984,62.38999938964844,1585700,61.31825256347656,0.0
HIG,2022-09-23,61.75,62.09000015258789,60.88999938964844,61.91999816894531,1927400,60.856327056884766,0.0
HIG,2022-09-26,61.5099983215332,62.15999984741211,60.16999816894531,60.630001068115234,2048000,59.5884895324707,0.0
HIG,2022-09-27,61.029998779296875,62.06999969482422,60.779998779296875,61.970001220703125,2244400,60.90546798706055,0.0
HIG,2022-09-28,62.130001068115234,63.52000045776367,61.93000030517578,63.060001373291016,1956500,61.976741790771484,0.0
HIG,2022-09-29,62.56999969482422,62.849998474121094,61.900001525878906,62.650001525878906,2117800,61.573787689208984,0.0
HIG,2022-09-30,62.650001525878906,63.150001525878906,61.939998626708984,61.939998626708984,1791700,60.875980377197266,0.0
HIG,2022-10-03,62.56999969482422,64.1500015258789,61.88999938964844,63.56999969482422,2090700,62.47798156738281,0.0
HIG,2022-10-04,64.2699966430664,66.01000213623047,64.26000213623047,65.95999908447266,1905500,64.82691955566406,0.0
HIG,2022-10-05,65.18000030517578,65.88999938964844,65.18000030517578,65.76000213623047,1676900,64.63036346435547,0.0
HIG,2022-10-06,65.43000030517578,65.93000030517578,64.7300033569336,64.83999633789062,1771400,63.72616195678711,0.0
HIG,2022-10-07,64.58999633789062,64.7699966430664,63.59000015258789,64.04000091552734,1776600,62.93990707397461,0.0
HIG,2022-10-10,64.44999694824219,64.7300033569336,63.540000915527344,63.79999923706055,1296000,62.70403289794922,0.0
HIG,2022-10-11,63.68000030517578,64.98999786376953,63.529998779296875,64.22000122070312,1521800,63.1168212890625,0.0
HIG,2022-10-12,64.18000030517578,64.70999908447266,63.619998931884766,63.66999816894531,1754800,62.576263427734375,0.0
HIG,2022-10-13,62.849998474121094,66.76000213623047,62.43000030517578,66.5199966430664,1648500,65.37731170654297,0.0
HIG,2022-10-14,66.7699966430664,67.29000091552734,64.62000274658203,64.75,1769300,63.63771057128906,0.0
HIG,2022-10-17,65.79000091552734,66.44999694824219,65.51000213623047,66.0199966430664,1828900,64.88589477539062,0.0
HIG,2022-10-18,67.30000305175781,67.83999633789062,66.26000213623047,66.80000305175781,1652000,65.65249633789062,0.0
HIG,2022-10-19,66.66999816894531,68.05999755859375,66.31999969482422,68.0,1926500,66.83187866210938,0.0
HIG,2022-10-20,67.04000091552734,67.5,65.30999755859375,65.61000061035156,1755900,64.48294067382812,0.0
HIG,2022-10-21,65.8499984741211,67.19999694824219,65.58999633789062,67.19000244140625,1856800,66.03579711914062,0.0
HIG,2022-10-24,67.80000305175781,69.41999816894531,67.44000244140625,69.33000183105469,2349500,68.13903045654297,0.0
HIG,2022-10-25,68.66999816894531,69.5199966430664,68.33999633789062,69.48999786376953,1886100,68.2962875366211,0.0
HIG,2022-10-26,70.0,70.4000015258789,69.19999694824219,69.25,1859400,68.06040954589844,0.0
HIG,2022-10-27,69.5999984741211,70.80000305175781,69.5999984741211,70.25,2360100,69.04322814941406,0.0
HIG,2022-10-28,67.38999938964844,72.72000122070312,67.05000305175781,72.16000366210938,3291500,70.9204330444336,0.0
HIG,2022-10-31,72.0,72.83000183105469,71.81999969482422,72.41000366210938,1846200,71.16613006591797,0.0
HIG,2022-11-01,72.7300033569336,74.19999694824219,71.66000366210938,73.73999786376953,2191000,72.47327423095703,0.0
HIG,2022-11-02,73.38999938964844,73.73999786376953,72.1500015258789,72.37000274658203,2309400,71.12682342529297,0.0
HIG,2022-11-03,71.98999786376953,73.44999694824219,71.43000030517578,72.81999969482422,1305700,71.56908416748047,0.0
HIG,2022-11-04,73.72000122070312,74.13999938964844,72.87999725341797,73.79000091552734,1247000,72.52242279052734,0.0
HIG,2022-11-07,74.16000366210938,74.22000122070312,73.26000213623047,73.97000122070312,1749900,72.69932556152344,0.0
HIG,2022-11-08,73.80000305175781,74.27999877929688,72.94999694824219,73.5,1557600,72.23741149902344,0.0
HIG,2022-11-09,73.30000305175781,73.37000274658203,71.66000366210938,71.91000366210938,1942900,70.67472076416016,0.0
HIG,2022-11-10,73.48999786376953,74.41999816894531,73.05000305175781,74.30000305175781,1624300,73.02366638183594,0.0
HIG,2022-11-11,74.91000366210938,75.0999984741211,73.25,73.62999725341797,1988900,72.36516571044922,0.0
HIG,2022-11-14,73.83000183105469,74.33000183105469,72.29000091552734,72.30999755859375,2329500,71.0678482055664,0.0
HIG,2022-11-15,73.19999694824219,73.8499984741211,72.16999816894531,72.87999725341797,1942500,71.62805938720703,0.0
HIG,2022-11-16,72.91000366210938,73.36000061035156,72.4800033569336,72.88999938964844,1124600,71.63787841796875,0.0
HIG,2022-11-17,72.30000305175781,73.27999877929688,72.18000030517578,73.08000183105469,1246800,71.82462310791016,0.0
HIG,2022-11-18,74.08999633789062,74.44000244140625,72.7699966430664,73.69000244140625,1633900,72.42414855957031,0.0
HIG,2022-11-21,73.73999786376953,74.26000213623047,73.02999877929688,73.62999725341797,1401400,72.36516571044922,0.0
HIG,2022-11-22,74.05999755859375,75.01000213623047,73.76000213623047,74.75,1761900,73.46592712402344,0.0
HIG,2022-11-23,74.5999984741211,75.91999816894531,74.58000183105469,75.52999877929688,2806700,74.23253631591797,0.0
HIG,2022-11-25,75.97000122070312,76.08999633789062,75.69000244140625,75.97000122070312,481400,74.66497039794922,0.0
HIG,2022-11-28,75.41000366210938,76.05000305175781,74.93000030517578,75.05999755859375,1219700,73.77059936523438,0.0
HIG,2022-11-29,75.23999786376953,75.88999938964844,74.87999725341797,75.83000183105469,1435600,74.52738189697266,0.0
HIG,2022-11-30,75.16000366210938,76.43000030517578,73.98999786376953,76.37000274658203,2620300,75.48114776611328,0.425
HIG,2022-12-01,76.75,76.95999908447266,75.4800033569336,75.62999725341797,2201000,74.749755859375,0.0
HIG,2022-12-02,75.26000213623047,76.04000091552734,75.01000213623047,75.83999633789062,1722700,74.95731353759766,0.0
HIG,2022-12-05,75.2300033569336,75.36000061035156,74.05000305175781,74.68000030517578,1096500,73.8108139038086,0.0
HIG,2022-12-06,74.66999816894531,75.20999908447266,74.33999633789062,75.04000091552734,1366900,74.1666259765625,0.0
HIG,2022-12-07,74.93000030517578,75.75,74.47000122070312,74.55999755859375,2059400,73.69220733642578,0.0
HIG,2022-12-08,74.97000122070312,75.38999938964844,74.56999969482422,74.8499984741211,1441200,73.97883605957031,0.0
HIG,2022-12-09,74.86000061035156,75.26000213623047,74.54000091552734,74.63999938964844,1135300,73.77127838134766,0.0
HIG,2022-12-12,74.69999694824219,75.33000183105469,74.08999633789062,75.0199966430664,1585100,74.14685821533203,0.0
HIG,2022-12-13,76.0,76.18000030517578,74.77999877929688,75.77999877929688,1684200,74.89801025390625,0.0
HIG,2022-12-14,75.83999633789062,76.33000183105469,74.7699966430664,75.20999908447266,1596100,74.33464813232422,0.0
HIG,2022-12-15,74.19000244140625,74.41000366210938,73.43000030517578,73.94999694824219,1537900,73.08930969238281,0.0
HIG,2022-12-16,73.19000244140625,74.41999816894531,72.87999725341797,74.20999908447266,4110800,73.3462905883789,0.0
HIG,2022-12-19,74.13999938964844,75.02999877929688,72.93000030517578,73.66000366210938,1353700,72.80268859863281,0.0
HIG,2022-12-20,74.11000061035156,75.33000183105469,74.01000213623047,74.8499984741211,1361500,73.97883605957031,0.0
HIG,2022-12-21,75.61000061035156,76.3499984741211,75.5,76.0199966430664,1211700,75.13521575927734,0.0
HIG,2022-12-22,75.72000122070312,75.97000122070312,74.29000091552734,75.37999725341797,1163200,74.5026626586914,0.0
HIG,2022-12-23,75.4800033569336,76.37000274658203,75.26000213623047,76.12999725341797,853100,75.24393463134766,0.0
HIG,2022-12-27,76.44000244140625,76.93000030517578,76.05000305175781,76.61000061035156,955100,75.71835327148438,0.0
HIG,2022-12-28,76.97000122070312,76.97000122070312,75.66000366210938,75.68000030517578,757300,74.79917907714844,0.0
HIG,2022-12-29,75.87000274658203,76.5999984741211,75.62999725341797,76.37999725341797,787600,75.49102783203125,0.0
HIG,2022-12-30,75.86000061035156,76.25,75.44000244140625,75.83000183105469,820100,74.94743347167969,0.0
HIG,2023-01-03,75.69000244140625,75.76000213623047,74.69999694824219,75.3499984741211,1460500,74.47301483154297,0.0
HIG,2023-01-04,75.83999633789062,77.0199966430664,75.72000122070312,76.81999969482422,1593900,75.92591094970703,0.0
HIG,2023-01-05,76.70999908447266,77.26000213623047,75.83000183105469,77.08000183105469,1837500,76.1828842163086,0.0
HIG,2023-01-06,77.62000274658203,79.44000244140625,77.62000274658203,78.9000015258789,1882800,77.98170471191406,0.0
HIG,2023-01-09,78.33999633789062,78.56999969482422,76.69999694824219,76.8499984741211,2119500,75.95555877685547,0.0
HIG,2023-01-10,76.68000030517578,77.04000091552734,75.23999786376953,76.19999694824219,1778200,75.31311798095703,0.0
HIG,2023-01-11,76.11000061035156,76.44000244140625,75.55999755859375,75.9800033569336,1783600,75.09568786621094,0.0
HIG,2023-01-12,76.13999938964844,76.75,75.7300033569336,76.25,1471800,75.362548828125,0.0
HIG,2023-01-13,75.72000122070312,76.87999725341797,75.51000213623047,76.68000030517578,1131800,75.78753662109375,0.0
HIG,2023-01-17,76.5,76.70999908447266,74.93000030517578,75.95999908447266,2385900,75.07591247558594,0.0
HIG,2023-01-18,75.6500015258789,76.44999694824219,74.95999908447266,75.11000061035156,1483800,74.23580932617188,0.0
HIG,2023-01-19,74.69000244140625,74.94000244140625,73.44000244140625,74.30999755859375,2086800,73.44512176513672,0.0
HIG,2023-01-20,74.44000244140625,75.08999633789062,73.44999694824219,75.05000305175781,1454000,74.17650604248047,0.0
HIG,2023-01-23,75.0199966430664,76.52999877929688,74.87000274658203,76.12000274658203,1619200,75.23406219482422,0.0
HIG,2023-01-24,76.38999938964844,76.79000091552734,75.37000274658203,76.38999938964844,1266300,75.50090789794922,0.0
HIG,2023-01-25,76.13999938964844,77.31999969482422,76.13999938964844,77.08999633789062,1104000,76.19275665283203,0.0
HIG,2023-01-26,77.30000305175781,77.79000091552734,77.19000244140625,77.68000030517578,937500,76.7759017944336,0.0
HIG,2023-01-27,77.58000183105469,77.61000061035156,76.25,76.62999725341797,1269300,75.73812103271484,0.0
HIG,2023-01-30,76.51000213623047,77.33999633789062,76.25,76.55000305175781,1032400,75.6590576171875,0.0
HIG,2023-01-31,76.6500015258789,77.66000366210938,76.05000305175781,77.61000061035156,1576100,76.70671081542969,0.0
HIG,2023-02-01,76.83000183105469,77.41000366210938,75.38999938964844,76.02999877929688,2527800,75.14510345458984,0.0
HIG,2023-02-02,75.73999786376953,75.73999786376953,73.52999877929688,74.43000030517578,3060200,73.563720703125,0.0
HIG,2023-02-03,72.52999877929688,75.62000274658203,72.4000015258789,74.7699966430664,2943300,73.89976501464844,0.0
HIG,2023-02-06,74.7699966430664,75.2699966430664,74.30999755859375,75.23999786376953,2086500,74.36428833007812,0.0
HIG,2023-02-07,74.86000061035156,76.48999786376953,74.7300033569336,76.26000213623047,2083700,75.37242126464844,0.0
HIG,2023-02-08,76.0999984741211,77.1500015258789,75.9000015258789,76.2699966430664,1618000,75.3823013305664,0.0
HIG,2023-02-09,76.79000091552734,77.37000274658203,76.29000091552734,76.31999969482422,1354300,75.43172454833984,0.0
HIG,2023-02-10,76.2699966430664,77.29000091552734,76.2699966430664,77.20999908447266,1266000,76.31136322021484,0.0
HIG,2023-02-13,77.1500015258789,78.5,77.1500015258789,78.4800033569336,1255300,77.56658935546875,0.0
HIG,2023-02-14,78.3499984741211,78.62000274658203,77.16999816894531,77.58000183105469,1197300,76.67707061767578,0.0
HIG,2023-02-15,77.36000061035156,77.87999725341797,77.06999969482422,77.80000305175781,1041000,76.89450073242188,0.0
HIG,2023-02-16,77.51000213623047,78.02999877929688,77.37999725341797,77.48999786376953,1026400,76.58810424804688,0.0
HIG,2023-02-17,77.5,78.80999755859375,77.36000061035156,78.44999694824219,4548000,77.53693389892578,0.0
HIG,2023-02-21,78.0999984741211,78.37999725341797,76.94000244140625,77.37999725341797,1540600,76.4793930053711,0.0
HIG,2023-02-22,76.79000091552734,77.95999908447266,76.69999694824219,77.1500015258789,1701200,76.25206756591797,0.0
HIG,2023-02-23,77.41000366210938,78.05000305175781,76.66000366210938,77.20999908447266,1158600,76.31136322021484,0.0
HIG,2023-02-24,76.94999694824219,78.06999969482422,76.58000183105469,77.97000122070312,1216100,77.06253051757812,0.0
HIG,2023-02-27,78.37999725341797,78.81999969482422,77.6500015258789,77.83999633789062,1259500,76.93403625488281,0.0
HIG,2023-02-28,78.1500015258789,78.5999984741211,77.94000244140625,78.27999877929688,3092200,77.3689193725586,0.0
HIG,2023-03-01,77.69000244140625,78.52999877929688,77.25,77.54000091552734,3141600,76.63752746582031,0.0
HIG,2023-03-02,77.37999725341797,77.56999969482422,76.55000305175781,77.3499984741211,1654100,76.44973754882812,0.0
HIG,2023-03-03,76.94000244140625,77.58000183105469,76.3499984741211,77.51000213623047,1434900,77.0311279296875,0.425
HIG,2023-03-06,77.58999633789062,78.4000015258789,77.43000030517578,77.7300033569336,1962300,77.24977111816406,0.0
HIG,2023-03-07,77.83999633789062,77.83999633789062,75.16000366210938,75.19000244140625,1688600,74.7254638671875,0.0
HIG,2023-03-08,75.41999816894531,75.69999694824219,72.95999908447266,73.66000366210938,2250200,73.20491790771484,0.0
HIG,2023-03-09,73.93000030517578,73.93000030517578,71.63999938964844,72.08000183105469,1772100,71.63467407226562,0.0
HIG,2023-03-10,71.33999633789062,72.05999755859375,69.93000030517578,70.19999694824219,2450300,69.76628875732422,0.0
HIG,2023-03-13,68.70999908447266,68.83999633789062,66.5,67.0,4380000,66.5860595703125,0.0
HIG,2023-03-14,68.91000366210938,68.98999786376953,67.5,68.2300033569336,4318300,67.80846405029297,0.0
HIG,2023-03-15,65.88999938964844,66.45999908447266,64.25,65.33000183105469,3265300,64.92637634277344,0.0
HIG,2023-03-16,64.91999816894531,68.6500015258789,64.33000183105469,68.62000274658203,4493500,68.19605255126953,0.0
HIG,2023-03-17,67.26000213623047,67.88999938964844,65.44000244140625,65.72000122070312,18303400,65.31397247314453,0.0
HIG,2023-03-20,66.48999786376953,67.73999786376953,66.36000061035156,67.04000091552734,3574400,66.62581634521484,0.0
HIG,2023-03-21,68.63999938964844,69.86000061035156,68.41999816894531,69.55999755859375,2992000,69.13024139404297,0.0
HIG,2023-03-22,69.48999786376953,69.80000305175781,67.12000274658203,67.16000366210938,2242000,66.74507904052734,0.0
HIG,2023-03-23,66.98999786376953,67.22000122070312,64.91999816894531,65.79000091552734,2693700,65.38353729248047,0.0
HIG,2023-03-24,64.95999908447266,66.16999816894531,64.56999969482422,66.12000274658203,2150600,65.71150207519531,0.0
HIG,2023-03-27,67.47000122070312,67.73999786376953,66.63999938964844,66.77999877929688,1585700,66.36741638183594,0.0
HIG,2023-03-28,66.55999755859375,67.2300033569336,66.55999755859375,67.0,1197300,66.5860595703125,0.0
HIG,2023-03-29,69.66999816894531,69.76000213623047,68.4000015258789,69.58000183105469,2063300,69.1501235961914,0.0
HIG,2023-03-30,69.7699966430664,69.81999969482422,68.41999816894531,68.9000015258789,2183900,68.47432708740234,0.0
HIG,2023-03-31,69.66000366210938,69.81999969482422,69.05999755859375,69.69000244140625,1807100,69.25944519042969,0.0
HIG,2023-04-03,69.58000183105469,70.70999908447266,69.58000183105469,70.12000274658203,1512900,69.6867904663086,0.0
HIG,2023-04-04,70.91999816894531,71.0999984741211,68.22000122070312,69.05999755859375,1675700,68.63333129882812,0.0
HIG,2023-04-05,68.29000091552734,69.58999633789062,68.29000091552734,69.25,1646900,68.82215881347656,0.0
HIG,2023-04-06,69.55999755859375,70.26000213623047,69.33000183105469,69.86000061035156,1291600,69.42839050292969,0.0
HIG,2023-04-10,69.80000305175781,70.41000366210938,69.66000366210938,70.13999938964844,1443800,69.70665740966797,0.0
HIG,2023-04-11,70.36000061035156,71.38999938964844,70.12000274658203,70.58999633789062,1627800,70.15387725830078,0.0
HIG,2023-04-12,70.66000366210938,71.2699966430664,70.33000183105469,70.83999633789062,1341300,70.40233612060547,0.0
HIG,2023-04-13,70.0999984741211,70.9800033569336,69.7300033569336,70.83000183105469,1757100,70.39240264892578,0.0
HIG,2023-04-14,69.0,70.30000305175781,67.0199966430664,68.04000091552734,3591800,67.61963653564453,0.0
HIG,2023-04-17,67.9800033569336,69.62999725341797,67.38999938964844,69.38999938964844,2510200,68.96129608154297,0.0
HIG,2023-04-18,69.55000305175781,70.1500015258789,69.22000122070312,70.01000213623047,1441800,69.57746887207031,0.0
HIG,2023-04-19,70.31999969482422,71.0999984741211,70.08000183105469,70.69999694824219,2062400,70.26319885253906,0.0
HIG,2023-04-20,70.61000061035156,70.91999816894531,70.05999755859375,70.44000244140625,1339800,70.00480651855469,0.0
HIG,2023-04-21,70.11000061035156,70.16000366210938,68.7699966430664,69.54000091552734,1556300,69.11036682128906,0.0
HIG,2023-04-24,69.55000305175781,70.19000244140625,69.48999786376953,69.87999725341797,1038200,69.4482650756836,0.0
HIG,2023-04-25,69.22000122070312,69.7699966430664,68.91999816894531,69.08999633789062,1430500,68.66314697265625,0.0
HIG,2023-04-26,68.69999694824219,69.62999725341797,68.08999633789062,68.47000122070312,1607100,68.04698181152344,0.0
HIG,2023-04-27,68.76000213623047,70.06999969482422,68.69000244140625,69.91000366210938,1786400,69.47808837890625,0.0
HIG,2023-04-28,69.58000183105469,71.31999969482422,69.58000183105469,70.98999786376953,1737300,70.55140686035156,0.0
HIG,2023-05-01,70.8499984741211,72.0,70.68000030517578,71.27999877929688,1706800,70.83961486816406,0.0
HIG,2023-05-02,70.93000030517578,70.93000030517578,68.69000244140625,70.51000213623047,1809600,70.07437896728516,0.0
HIG,2023-05-03,71.08000183105469,71.13999938964844,69.31999969482422,69.33999633789062,1739700,68.9115982055664,0.0
HIG,2023-05-04,68.73999786376953,69.02999877929688,67.05000305175781,68.22000122070312,2303300,67.79852294921875,0.0
HIG,2023-05-05,69.38999938964844,70.48999786376953,69.04000091552734,69.7300033569336,1455300,69.2991943359375,0.0
HIG,2023-05-08,70.25,70.62999725341797,69.83000183105469,70.44000244140625,1433400,70.00480651855469,0.0
HIG,2023-05-09,70.05000305175781,71.06999969482422,69.93000030517578,70.44999694824219,1309900,70.01473999023438,0.0
HIG,2023-05-10,70.66000366210938,70.86000061035156,69.43000030517578,69.87999725341797,1180200,69.4482650756836,0.0
HIG,2023-05-11,69.3499984741211,69.88999938964844,69.18000030517578,69.87000274658203,1096100,69.4383316040039,0.0
HIG,2023-05-12,70.23999786376953,70.5999984741211,68.91999816894531,69.5199966430664,1213200,69.09048461914062,0.0
HIG,2023-05-15,69.72000122070312,70.25,69.30000305175781,70.20999908447266,1301000,69.77622985839844,0.0
HIG,2023-05-16,70.19999694824219,70.25,69.30000305175781,69.54000091552734,1301600,69.11036682128906,0.0
HIG,2023-05-17,70.12000274658203,70.88999938964844,69.51000213623047,70.29000091552734,2292400,69.8557357788086,0.0
HIG,2023-05-18,70.43000030517578,71.51000213623047,69.87000274658203,71.37999725341797,1375900,70.93899536132812,0.0
HIG,2023-05-19,71.93000030517578,72.0,70.81999969482422,71.2300033569336,3294100,70.78993225097656,0.0
HIG,2023-05-22,71.16999816894531,71.5999984741211,70.30000305175781,70.91999816894531,1553500,70.48184204101562,0.0
HIG,2023-05-23,71.05999755859375,71.9800033569336,70.9800033569336,71.06999969482422,1826800,70.63091278076172,0.0
HIG,2023-05-24,71.04000091552734,71.05999755859375,69.68000030517578,69.73999786376953,1591300,69.30912780761719,0.0
HIG,2023-05-25,69.3499984741211,69.55000305175781,68.26000213623047,68.6500015258789,2233200,68.22586822509766,0.0
HIG,2023-05-26,68.5999984741211,69.12999725341797,68.08000183105469,68.68000030517578,1381700,68.25568389892578,0.0
HIG,2023-05-30,68.73999786376953,69.20999908447266,68.19999694824219,68.79000091552734,1180400,68.36500549316406,0.0
HIG,2023-05-31,68.0,69.16000366210938,67.41999816894531,68.5199966430664,4532800,68.5199966430664,0.425
HIG,2023-06-01,68.72000122070312,69.13999938964844,68.33000183105469,68.88999938964844,1905000,68.88999938964844,0.0
HIG,2023-06-02,69.4800033569336,70.98999786376953,69.31999969482422,70.55000305175781,1530800,70.55000305175781,0.0
HIG,2023-06-05,70.5999984741211,70.66000366210938,69.79000091552734,69.94000244140625,1092500,69.94000244140625,0.0
HIG,2023-06-06,70.16000366210938,70.81999969482422,69.81999969482422,70.58999633789062,1212000,70.58999633789062,0.0
HIG,2023-06-07,70.83000183105469,72.0,70.37999725341797,71.7699966430664,1524000,71.7699966430664,0.0
HIG,2023-06-08,71.61000061035156,71.7699966430664,70.79000091552734,71.0,1695400,71.0,0.0
HIG,2023-06-09,70.83000183105469,71.79000091552734,70.62000274658203,71.31999969482422,1109100,71.31999969482422,0.0
HIG,2023-06-12,71.0999984741211,71.62000274658203,70.80999755859375,71.44000244140625,1428700,71.44000244140625,0.0
HIG,2023-06-13,71.55000305175781,72.48999786376953,71.43000030517578,71.66999816894531,1270800,71.66999816894531,0.0
HIG,2023-06-14,71.76000213623047,72.08999633789062,70.4800033569336,70.63999938964844,1879800,70.63999938964844,0.0
HIG,2023-06-15,70.5,71.38999938964844,70.33000183105469,71.05999755859375,1380700,71.05999755859375,0.0
HIG,2023-06-16,71.37999725341797,71.9800033569336,71.08000183105469,71.87999725341797,2609100,71.87999725341797,0.0
HIG,2023-06-20,71.37999725341797,71.6500015258789,70.52999877929688,70.5999984741211,2043700,70.5999984741211,0.0
HIG,2023-06-21,70.18000030517578,71.0199966430664,69.72000122070312,70.77999877929688,1722400,70.77999877929688,0.0
HIG,2023-06-22,71.02999877929688,71.02999877929688,69.69999694824219,70.0999984741211,1353400,70.0999984741211,0.0
HIG,2023-06-23,69.62000274658203,70.7300033569336,69.06999969482422,70.47000122070312,3072300,70.47000122070312,0.0
HIG,2023-06-26,70.5,70.9800033569336,69.70999908447266,70.31999969482422,1293500,70.31999969482422,0.0
HIG,2023-06-27,71.05000305175781,71.55999755859375,70.68000030517578,71.37999725341797,1455100,71.37999725341797,0.0
HIG,2023-06-28,71.37999725341797,71.37999725341797,70.06999969482422,70.27999877929688,1509100,70.27999877929688,0.0
HIG,2023-06-29,70.3499984741211,71.41000366210938,70.12000274658203,71.33000183105469,1128000,71.33000183105469,0.0
